аббревиатура	0011 0012 0032 0042 0050 0088 0097
абзац	0088 0090
абсолютно	0026 0030 0045 0067 0079
абсолютный	0006 0022 0045 0046 0084 0085 0089
абстрагировать	0092
абстрагироваться	0092
абстракной	0043
абстрактный	0001 0044 0050 0079
абстракция	0038 0043 0045 0046 0050 0051 0064 0079 0092 0094
аварийный	0050 0051 0064
аватар	0086
авг	0027 0044 0045 0048 0054
август	0010 0076
аветисян	0094
авиабаза	0076
авиабилет	0008
авиакомпания	0008 0018
авокадо	0086
авто	0003 0092
автобус	0008
автогенерировать	0021
автодополнение	0087 0098
автозавершение	0088
автозагрузка	0087
автозапуск	0092
автокодировщик	0071
автокомплита	0001
автоконфигурация	0046 0051
автокредит	0003
автологирование	0087
автомат	0035 0062
автоматизация	0005 0007 0008 0011 0015 0018 0027 0032 0035 0039 0042 0047 0048 0051 0052 0059 0068 0075 0080 0087 0095
автоматизирование	0035
автоматизированный	0004 0007 0035 0042 0070 0086 0087 0090
автоматизировать	0011 0015 0025 0027 0032 0035 0039 0047 0051 0068 0076 0079 0083 0087 0095 0098
автоматизироваться	0015 0100
автоматически	0001 0003 0024 0028 0031 0035 0036 0037 0038 0039 0040 0042 0045 0046 0047 0048 0050 0051 0052 0054 0059 0060 0062 0063 0064 0068 0069 0076 0077 0084 0087 0091 0095 0098 0099 0100
автоматический	0002 0003 0005 0008 0018 0025 0029 0033 0035 0036 0040 0045 0047 0048 0059 0061 0062 0068 0069 0070 0074 0075 0079 0080 0083 0086 0087 0090 0095
автомеханик	0076
автомобиль	0001 0002 0003 0008 0033 0050 0068 0072 0083 0089 0093
автономизация	0018
автономия	0009 0083
автономно	0015 0100
автономность	0002 0033 0076
автономный	0001 0002 0004 0018 0033 0051 0065 0068 0076 0079 0083 0092
автопилот	0089
автопилотировать	0093
автор	0001 0002 0003 0004 0005 0006 0007 0008 0009 0010 0011 0012 0013 0014 0015 0016 0017 0018 0019 0020 0021 0022 0023 0024 0025 0026 0027 0028 0029 0030 0031 0032 0033 0034 0035 0036 0037 0038 0039 0040 0041 0042 0043 0044 0045 0046 0047 0048 0049 0050 0051 0052 0053 0054 0055 0056 0057 0058 0059 0060 0061 0062 0063 0064 0065 0066 0067 0068 0069 0070 0071 0072 0073 0074 0075 0076 0077 0078 0079 0080 0081 0082 0083 0084 0085 0086 0087 0088 0089 0090 0091 0092 0093 0094 0095 0096 0097 0098 0099 0100
авторизация	0030 0035 0051 0091 0095 0096
авторизовать	0051
авторитарный	0015
авторский	0001 0002 0003 0004 0005 0006 0007 0008 0009 0010 0011 0012 0013 0014 0015 0016 0017 0018 0019 0020 0021 0022 0023 0024 0025 0026 0027 0028 0029 0030 0031 0032 0033 0034 0035 0036 0037 0038 0039 0040 0041 0042 0043 0044 0045 0046 0047 0048 0049 0050 0051 0052 0053 0054 0055 0056 0057 0058 0059 0060 0061 0062 0063 0064 0065 0066 0067 0068 0069 0070 0071 0072 0073 0074 0075 0076 0077 0078 0079 0080 0081 0082 0083 0084 0085 0086 0087 0088 0089 0090 0091 0092 0093 0094 0095 0096 0097 0098 0099 0100
авторство	0077
автоскейлера	0045
автотест	0035 0062
автотранскрибация	0087
ага	0060 0096
агент	0001 0012 0013 0015 0018 0020 0023 0027 0030 0038 0048 0051 0064 0067 0074 0076 0084 0087 0089 0091 0100
агентный	0087
агентский	0020
агентство	0011 0032 0076
агитатор	0026
агрегат	0005 0051 0099
агрегатор	0051
агрегация	0005 0042 0050
агрегирование	0042 0051
агрегированный	0005 0009 0018 0075
агрегировать	0051
агрессивно	0020
агрессивный	0005
агрессия	0076
ад	0005
адам	0036
адаптация	0001 0005 0008 0013 0015 0018 0030 0047 0061 0068 0074 0083 0094
адаптер	0002 0005 0033 0050 0051 0070
адаптивность	0015 0051
адаптивный	0015 0018 0090
адаптировать	0006 0007 0011 0032 0036 0047 0076 0083 0092 0093
адаптироваться	0001 0015 0042 0047 0050 0061 0068 0072 0076 0083 0089
адвокатский	0015
аддитивный	0005
адекватно	0021
адекватный	0045 0067
аденозина	0023 0090
админ	0039 0100
административный	0012 0026 0051 0069 0079 0096
администратор	0010 0012 0035 0039 0041 0042 0047 0050 0051 0053 0055 0063 0064 0095
администрирование	0002 0005 0010 0029 0033 0042 0047 0048 0056 0063 0070 0073 0074 0080 0088 0096
админк	0001
админовый	0029 0056 0063 0070 0080
адрес	0010 0011 0012 0013 0016 0021 0032 0038 0041 0045 0049 0050 0051 0055 0056 0059 0060 0063 0064 0069 0073 0075 0095 0097 0098
адресат	0051
адресация	0041 0049 0050 0051
адресный	0051 0064
аж	0045
ажиотаж	0094
ажиотажный	0089
азот	0022
ай	0027
айгуль	0003
айри	0061
айсберг	0007
айти	0069
айтишка	0027
айтишник	0027
айтишный	0027
айфон	0039
академический	0067
академия	0024
аккаунт	0001 0002 0003 0004 0005 0006 0007 0008 0009 0010 0011 0012 0013 0014 0015 0016 0017 0018 0019 0020 0021 0022 0023 0024 0025 0026 0027 0028 0029 0030 0031 0032 0033 0034 0035 0036 0037 0038 0039 0040 0041 0042 0043 0044 0045 0046 0047 0048 0049 0050 0051 0052 0053 0054 0055 0056 0057 0058 0059 0060 0061 0062 0063 0064 0065 0066 0067 0068 0069 0070 0071 0072 0073 0074 0075 0076 0077 0078 0079 0080 0081 0082 0083 0084 0085 0086 0087 0088 0089 0090 0091 0092 0093 0094 0095 0096 0097 0098 0099 0100
аккредитация	0004
аккредитовать	0004
аккредитоваться	0004
аккумулировать	0054
аккумулятивный	0075
аккумулятор	0008
аккурат	0057
аккуратно	0013 0016 0027 0045
аккуратность	0061 0092
аккуратный	0049 0051 0061 0097
аксессуар	0013
акт	0003 0034 0090
актив	0003 0017 0027 0053
активация	0036 0051 0071 0085
активировать	0010 0034 0063 0074 0087 0092
активироваться	0051
активно	0005 0013 0015 0020 0035 0051 0053 0061 0062 0068 0070 0071 0074 0083 0087 0089
активность	0012 0022 0023 0034 0047 0057 0070
активный	0002 0010 0016 0017 0023 0033 0042 0045 0048 0051 0059 0062 0070 0074 0079 0081 0088 0099
актриса	0019
актуально	0020 0061 0069 0094
актуальность	0079 0083
актуальный	0002 0005 0020 0027 0033 0035 0045 0046 0051 0060 0064 0070 0079 0090
актёр	0019
акустик	0013
акцент	0011 0032 0037 0067 0075 0088
акцентирование	0083
акционер	0006
акционерный	0034
акционный	0011 0032
акция	0004 0006 0018 0020 0034 0076
алан	0083 0089
алгебра	0067 0075
алгоритм	0009 0011 0013 0018 0021 0029 0032 0036 0040 0043 0049 0050 0051 0052 0054 0057 0061 0067 0068 0071 0072 0075 0076 0078 0083 0085 0086 0089 0093 0094 0097
алгоритмически	0036
алгоритмический	0018 0036 0067 0076
алготрейдинг	0018
алекс	0030
александр	0035 0036 0038 0048 0064 0076
алексеев	0075
алексей	0067 0083
алерот	0005
алерт	0005
алиас	0069
алименты	0003
алиса	0020 0085
алиэкспресс	0013
алкоголь	0023
аллен	0083
аллитерация	0011 0032
аллокация	0017 0060
аллоцировать	0017
алфавит	0050
алфавитный	0050
альберт	0082
альтернатива	0002 0005 0013 0030 0033 0045 0046 0050 0051 0053 0061 0067 0070 0074 0077 0087
альтернативный	0005 0014 0018 0046 0048 0051 0057 0060 0061 0067 0094 0097
альтман	0019
альцгеймер	0015 0023 0076
алюминиевый	0002 0033
алюминий	0002 0013 0033
аляска	0076
алёрот	0035
ама	0038
аманда	0086
амбиция	0013 0076
америка	0076
американец	0076 0083
американский	0011 0019 0032 0039 0076
ами	0038 0096
амнезия	0009
амодея	0001 0015
амортизация	0034
амортизированный	0049
анализ	0005 0009 0012 0013 0015 0017 0018 0021 0025 0034 0036 0039 0042 0045 0048 0050 0051 0052 0054 0061 0062 0067 0068 0070 0072 0075 0076 0078 0083 0086 0087 0089 0093 0094 0098
анализатор	0088 0092
анализировать	0012 0013 0018 0021 0035 0039 0044 0051 0067 0068 0071 0072 0076 0083 0089
аналитик	0001 0005 0018 0020 0021 0027 0035 0051 0067 0076 0087 0089 0097
аналитика	0001 0005 0009 0013 0015 0018 0021 0026 0027 0034 0062 0087 0089
аналитически	0036
аналитический	0005 0018 0072 0086 0087 0089
аналог	0002 0005 0033 0036 0042 0045 0050 0052 0062 0082 0095 0096
аналогично	0036 0042 0044 0045 0049 0050 0051 0064 0071 0089 0095 0096 0097
аналогичный	0003 0005 0012 0016 0025 0027 0038 0051 0063 0064 0067 0071 0074 0092
аналогия	0001 0008 0036 0042 0045 0063 0065 0075 0079 0080 0096
аналоговый	0013 0094
анамнез	0023 0075
анатолий	0046
анатомия	0017
анб	0076
англ	0086 0088
английски	0067 0095
английский	0011 0027 0032 0036 0053 0067 0074 0083 0087 0088 0092 0093
англоязычный	0067 0071
андрей	0027 0036 0047 0077 0093 0100
анекдот	0027
анимация	0030 0044
анимировать	0067
анкета	0075
анна	0052
аннотация	0044 0045 0050 0052 0055 0061 0064 0088
аннотировать	0025
аннулировать	0004
анодирование	0013
аномалия	0003 0005 0018 0075 0089
аномальный	0012 0046
анонимизировать	0089
анонимность	0070
анонимный	0050 0055
анонс	0049 0052 0060
анонсирование	0038
анонсировать	0050 0100
анонсироваться	0096
ансамблевый	0018 0097
ансамбль	0067 0075 0078
ансибла	0039
антагонист	0076
антибликовый	0002 0033
антивирус	0059
антон	0044
ап	0027
апгрейд	0047
апдейт	0061 0095
апельсин	0050 0086
апликейшн	0035
апокалипсис	0076
аполлон	0076
апостроф	0084
аппарат	0067
аппаратный	0002 0008 0033 0047 0051 0061 0065 0070 0079 0092
аппетит	0018 0034 0095
аппка	0045
апр	0039 0064 0071 0075 0078 0079
апрель	0004 0029 0055 0061 0076 0095
апсерот	0005
аргумент	0011 0015 0016 0023 0032 0035 0043 0044 0050 0051 0052 0058 0059 0061 0065 0069 0076 0084 0090 0093 0095 0097 0098
аргументация	0035
ареал	0023
аренда	0008 0051 0059 0087
арендатор	0051
арендовать	0008 0010
аритмия	0023
арифметика	0060 0099
арифметический	0015 0049 0051 0052 0098
арка	0022
армия	0004 0076
аррениус	0076
арсенал	0018 0039 0076
арт	0036
артериальный	0023 0075
артефакт	0009 0012 0035 0045 0069
артифакт	0035
артур	0089
артём	0065 0072
аругмент	0084
архаика	0061
архангельский	0034
архив	0003 0005 0012 0016 0026 0040 0056 0061 0066 0070 0084 0095 0098
архиватор	0061
архивирование	0005
архивный	0005
архипов	0044
архитектор	0001 0002 0017 0033 0040 0042 0061 0074
архитектура	0001 0002 0005 0008 0009 0017 0018 0030 0033 0035 0036 0037 0038 0042 0045 0047 0048 0050 0051 0061 0063 0064 0065 0066 0067 0069 0070 0072 0074 0076 0087 0092 0093 0094 0095
архитектурный	0035 0061 0074 0092
асильбек	0039
асинхронный	0025 0037 0045 0087
аск	0003
аскелла	0086
аспект	0022 0026 0035 0050 0051 0053 0054 0064 0067 0068 0070 0075 0083 0095
аспирант	0015
ассистент	0001 0007 0009 0019 0030 0047 0048 0068 0074 0100
ассортимент	0011 0032
ассоциативный	0050 0052
ассоциация	0047 0050
ассоциирование	0062
ассоциировать	0036 0062
ассоциироваться	0011 0032 0061
астр	0047
астроном	0022
астрономический	0022
астрономия	0022 0075
атака	0012 0016 0017 0034 0051 0076 0079 0100
атаковать	0017 0076
атмосфера	0022 0027 0076
атомарность	0050
атомарный	0001 0050 0051 0070
атомный	0076
атомщик	0076
атрибут	0025 0036 0040 0044 0050 0060 0061 0063 0064 0071 0079 0080 0083 0089 0096
атрофироваться	0009
аттрибут	0044
аудио	0013 0072 0087
аудиобейдж	0013
аудиоподкаст	0020
аудиофайл	0013
аудит	0005 0013 0017 0048 0051 0070 0083 0091 0099
аудитор	0017
аудитория	0001 0011 0024 0032 0047 0070 0076
аусна	0004
аутентификация	0001 0012 0016 0045 0051 0056 0076 0087 0100
аутентифицироваться	0091
аутентичность	0086
аутсорсинговый	0012
ах	0045
ахо	0029
ашенбреннер	0076
аэропорт	0010 0076
бабло	0067
бабушка	0082
баг	0001 0009 0017 0018 0030 0035 0047 0052 0060 0061 0062 0095 0099
багаж	0027
багфикс	0061
багхантера	0016
багхантинг	0016
бадди	0039
база	0003 0005 0007 0009 0010 0012 0013 0018 0019 0020 0035 0036 0041 0045 0046 0047 0050 0051 0055 0056 0059 0060 0062 0063 0064 0065 0067 0069 0070 0071 0072 0074 0075 0076 0084 0087 0088 0089 0091 0092 0095 0096 0099 0100
баздырев	0013
базироваться	0046 0050 0075 0083
базис	0067
базисный	0075
базовый	0002 0005 0008 0011 0012 0013 0015 0027 0032 0033 0036 0040 0044 0048 0050 0051 0052 0053 0054 0055 0059 0061 0062 0065 0067 0070 0071 0072 0074 0075 0076 0079 0082 0084 0085 0087 0088 0089 0092 0093 0095 0098 0100
байес	0075
байесовский	0075 0078 0094
байесовый	0009
байт	0040 0044 0045 0049 0050 0058 0060 0099
байткод	0017 0044 0050 0061
байтовый	0057
бакалавр	0010
бакалавриат	0010
бакета	0005 0049
бактерия	0076
балакин	0020
баланс	0003 0017 0070 0087
балансировать	0038 0039 0064
балансировка	0038 0045 0047 0051 0059 0064
балансировщик	0038 0042 0045 0047 0051
балет	0039
балл	0009 0051 0075 0076
баловаться	0045
бальзамический	0086
бан	0052
банально	0021 0077 0091
банальность	0001
банальный	0034 0090
банан	0052 0086
бандлый	0030
банк	0003 0006 0008 0010 0013 0014 0018 0020 0027 0030 0034 0057 0075 0076 0086 0089
банкет	0034
банковский	0027 0028 0031 0075 0089
банкротиться	0010
баннер	0010 0075
баночка	0086
барбара	0050
барбершоп	0011 0032
бардак	0034
баржа	0079
барист	0013
барьер	0005 0015 0020 0035 0051 0076 0089
баскетбольный	0082
батарейка	0052 0057
батарея	0002 0013 0033 0076
батхереть	0027
батч	0005 0008 0009 0036 0082
батчами	0099
батчев	0005
батчевой	0005
батчевыя	0005
батчинга	0005 0082
бауманка	0013
бд	0010 0035 0037 0045 0046 0051 0063 0065 0087 0091 0099
беглый	0088
беда	0006 0063
бедствие	0052
бежать	0020 0030 0039 0040 0076
безболезненно	0092
безболезненный	0005
безвкусный	0086
безвозмездно	0024
безвредный	0076
безграничный	0049
бездомный	0095
бездумно	0035
бездумный	0090
беззнаковый	0025 0050
безлимит	0026
безмерно	0053
безобидный	0017 0076 0086
безопасник	0091
безопасно	0003 0042 0050 0051 0061 0064 0084 0091
безопасность	0005 0008 0010 0012 0013 0014 0015 0016 0017 0021 0026 0028 0031 0035 0041 0042 0047 0048 0050 0051 0056 0059 0061 0068 0070 0074 0076 0079 0080 0087 0088 0091 0100
безопасный	0015 0027 0030 0037 0045 0048 0050 0051 0052 0061 0068 0070 0076 0079 0083 0084 0091 0095
безосновательный	0019
безответственный	0010
безотказный	0051
безошибочный	0083
безработица	0076 0083
безрассудный	0076
безумно	0015
безупречно	0018 0045
безусловно	0023 0035 0093 0094
безусловный	0044
безуспешно	0012
бейдж	0013
бейджик	0091
бейзлайн	0030
бейзлайна	0067
бекенд	0038
бекон	0086
бел	0011 0032
беларусь	0011 0032 0077
белеберда	0071
белка	0076
белок	0076
белорус	0011 0032
белорусский	0011 0032
белые	0086
белый	0001 0003 0022 0076
бенджи	0034
бенефита	0027
бенчмарка	0001 0046 0048 0076 0089
бенчмаркинг	0076
берег	0076
беременность	0003
берет	0003
беркмана	0086
бернерс	0094
беседа	0015 0086
бесить	0030
бесконечно	0015 0037 0086
бесконечность	0036 0079
бесконечный	0030 0051 0052 0061 0084 0086
бесперебойный	0047 0051
беспилотник	0076
беспилотный	0089
бесплатно	0001 0020 0045 0053 0055 0067 0087 0095
бесплатность	0057
бесплатный	0009 0011 0015 0018 0020 0032 0034 0039 0049 0055 0057 0061 0067 0079 0095
бесплотный	0086
беспокоить	0019 0039 0071
беспокоиться	0051 0055 0076 0086
бесполезный	0021 0025 0039 0052 0067 0076 0077 0083 0088 0094
беспомощный	0015 0072
беспрепятственно	0051
беспрепятственный	0051
беспрерывно	0039
беспроводный	0002 0033 0051
беспросветный	0027
бессильный	0075 0100
бессмертный	0060
бессмысленно	0053
бессмысленный	0011 0021 0032 0090
бессмыслица	0011 0032
бессонный	0076
бессрочно	0026
бессрочный	0053
бестселлер	0088
бесхозный	0069
бесчисленный	0027
бесшовный	0005 0030
бесшумный	0002 0033
бетельгейза	0022
бетономешалка	0076
библиотека	0008 0021 0025 0030 0035 0036 0040 0042 0045 0046 0050 0051 0052 0055 0061 0065 0066 0067 0069 0070 0071 0074 0078 0079 0085 0091 0092 0095 0097 0098
библиотечный	0050
библия	0088
биграмм	0036
бигтех	0006 0034
бизнес	0001 0002 0003 0004 0005 0006 0008 0009 0010 0011 0012 0013 0018 0027 0032 0033 0035 0038 0043 0047 0051 0060 0061 0062 0068 0072 0075 0076 0086 0087 0089 0099
бизнесмен	0013
билайн	0013
билд	0091 0095
билет	0003 0012 0057 0069 0089
билетик	0057
биллинга	0099
бинарник	0035 0038 0061 0066 0092
бинарный	0044 0050 0057 0061 0068 0070 0071 0075 0095 0098 0099
биологический	0015 0068 0076
биология	0023 0054 0075 0076
бионаука	0076
биосфера	0076
биотехнологический	0076
биоубежище	0076
биоформа	0076
биржа	0006
биржевой	0039
биткоина	0018
битный	0049 0050 0051 0061
битов	0050 0051
битовый	0049
битрейт	0087
битрикс	0087
битый	0008 0041 0049 0050 0051
бить	0001 0015 0039 0052 0076
биться	0007 0076
бихевиоризм	0089
бич	0018
бишоп	0034
благо	0045 0063 0082
благоговение	0076
благодарить	0088 0093
благодарность	0039 0055 0087
благодаря	0001 0002 0003 0004 0005 0006 0007 0008 0009 0010 0011 0012 0013 0014 0015 0016 0017 0018 0019 0020 0021 0022 0023 0024 0025 0026 0027 0028 0029 0030 0031 0032 0033 0034 0035 0036 0037 0038 0039 0040 0041 0042 0043 0044 0045 0046 0047 0048 0049 0050 0051 0052 0053 0054 0055 0056 0057 0058 0059 0060 0061 0062 0063 0064 0065 0066 0067 0068 0069 0070 0071 0072 0073 0074 0075 0076 0077 0078 0079 0080 0081 0082 0083 0084 0085 0086 0087 0088 0089 0090 0091 0092 0093 0094 0095 0096 0097 0098 0099 0100
благоприятный	0054
благородно	0094
благословенный	0036
блаженный	0076
блейзер	0086
блендинга	0078
блестящий	0049
близкие	0015
близкий	0001 0002 0005 0006 0011 0015 0021 0022 0027 0032 0033 0034 0036 0038 0042 0045 0051 0055 0061 0069 0070 0071 0075 0076 0078 0083 0086 0087 0089 0090 0092 0093 0096
близко	0015 0021 0051 0057 0067 0083 0087 0093
близлежащий	0071
близость	0090
блин	0027
блог	0001 0002 0003 0004 0005 0006 0007 0008 0009 0010 0011 0012 0013 0014 0015 0016 0017 0018 0019 0020 0021 0022 0023 0024 0025 0026 0027 0028 0029 0030 0031 0032 0033 0034 0035 0036 0037 0038 0039 0040 0041 0042 0043 0044 0045 0046 0047 0048 0049 0050 0051 0052 0053 0054 0055 0056 0057 0058 0059 0060 0061 0062 0063 0064 0065 0066 0067 0068 0069 0070 0071 0072 0073 0074 0075 0076 0077 0078 0079 0080 0081 0082 0083 0084 0085 0086 0087 0088 0089 0090 0091 0092 0093 0094 0095 0096 0097 0098 0099 0100
блогер	0076
блок	0008 0013 0016 0017 0021 0025 0035 0036 0037 0049 0050 0051 0052 0059 0060 0071 0076 0079 0085 0086 0092 0093 0096 0097 0098
блокирование	0010
блокировать	0003 0008 0014 0017 0023 0037 0046 0050 0052 0059 0090 0099
блокироваться	0037 0046 0050
блокировка	0002 0003 0005 0033 0037 0050 0051 0099
блокчейн	0006 0017
блочный	0051 0096
блэк	0053
блюдо	0008 0086
боб	0085 0086
бог	0071 0076
богатство	0057
богатый	0001 0002 0011 0015 0032 0033 0037
богдан	0085
богданович	0042
богоподобный	0076
бодрый	0013 0086
боевой	0076 0091
боеприпас	0076
бойер	0029
бок	0067 0076
боковой	0074
боком	0027
болгарский	0086
болезненный	0076 0095
болезнь	0015 0023 0075 0076 0086
болеть	0003
болт	0076
болтать	0086
болтовня	0046
боль	0005 0007 0035 0048 0069 0075 0091 0096
больница	0023 0076
больничный	0003 0076
больной	0039 0075
больший	0002 0003 0005 0006 0008 0010 0011 0013 0015 0018 0021 0022 0023 0024 0025 0027 0030 0032 0033 0034 0035 0036 0037 0039 0040 0042 0045 0046 0047 0048 0049 0050 0051 0052 0055 0057 0061 0063 0064 0067 0068 0070 0071 0072 0074 0076 0081 0082 0083 0084 0085 0086 0087 0088 0089 0092 0093 0094 0095 0099
большинство	0001 0003 0005 0006 0008 0009 0015 0016 0018 0021 0022 0025 0027 0041 0042 0045 0046 0050 0051 0052 0053 0058 0060 0061 0066 0067 0069 0070 0072 0074 0075 0076 0082 0083 0086 0087 0088 0089 0093 0095 0097 0099
большой	0002 0005 0006 0009 0010 0011 0013 0015 0021 0022 0025 0027 0032 0033 0034 0035 0036 0037 0038 0039 0042 0045 0047 0050 0051 0052 0055 0058 0061 0064 0067 0068 0071 0073 0075 0076 0082 0087 0088 0089 0093 0094 0095 0099
бомба	0099
бомж	0034
бонус	0002 0003 0033 0034 0052 0057
борг	0009
борд	0062
борис	0052
бороться	0045 0050 0071 0083 0089
борт	0036 0052 0076 0092 0100
борьба	0005 0027 0050 0076 0094
босс	0052 0076
бостон	0089 0097
бот	0001 0006 0014 0015 0018 0019 0020 0036 0052 0074 0076 0083 0086 0087 0089
ботинок	0041
бояться	0003 0035 0039 0067 0076 0088 0097
брак	0027
брандмауэр	0008
братия	0039
брать	0002 0003 0004 0005 0009 0010 0013 0017 0018 0021 0027 0033 0034 0036 0045 0049 0052 0053 0060 0061 0067 0071 0073 0075 0076 0083 0085 0086 0091 0095 0096 0100
браться	0045 0061 0063 0075 0095
браузер	0002 0010 0012 0016 0030 0033 0051 0052 0053 0059 0063 0065 0067 0074 0076 0085 0090 0095
бремя	0086
бренд	0002 0003 0011 0013 0027 0032 0033 0047 0055 0092
брендопригодность	0011 0032
брендопригодный	0011 0032
бригхэма	0023
британский	0022
бровь	0076
бродить	0076
брокер	0006 0034 0065
брокерский	0006 0039
брокколи	0086
броневик	0008
бронирование	0008
броня	0003
бросание	0086
бросать	0018 0039 0040 0050 0067 0082
бросаться	0050 0076
бросить	0006 0040 0050
броситься	0006 0011 0032
бросок	0021 0045 0082
брут	0079
брэндинга	0055
брюер	0051
брюки	0086
бстрактный	0050
бт	0035
бубен	0092
бубнить	0036
будни	0086
будний	0053
буднично	0001
будущее	0001 0005 0006 0008 0015 0023 0025 0030 0038 0039 0045 0047 0050 0051 0052 0053 0055 0057 0061 0063 0067 0068 0076 0078 0083 0086 0088 0089 0090
будущий	0010 0025 0039 0042 0049 0051 0054 0060 0061 0068 0070 0076 0089 0097
буква	0011 0032 0036 0050 0052 0060 0071 0096
буквально	0006 0027 0036 0057
буквальный	0083 0093
букет	0061
буклет	0001
буковка	0026
булев	0054 0057 0060 0098
бум	0072 0075 0083
бумага	0006 0015 0024 0026 0075 0085
бумажка	0003 0026
бумажный	0026 0076
бурмистров	0064
бурный	0079
буря	0076
бустинг	0075 0078
бутовый	0027
бутстрэп	0009
бутылка	0076 0086
бутылочный	0008 0049 0071
буфер	0036 0051
буферизация	0050 0051 0061
буферы	0036
буханка	0086
бухгалтер	0002 0003 0015 0033
бухгалтерия	0003 0039
бухгалтерский	0003 0004 0015 0018
буш	0076
бывать	0001 0027 0045 0046 0059 0064 0067 0071 0082 0091 0095
бывший	0039 0054
былой	0053 0061
быстренько	0045 0053 0095
быстро	0001 0005 0006 0008 0015 0018 0021 0022 0026 0034 0040 0042 0045 0046 0047 0050 0051 0052 0053 0055 0057 0062 0063 0069 0074 0076 0077 0079 0085 0087 0090 0093 0095 0096 0100
быстродействие	0050 0061
быстроменяющийся	0042
быстрый	0001 0002 0005 0008 0009 0010 0011 0013 0015 0018 0021 0022 0028 0030 0031 0032 0033 0035 0036 0039 0040 0041 0044 0046 0047 0048 0049 0050 0051 0052 0055 0060 0061 0062 0063 0067 0068 0070 0074 0076 0077 0079 0082 0086 0087 0095 0096 0097 0099
быть	0001 0003 0004 0011 0015 0017 0018 0021 0025 0026 0027 0032 0034 0035 0036 0037 0038 0039 0040 0041 0042 0043 0044 0045 0047 0048 0049 0050 0051 0052 0053 0055 0056 0057 0059 0060 0061 0063 0065 0067 0068 0069 0071 0072 0074 0075 0076 0079 0080 0082 0083 0084 0085 0086 0087 0088 0089 0090 0092 0093 0094 0095 0096 0097 0098 0099
бэггинга	0075 0078
бэкап	0026 0079 0087 0091
бэкграунд	0067
бэкдор	0035
бэкенд	0010 0030 0037 0042 0045 0048 0049 0051 0052 0057 0059 0060 0061 0063 0064 0065 0066 0069 0073 0074 0099
бэкендова	0038
бэкендом	0045 0063
бэкендёр	0037 0048 0049 0052 0057 0059 0060 0061 0064 0065 0066 0069 0073 0074 0099
бэклога	0067
бэкпорт	0061
бэктестинг	0018
бэкфилл	0005 0099
бэкэнд	0051 0065 0095
бюджет	0005 0027 0030 0036 0051 0076 0087
бюджетирование	0051
бюджетник	0002 0033
бюджетный	0002 0004 0008 0033 0087
бюрократический	0090
бюрократичный	0010
бюрократия	0076
вагон	0027
важно	0001 0004 0006 0008 0009 0010 0011 0013 0015 0018 0022 0023 0026 0027 0032 0034 0035 0036 0037 0038 0040 0041 0042 0043 0047 0048 0049 0050 0051 0052 0056 0060 0061 0062 0063 0067 0068 0069 0071 0072 0074 0079 0082 0092 0093 0095
важность	0039 0042 0076 0079 0089 0090 0097
важный	0002 0003 0005 0008 0009 0010 0012 0013 0015 0017 0021 0023 0026 0027 0033 0034 0035 0036 0037 0038 0039 0041 0042 0043 0047 0049 0050 0051 0052 0054 0056 0060 0061 0063 0067 0068 0069 0070 0071 0074 0076 0079 0082 0083 0086 0087 0089 0090 0094 0095 0096 0097 0100
вазелин	0027
вайб	0061
вайба	0001
вайбкодинг	0006
вайбкодить	0006
вакансия	0003 0005 0015 0027 0042 0053 0054 0067 0083
вакцина	0076
вакцинировать	0076
валеев	0044
валидатор	0017
валидация	0001 0043 0061 0063 0089 0099
валидировать	0005 0043 0061 0099
валидность	0099
валидный	0043 0051 0084
валюта	0011 0032
ванильный	0070
ванна	0027 0086
вариант	0003 0004 0005 0006 0007 0011 0013 0015 0019 0021 0030 0032 0034 0035 0036 0037 0038 0039 0042 0043 0045 0051 0052 0053 0055 0056 0057 0059 0067 0070 0071 0075 0076 0077 0084 0086 0087 0088 0090 0091 0092 0093 0095 0097 0098
вариативность	0082
вариться	0039 0052
варьировать	0011 0032
варьироваться	0009 0011 0022 0032 0042 0051 0083
ватт	0002 0033
вау	0020
вахтер	0027
ваш	0001 0002 0003 0004 0005 0006 0007 0008 0009 0010 0011 0012 0013 0014 0015 0016 0017 0018 0019 0020 0021 0022 0023 0024 0025 0026 0027 0028 0029 0030 0031 0032 0033 0034 0035 0036 0037 0038 0039 0040 0041 0042 0043 0044 0045 0046 0047 0048 0049 0050 0051 0052 0053 0054 0055 0056 0057 0058 0059 0060 0061 0062 0063 0064 0065 0066 0067 0068 0069 0070 0071 0072 0073 0074 0075 0076 0077 0078 0079 0080 0081 0082 0083 0084 0085 0086 0087 0088 0089 0090 0091 0092 0093 0094 0095 0096 0097 0098 0099 0100
вашингтон	0076
вблизи	0034 0086
ввверх	0034
введение	0041 0042 0046 0049 0052 0055 0060 0061 0067 0068 0071 0075 0085 0087 0088 0092 0093 0095
вверх	0001 0076
вверху	0026
ввести	0005 0010 0045 0050 0052 0058 0059 0060 0061 0062 0065 0067 0071 0088 0089 0093 0095
ввиду	0093
ввод	0002 0005 0016 0030 0033 0038 0046 0050 0051 0052 0053 0055 0061 0074 0087 0088 0097 0098 0100
вводить	0011 0012 0016 0025 0032 0045 0051 0052 0059 0060 0064 0076 0089 0095 0097 0099
вводиться	0004 0006 0083
вводный	0045 0067 0092
вглядываться	0045
вдаваться	0045 0093
вдалеке	0076
вдвое	0036
вдесятеро	0022
вдоль	0036
вдохновение	0030 0067 0089
вдохновить	0041 0061 0068 0072 0094
вдохновлять	0057 0068 0088
вдуматься	0053
вдумчивый	0076
вдыхать	0076
веб	0002 0009 0010 0012 0014 0016 0018 0025 0026 0030 0033 0036 0037 0039 0045 0046 0051 0054 0055 0061 0063 0064 0065 0074 0079 0091 0095 0096 0100
ведение	0004 0051 0062 0070 0072 0086
ведий	0042
ведомство	0010 0014
ведущий	0004 0019
вежливость	0013
вежливый	0013 0015 0018 0052 0086
везде	0005 0035 0050 0052 0060 0066 0067 0076 0084 0100
вездесущий	0076
везти	0013 0067
век	0001 0006 0022 0034 0061 0071 0083
вектор	0005 0016 0036 0067 0071 0075 0076 0078 0087
векторизация	0087
векторизовать	0036
векторный	0054 0061 0067 0074 0085 0087
вели	0025
великий	0076 0096
великолепный	0011 0032
величина	0022 0036 0075
велосипед	0036 0080
вендор	0001 0005 0074
вентилятор	0002 0033
вентиляционный	0002 0033
вентиляция	0051
венчурный	0018
вера	0005 0006 0090
верблюжий	0098
вердикт	0005
верить	0015 0027 0076 0083
верификация	0018
верифицировать	0018
верно	0005 0050 0052 0063 0077 0095
вернуть	0007 0039 0045 0046 0050 0051 0052 0057 0060 0062 0073 0086 0095
вернуться	0005 0015 0022 0027 0040 0050 0052 0053 0055 0063 0067 0079 0084 0085 0092 0093
верный	0015 0049 0052 0060 0076 0091 0094
вероятно	0015 0019 0021 0053 0055 0076 0082 0083 0089 0093
вероятностный	0009 0075 0094
вероятность	0012 0015 0017 0018 0021 0027 0034 0036 0045 0067 0068 0071 0075 0076 0089 0094
вероятный	0015 0036 0076 0083
версионирование	0035 0051 0061 0062
версионировать	0035 0048
версионность	0092
версия	0001 0002 0005 0008 0011 0012 0013 0015 0016 0017 0018 0020 0025 0029 0032 0033 0035 0036 0038 0039 0041 0042 0044 0045 0046 0047 0048 0049 0050 0051 0053 0055 0056 0059 0060 0061 0062 0063 0064 0065 0066 0067 0069 0070 0074 0076 0079 0080 0084 0086 0087 0088 0091 0093 0095 0096 0097 0098
вертикаль	0002 0033 0051
вертикально	0013 0079
вертикальный	0042 0051 0075
вертолёт	0027
верх	0044
верхнеуровневый	0035
верхний	0016 0021 0044 0045 0050 0052 0060 0076 0084 0095
верховный	0083
верхушка	0007
вершина	0040 0044 0061 0086
вес	0002 0008 0013 0022 0023 0033 0036 0071 0074 0075 0085 0093
веселие	0093
веселиться	0076
весело	0015
весить	0002 0021 0033 0084
веский	0015
весна	0034 0046
весовой	0021
вести	0001 0003 0011 0015 0032 0047 0050 0051 0055 0059 0060 0061 0072 0076 0086 0091
вестись	0021 0038 0061 0062 0089
весы	0008 0071 0085
весь	0003 0005 0006 0008 0010 0011 0012 0013 0015 0016 0017 0020 0021 0022 0026 0027 0032 0034 0035 0036 0037 0039 0040 0042 0045 0048 0050 0051 0052 0054 0056 0057 0060 0061 0062 0063 0064 0065 0066 0067 0069 0070 0071 0073 0074 0075 0076 0078 0079 0080 0082 0083 0084 0085 0086 0089 0090 0092 0093 0094 0095 0096
весьма	0027 0045 0057 0093 0096
весёлый	0076 0086
ветвление	0042
ветвь	0036
ветер	0022 0071 0076
ветка	0045 0061 0070 0088
веха	0067
вечер	0018 0053 0086
вечеринка	0015
вечерний	0086
вечером	0013 0052 0086
вечно	0026 0052 0067 0076
вечный	0013 0026 0046 0052 0076
вещатель	0076
вещественный	0075
вещество	0022
вещь	0001 0015 0026 0027 0034 0035 0036 0037 0038 0039 0041 0043 0044 0051 0052 0053 0055 0063 0067 0071 0076 0085 0086 0092 0093
вживую	0027
взаимный	0035
взаимодействие	0012 0016 0017 0022 0030 0035 0039 0041 0042 0043 0045 0046 0048 0050 0051 0061 0063 0064 0065 0068 0069 0074 0075 0079 0083 0086 0088 0089 0090 0092 0094 0095
взаимодействовать	0016 0039 0041 0050 0051 0063 0065 0068 0083 0086 0095
взаимозаменяемый	0055
взаимосвязанный	0075 0089
взаимосвязь	0042 0072 0082 0089 0093 0094 0097
взамен	0091 0092
взвесить	0036 0051 0085 0094
взвешенность	0051
взвешивание	0008
взвешивать	0083 0085
взгляд	0003 0004 0011 0015 0030 0032 0034 0035 0038 0041 0046 0057 0064 0067 0069 0075 0076 0083 0092 0093 0094
взглянуть	0021 0055 0058 0071 0081 0083 0088 0092 0093 0095
взимать	0061
взламывать	0076
взлететь	0076
взлом	0010 0017
взломать	0012 0017 0076
взлёт	0076 0095
взнос	0003 0004 0024
взор	0076
взорваться	0001 0099
взрослый	0067 0092
взрыв	0005 0015 0022 0034 0076 0086
взрываться	0076
взрывной	0075 0095
взрывоопасный	0076
взрывчатка	0076
взятие	0044 0049
взять	0003 0006 0010 0011 0016 0027 0032 0035 0043 0044 0045 0046 0051 0052 0053 0055 0057 0059 0066 0067 0071 0073 0074 0075 0083 0084 0085 0086 0087 0088 0089 0090 0092 0095 0100
взяться	0011 0032 0076 0088 0095
вид	0002 0004 0005 0012 0013 0015 0016 0021 0026 0028 0029 0030 0031 0033 0034 0035 0036 0039 0041 0042 0043 0044 0045 0046 0050 0051 0055 0056 0057 0059 0061 0062 0063 0064 0065 0070 0071 0072 0074 0075 0076 0077 0078 0079 0082 0083 0084 0085 0088 0089 0090 0091 0092 0093 0097 0098 0100
видение	0027 0061 0062 0089 0090
видео	0002 0007 0009 0020 0024 0030 0033 0036 0051 0053 0054 0067 0072 0076 0079 0084 0086 0087 0092 0093
видеоаватар	0086
видеоблогер	0002 0033
видеозвонок	0002 0033
видеокарта	0008 0066 0070
видеоконференция	0051
видеомонтаж	0002 0033
видеомонтажёр	0002 0033
видеопамять	0008
видеоролик	0067
видеосервис	0024
видеосообщение	0086
видеоускоритель	0092
видеть	0001 0002 0003 0005 0006 0010 0011 0013 0015 0016 0027 0032 0033 0034 0036 0037 0038 0039 0040 0041 0045 0048 0049 0050 0051 0052 0059 0060 0061 0063 0064 0067 0071 0073 0076 0082 0085 0088 0090 0091 0093 0095 0097
видимость	0011 0032 0050 0052 0060 0076 0090
видимый	0002 0022 0033 0082
видно	0003 0011 0030 0032 0034 0045 0059 0063 0064 0089 0095 0097
видный	0009 0013 0044 0045 0050 0084 0095
визионер	0089
визит	0013
визуализатор	0030
визуализация	0042 0051 0054 0064 0072 0075 0089 0093 0097
визуализировать	0044 0046 0051 0075 0097
визуально	0009 0059 0070
визуальный	0051 0087
википедия	0021 0051 0053 0095
виктор	0086 0088
вилы	0027
виндовыя	0039
винить	0027
вино	0075
виновный	0076
виртуализация	0005 0035 0047 0051 0079 0095
виртуализировать	0012
виртуалок	0002 0033
виртуальный	0002 0008 0010 0012 0013 0033 0035 0037 0039 0040 0041 0042 0044 0045 0046 0047 0050 0051 0055 0059 0061 0064 0065 0066 0068 0070 0076 0079 0088 0095
вирус	0015 0076
висеть	0052
виталий	0030 0040
витамин	0086
витать	0039
витрина	0005
вица	0024
вишенка	0027
вишинга	0012
вкаталог	0081
вкатун	0027
вкатываться	0067
вклад	0001 0007 0015 0036 0061 0069 0086 0094
вкладка	0002 0033 0059 0065
вкладывать	0006 0015
вкладываться	0076
включать	0008 0010 0011 0012 0019 0025 0032 0036 0038 0040 0041 0042 0050 0051 0055 0058 0059 0061 0065 0067 0068 0070 0071 0075 0078 0079 0084 0086 0087 0088 0092 0095 0098
включаться	0052 0056 0084
включая	0002 0003 0012 0016 0018 0021 0027 0033 0034 0041 0042 0050 0051 0052 0054 0055 0059 0061 0066 0067 0068 0069 0070 0075 0076 0079 0086 0088 0090
включение	0002 0004 0023 0033 0041 0051 0056 0057 0059 0061 0063 0074 0083 0092 0099
включительно	0034 0044 0060
включить	0004 0008 0027 0039 0041 0051 0056 0059 0061 0063 0064 0070 0074 0076 0080 0086 0088 0089
включиться	0004
вконтакте	0024 0062 0072 0086 0093
вкрапление	0002 0033
вкратце	0036 0065 0095
вкус	0015 0021 0070 0076 0096
вкусность	0055
влага	0086
влад	0024
владелец	0042 0051 0088
владение	0042 0087 0088 0092
владеть	0051 0076
владимир	0044 0076
влажность	0054
властитель	0086
власть	0014 0076
влево	0044 0049 0050
влезть	0008 0039
влететь	0013
влечь	0010 0051 0068
вливать	0034
вливаться	0034
влипать	0067
влияние	0004 0005 0009 0015 0036 0039 0042 0047 0050 0054 0068 0075 0076 0083 0094
влиятельный	0070 0083
влиять	0004 0005 0011 0015 0018 0032 0034 0035 0036 0037 0042 0046 0051 0052 0068 0070 0071 0079 0081 0084 0085 0086 0089 0096
вложение	0006 0011 0032 0072
вложенность	0062
вложить	0005 0009 0011 0013 0025 0032 0034 0044 0049 0050 0071 0084
вложиться	0006
влюбить	0027
влюбляться	0076
вм	0012 0035 0077
вменяемый	0071
вместе	0010 0013 0021 0025 0035 0036 0038 0039 0041 0042 0043 0049 0050 0051 0052 0058 0060 0061 0063 0068 0076 0083 0085 0086 0093 0095
вместить	0092
вместо	0002 0003 0005 0008 0015 0017 0030 0033 0035 0036 0037 0040 0041 0043 0044 0045 0046 0048 0049 0050 0051 0052 0055 0056 0059 0060 0061 0069 0075 0076 0079 0080 0082 0083 0084 0085 0089 0090 0093 0094 0095 0097 0098 0099
вмешательство	0035 0045 0051 0075 0083 0089
вмещать	0067 0099
вначале	0075 0095
вне	0006 0016 0022 0027 0034 0037 0040 0045 0052 0061 0063 0075 0076 0084 0089 0093
внедрение	0005 0009 0015 0035 0042 0047 0051 0061 0062 0070 0079 0087 0088 0089
внедрить	0003 0005 0009 0012 0013 0016 0035 0037 0047 0076 0089
внедриться	0027
внедрятор	0026
внедрять	0001 0015 0027 0035 0047 0048 0061 0074 0076
внедряться	0015
внезапно	0027 0047 0057 0071 0090
внезапный	0086
внеочередной	0004
внесение	0010 0016 0025 0047 0051
внести	0010 0035 0041 0045 0047 0050 0063 0069 0086 0095
внешне	0070
внешний	0001 0002 0012 0013 0016 0022 0027 0033 0034 0035 0036 0038 0040 0041 0045 0047 0048 0050 0051 0052 0059 0061 0064 0065 0066 0073 0074 0076 0079 0081 0087 0092 0097 0098 0099
вниз	0001 0010 0027 0034 0039 0044 0067
внизу	0055
вникать	0053
внимание	0002 0003 0005 0011 0012 0015 0016 0025 0027 0030 0032 0033 0034 0036 0038 0039 0041 0042 0043 0044 0045 0049 0050 0052 0054 0055 0058 0061 0063 0064 0067 0068 0076 0077 0079 0083 0085 0086 0090 0093 0095 0096 0097
внимательно	0015 0056 0070 0076 0095
внимательность	0061
внимательный	0010 0050 0088 0093
вновинка	0093
вновь	0012 0027 0041 0045 0050 0075 0082
вносить	0011 0015 0025 0032 0035 0051 0061 0076 0094 0095
вноситься	0083
внутренне	0050 0061
внутренний	0001 0016 0025 0027 0035 0038 0039 0045 0047 0049 0050 0051 0055 0058 0059 0061 0063 0066 0074 0076 0082 0089 0090 0093 0100
внутренность	0063
внутри	0001 0002 0005 0006 0007 0011 0013 0016 0017 0027 0032 0033 0035 0036 0037 0041 0042 0044 0045 0049 0050 0051 0052 0054 0055 0057 0059 0060 0061 0062 0063 0064 0065 0066 0067 0069 0071 0072 0074 0076 0079 0084 0089 0091 0093 0095 0097 0098 0099 0100
внутрь	0044 0069 0079
вобщий	0026
вовлечённость	0024
вовремя	0013
вовсе	0011 0032 0057 0071 0075 0092
вода	0002 0015 0033 0042 0086 0096
водитель	0001 0027 0089
водить	0001 0013
водопад	0027
водопроводный	0076
водород	0022
водородный	0022
военный	0076
вождение	0068
возведение	0052 0071
возвести	0071
возводить	0071
возврат	0011 0017 0032 0051 0052 0060 0061
возвратить	0049 0050
возвращать	0005 0016 0017 0025 0036 0044 0048 0049 0050 0051 0052 0055 0057 0059 0060 0087 0093 0094 0095 0098 0099
возвращаться	0001 0008 0015 0036 0043 0050 0051 0052 0060 0061 0067 0082
возвращение	0051
возвышаться	0086
воздействие	0051
воздержаться	0008 0009 0026 0036
воздух	0034 0046 0047 0071 0072 0076
воздушный	0076
возложить	0088
возмещать	0003
возможно	0003 0010 0015 0016 0021 0025 0035 0036 0038 0041 0043 0045 0049 0050 0051 0055 0067 0071 0076 0077 0084 0086 0088 0090 0092 0093 0095 0098
возможность	0001 0004 0005 0010 0011 0012 0013 0015 0016 0017 0018 0021 0025 0027 0030 0032 0035 0037 0038 0040 0041 0042 0043 0045 0047 0050 0051 0054 0055 0056 0057 0059 0061 0062 0063 0065 0067 0068 0070 0074 0076 0079 0083 0086 0087 0089 0090 0091 0092 0094 0095 0096 0097 0098 0100
возможный	0003 0004 0008 0010 0013 0036 0042 0043 0045 0047 0050 0051 0057 0060 0067 0068 0071 0072 0074 0075 0076 0087 0089 0095
вознаградить	0039
вознаграждение	0076 0093
возникать	0003 0010 0016 0022 0037 0038 0043 0045 0047 0050 0051 0055 0059 0065 0067 0068 0070 0071 0076 0079 0082 0086 0088 0092 0093
возникновение	0003 0016 0046 0047 0050 0067 0094
возникнуть	0012 0016 0021 0035 0039 0042 0045 0047 0049 0050 0051 0052 0056 0060 0076 0088 0089 0092
возня	0096
возобновить	0051
возобновлять	0050
возражение	0013
возраст	0022 0023 0027 0039 0050 0052 0061 0075 0083 0089 0098
возрастание	0017
возрастать	0022 0043 0051 0068 0076
возрасти	0009 0027 0036 0076 0086
возродиться	0076
воин	0045
вой	0039
война	0005 0072 0076 0088 0096
войти	0001 0002 0003 0004 0005 0006 0007 0008 0009 0010 0011 0012 0013 0014 0015 0016 0017 0018 0019 0020 0021 0022 0023 0024 0025 0026 0027 0028 0029 0030 0031 0032 0033 0034 0035 0036 0037 0038 0039 0040 0041 0042 0043 0044 0045 0046 0047 0048 0049 0050 0051 0052 0053 0054 0055 0056 0057 0058 0059 0060 0061 0062 0063 0064 0065 0066 0067 0068 0069 0070 0071 0072 0073 0074 0075 0076 0077 0078 0079 0080 0081 0082 0083 0084 0085 0086 0087 0088 0089 0090 0091 0092 0093 0094 0095 0096 0097 0098 0099 0100
вокруг	0009 0013 0015 0021 0022 0034 0035 0039 0046 0050 0052 0076 0093 0094
волатильность	0018
волна	0014 0015 0027 0034 0061 0076 0089
волнение	0076
волнистый	0071
волновать	0096
волноваться	0095
волос	0027 0086 0091
волшебный	0018 0049 0095
волшебство	0095
вольный	0039 0045
вольф	0022
воля	0005 0039
вонзить	0076
воображение	0076 0086 0088
вообще	0001 0003 0005 0006 0013 0020 0021 0023 0025 0027 0030 0034 0035 0037 0050 0053 0054 0057 0060 0061 0066 0067 0071 0073 0076 0083 0084 0088 0091 0092 0095 0096 0099
воодушевление	0088
вооружённый	0041 0076 0095
воплотить	0010 0076
воплощать	0094
вопрос	0001 0002 0003 0004 0005 0007 0009 0010 0013 0015 0021 0022 0023 0025 0026 0027 0033 0034 0035 0036 0038 0043 0049 0050 0051 0052 0055 0059 0060 0061 0062 0063 0065 0067 0068 0071 0072 0074 0075 0076 0079 0082 0083 0085 0086 0087 0088 0089 0090 0091 0092 0093 0094 0095 0096
вопросник	0051
воркер	0041 0045 0047 0056
воркшоп	0030
воробей	0030
воровать	0003
воронцов	0067
воротить	0027
воротничок	0001
восемь	0013
восклицательный	0060
воскресение	0050
воскресный	0076
восполнение	0067
восполнить	0067
воспользоваться	0037 0044 0045 0050 0062 0067 0079 0082 0084 0093 0097
воспоминание	0061 0076 0086
восприимчивый	0082
воспринимать	0023 0034 0060 0061 0090
восприниматься	0015 0084 0089
воспринять	0095
восприятие	0010 0015 0089
воспроизведение	0002 0017 0033
воспроизвести	0015 0017 0059 0097
воспроизводимость	0045
воспроизводить	0017 0064 0070 0083
восстанавливать	0026 0035 0080
восстанавливаться	0051 0076
восстание	0076 0083
восстановить	0012 0050 0080 0092
восстановление	0047 0048 0050 0051 0061 0080
восток	0076
восторг	0005 0026 0068
восторженный	0005 0086
востребованность	0088
востребовать	0015 0042 0053 0054 0063 0068 0075
восхвалять	0061
восхитительный	0093
восхищаться	0001
восхищение	0088
восходящий	0021 0076
восьмилетний	0061 0082
восьмой	0021 0027
впадать	0018 0088
впахивать	0053
впервые	0015 0022 0028 0031 0061 0083 0088 0089 0095
впереди	0015 0037
вперемешку	0082
вперёд	0002 0005 0027 0033 0049 0053 0060 0061 0065 0083 0085 0091
впечатление	0006 0076 0088 0100
впечатлять	0015 0018 0053 0071 0076 0089 0094
впечатляющий	0018 0076 0093 0094
впитать	0086
впитывать	0086
вплести	0074 0076
вплотную	0087
вплоть	0030 0036 0055 0081
вполне	0005 0018 0027 0035 0045 0046 0051 0053 0057 0065 0067 0076 0083 0086 0096
впоследствии	0051 0070 0082 0097
вправо	0044 0049 0050 0071
впустую	0046 0090
враг	0009 0052 0076
враждебный	0086
вразрез	0070
врасплох	0006
врать	0018 0027 0060
врач	0023 0075 0076
вращательный	0036
вращаться	0076
вред	0050 0088
вредный	0086
вредоносный	0012 0047 0050 0051 0076
врезаться	0076
временна	0036
временно	0010 0017 0047 0088
временной	0003 0018 0025 0034 0048 0050 0051 0054 0061 0064 0066 0076 0084 0091 0099
временный	0017 0056 0090
время	0001 0002 0003 0004 0005 0006 0007 0008 0009 0010 0011 0012 0013 0014 0015 0016 0017 0018 0019 0020 0021 0022 0023 0024 0025 0026 0027 0028 0029 0030 0031 0032 0033 0034 0035 0036 0037 0038 0039 0040 0041 0042 0043 0044 0045 0046 0047 0048 0049 0050 0051 0052 0053 0054 0055 0056 0057 0058 0059 0060 0061 0062 0063 0064 0065 0066 0067 0068 0069 0070 0071 0072 0073 0074 0075 0076 0077 0078 0079 0080 0081 0082 0083 0084 0085 0086 0087 0088 0089 0090 0091 0092 0093 0094 0095 0096 0097 0098 0099 0100
вроде	0001 0002 0008 0010 0011 0013 0018 0032 0033 0034 0035 0036 0039 0045 0053 0056 0060 0061 0070 0071 0072 0076 0077 0086 0091 0092 0093 0095 0099
вручение	0026
вручную	0011 0013 0032 0036 0037 0038 0041 0045 0047 0050 0056 0059 0060 0061 0089 0091 0092 0095 0098
вряд	0044 0045 0046 0051 0057 0076 0089
всевозможный	0035
вселенная	0022 0070
всемирно	0083
всемирный	0051
всеоружие	0004
всерьёз	0015 0076
всесторонний	0068
вскользь	0079 0082
вскоре	0012 0015 0019 0076 0095
вскочить	0076
вскрывать	0003 0076
вследствие	0016
вслух	0027 0076
всплеск	0051 0076
всплывать	0002 0011 0032 0033 0074 0088
всплыть	0005
вспоминать	0039 0057 0062
вспомнить	0006 0015 0023 0027 0034 0044 0045 0053 0060 0076 0082
вспомниться	0086
вспомогательный	0036 0049 0051 0055 0093 0098
вспыхнуть	0076
вставать	0027 0043 0097
вставить	0015 0016 0027 0044 0049 0084 0087
вставка	0049 0052 0061 0099
вставление	0095
вставлять	0021 0035 0041 0044 0056 0081
вставляться	0049
встать	0016 0021 0034 0092
встраивание	0020
встраивать	0035 0087 0092
встретить	0004 0025 0067
встретиться	0040 0094
встреча	0006 0010 0027 0034 0039 0051 0078 0086
встречать	0011 0032 0049 0067 0088
встречаться	0005 0027 0036 0044 0049 0051 0059 0060 0062 0067 0089
встречный	0015 0084
встроить	0002 0005 0008 0010 0018 0028 0031 0033 0038 0044 0045 0047 0050 0051 0052 0054 0055 0057 0059 0060 0061 0063 0067 0074 0081 0087 0088 0092 0097
встроиться	0013 0035
вступать	0022 0051 0060 0099
вступить	0004 0042
всякий	0027 0034 0045 0053 0055 0057 0076 0096
всё	0001 0002 0003 0004 0005 0006 0007 0008 0009 0010 0011 0012 0013 0015 0016 0017 0018 0020 0021 0022 0023 0025 0026 0027 0030 0032 0033 0034 0035 0036 0037 0038 0039 0040 0041 0042 0043 0044 0045 0046 0047 0048 0049 0050 0051 0052 0053 0054 0055 0056 0057 0058 0059 0060 0061 0062 0063 0064 0065 0066 0067 0068 0069 0070 0071 0072 0073 0074 0075 0076 0077 0078 0079 0080 0081 0082 0083 0084 0085 0086 0087 0088 0089 0090 0091 0092 0093 0094 0095 0096 0097 0098 0099 0100
вт	0002 0033
втихую	0026
вторгнуться	0076
вторжение	0051 0076
вторичный	0051
второе	0013 0023 0044 0052
второй	0001 0004 0009 0010 0011 0013 0015 0016 0017 0018 0021 0023 0026 0032 0034 0036 0040 0041 0043 0044 0045 0049 0050 0051 0053 0059 0060 0061 0063 0064 0065 0066 0067 0071 0076 0080 0081 0083 0084 0085 0086 0088 0092 0093 0096 0097 0100
втягиваться	0039
ву	0077
вуаль	0022
вуаля	0095
вуз	0004 0010 0067
вход	0005 0011 0012 0016 0017 0018 0021 0030 0032 0036 0049 0050 0051 0052 0056 0057 0060 0070 0071 0079 0084 0085 0092 0093 0094 0095 0098
входить	0004 0022 0025 0035 0057 0060 0064 0074 0075 0076 0086 0095
входной	0036 0043 0051 0052 0071 0072 0082 0085 0093 0097
входящий	0026 0046 0051 0059 0064 0070 0075 0089
вхождение	0035 0046 0049 0052 0067 0092
вчера	0077
вчерашний	0018 0027
вчетверо	0036
вшэ	0067
въехать	0052
вы	0001 0003 0015 0025 0027 0034 0037 0042 0049 0063 0064 0068 0071 0076 0080 0093
выбирать	0005 0008 0010 0011 0013 0027 0032 0035 0036 0037 0039 0041 0050 0051 0056 0064 0067 0076 0086 0087 0089 0097 0099
выбираться	0036 0043
выбор	0001 0002 0005 0006 0008 0010 0011 0012 0015 0017 0020 0021 0032 0033 0036 0038 0039 0041 0045 0047 0049 0050 0051 0052 0054 0055 0070 0074 0075 0076 0079 0080 0082 0086 0087 0088 0089 0095 0098 0099
выборка	0009 0010 0011 0018 0021 0023 0032 0050 0051 0067 0071 0075 0076
выборочный	0088
выборы	0007 0034
выбрасывание	0050
выбрасывать	0022 0044 0050 0084
выбрасываться	0050
выбрать	0001 0002 0003 0004 0005 0006 0007 0008 0009 0010 0011 0012 0013 0014 0015 0016 0017 0018 0019 0020 0021 0022 0023 0024 0025 0026 0027 0028 0029 0030 0031 0032 0033 0034 0035 0036 0037 0038 0039 0040 0041 0042 0043 0044 0045 0046 0047 0048 0049 0050 0051 0052 0053 0054 0055 0056 0057 0058 0059 0060 0061 0062 0063 0064 0065 0066 0067 0068 0069 0070 0071 0072 0073 0074 0075 0076 0077 0078 0079 0080 0081 0082 0083 0084 0085 0086 0087 0088 0089 0090 0091 0092 0093 0094 0095 0096 0097 0098 0099 0100
выбраться	0065
выброс	0022 0044 0050 0089
выбросить	0044 0050
выбытие	0094
вываливать	0066
вывалить	0052
выведение	0061
выверить	0061
вывести	0017 0035 0038 0041 0042 0044 0050 0052 0057 0059 0060 0085 0088 0091 0095 0096 0098
выветриваться	0082
вывод	0002 0004 0005 0006 0009 0010 0011 0013 0016 0017 0018 0025 0026 0027 0032 0033 0036 0038 0039 0041 0044 0045 0046 0047 0048 0049 0050 0051 0052 0053 0055 0056 0057 0058 0059 0061 0063 0066 0068 0069 0074 0075 0076 0079 0080 0081 0087 0088 0089 0093 0095 0096 0098 0100
выводить	0012 0044 0050 0055 0058 0062 0066 0069 0071 0085 0095 0098
выводиться	0044 0050 0075 0095 0096
выглядеть	0001 0002 0005 0011 0013 0015 0017 0022 0032 0033 0034 0035 0036 0037 0038 0039 0043 0044 0045 0046 0050 0051 0053 0054 0055 0056 0057 0063 0065 0067 0071 0076 0077 0080 0084 0085 0086 0088 0090 0092 0093 0094 0095 0098
выгнать	0039
выгода	0005 0035 0057
выгодно	0008
выгодность	0057
выгодный	0011 0015 0032 0061
выгорать	0022
выгореть	0022
выгружаться	0005 0092
выгрузка	0008 0062 0079
выдавать	0001 0011 0012 0013 0032 0036 0041 0050 0051 0060 0071 0074 0076 0085 0086 0091 0094
выдаваться	0016
выдать	0003 0007 0010 0011 0030 0032 0041 0050 0051 0075 0081 0091 0093 0095 0098
выдача	0003 0010 0011 0032 0075 0076 0089
выдающийся	0061 0076
выдвигать	0015
выдвигаться	0050
выделение	0037 0045 0050 0051 0063
выделить	0008 0010 0018 0027 0035 0039 0042 0045 0047 0049 0050 0051 0060 0065 0071 0074 0088 0089 0096
выделять	0022 0029 0030 0034 0035 0038 0049 0051 0059 0067 0068 0074 0076 0090
выделяться	0037 0038 0040 0047 0050 0051 0072
выдержать	0003 0037
выдерживать	0002 0033
выдержка	0025 0034
выдумать	0083
выдумка	0015
выдумывать	0043
выезжать	0076
выживальщик	0076
выжимка	0009
выжить	0001 0005 0039 0040 0061 0076
выжрать	0045
вызвать	0006 0017 0018 0027 0037 0040 0041 0044 0045 0050 0051 0052 0059 0063 0067 0071 0076 0084 0086 0088 0098
вызваться	0084
вызов	0016 0025 0036 0037 0038 0040 0041 0043 0044 0045 0046 0048 0050 0051 0052 0057 0059 0061 0063 0067 0068 0071 0074 0084 0087 0093
вызывать	0003 0016 0017 0025 0027 0037 0040 0043 0044 0047 0049 0050 0051 0055 0059 0061 0067 0068 0070 0074 0076 0084 0086 0087 0088 0092 0096 0098 0099
вызываться	0040 0044 0050 0074 0098
вызывающий	0016 0050 0051 0083 0086 0088
выиграть	0015 0077
выигрывать	0009 0018 0051
выигрыш	0005 0018 0047
выйти	0013 0015 0021 0027 0029 0036 0039 0040 0042 0044 0046 0051 0052 0055 0059 0061 0077 0088 0093 0095
выкатить	0030
выкатиться	0027
выкатка	0045
выкатывать	0027
выкатываться	0045
выкачать	0054
выкидывать	0053
выкинуть	0005
выкладка	0013 0067
выкладывать	0067 0076
выключатель	0015
выключать	0050 0095
выключая	0090
выкручиваться	0005
выкуп	0034
выкупать	0034
вылет	0008
вылететь	0052
вылизывать	0027 0067
вылогиниться	0096
выложить	0067
выманить	0010
вымирание	0076
вымучивать	0018
вымышленный	0076
вынести	0043 0045 0050 0080
выносить	0035 0052
выноситься	0027
выносливость	0076
вынудить	0005 0055 0060 0076 0083
вынуть	0096
выпасть	0027 0052 0076 0088
выпивать	0023
выписка	0003 0010
выплата	0003 0004 0024
выплатить	0004 0016 0017
выплачивать	0010
выплачиваться	0003 0004
выползать	0096
выполнение	0005 0009 0011 0015 0016 0025 0026 0027 0032 0037 0039 0040 0041 0042 0044 0045 0047 0048 0050 0051 0052 0057 0058 0059 0060 0061 0065 0068 0069 0074 0079 0080 0081 0083 0084 0087 0089 0091 0093 0095 0097 0099
выполнимый	0041 0044 0051 0059 0064 0065 0085
выполнить	0008 0011 0015 0016 0025 0032 0036 0038 0040 0041 0044 0048 0049 0050 0051 0052 0055 0057 0059 0060 0061 0063 0064 0065 0071 0072 0074 0079 0080 0081 0083 0084 0086 0088 0093 0095 0098 0100
выполниться	0037 0040 0050 0052 0079 0084
выполнять	0008 0009 0010 0015 0017 0023 0036 0037 0038 0040 0042 0044 0045 0047 0048 0050 0051 0052 0055 0056 0060 0061 0063 0066 0067 0068 0069 0071 0072 0076 0079 0080 0083 0084 0085 0089 0092 0093 0095 0097 0098 0100
выполняться	0017 0036 0037 0040 0044 0045 0047 0049 0050 0051 0052 0059 0060 0063 0064 0065 0069 0071 0076 0079 0080 0081 0084 0088 0089 0092 0093 0095 0098 0099
выпуск	0013 0015 0025 0026 0029 0030 0040 0042 0055 0061 0062 0064 0070 0076
выпускать	0010 0013 0025 0042 0051 0055 0063 0076
выпускаться	0051
выпускник	0010
выпустить	0015 0016 0019 0028 0031 0055 0061 0063 0064 0074 0076 0086
вырабатывать	0089
выработать	0015 0019
выравнивание	0076
выражать	0052 0067 0094
выражаться	0035 0051
выражение	0025 0029 0050 0051 0053 0055 0061 0088 0093
выразительный	0050 0061
выразить	0001 0025 0090
выразиться	0051
вырастать	0076
вырасти	0005 0006 0013 0022 0024 0034 0039 0042 0061 0076
вырастить	0076
вырваться	0016
вырезать	0021
выручка	0004
высвобождаться	0040
высказывать	0076
высокий	0002 0004 0007 0009 0010 0012 0013 0015 0017 0018 0021 0022 0025 0033 0036 0040 0042 0047 0050 0051 0057 0061 0067 0068 0070 0071 0075 0076 0079 0081 0083 0086 0087 0089 0092 0093 0094 0099
высоко	0036 0081 0089
высокодинамичный	0051
высокодоступный	0051
высокодуховный	0086
высококачественный	0068 0089
высококонкурентный	0011 0032 0037
высокомодульный	0009
высоконагруженный	0005 0045 0046 0049 0053 0059 0099
высокооплачиваемый	0035 0042 0067
высокопроизводительный	0005 0009 0051 0067 0070 0076
высокоскоростной	0051 0076
высокотаргетировать	0089
высокотехнологичный	0034
высокоуровневый	0038 0045 0070
высокочастотный	0005 0018 0051
высокоэффективный	0047 0061 0093
высота	0002 0033 0042 0068
выставить	0034 0045 0067 0080
выставка	0013 0014
выставление	0062 0080
выставлять	0005 0045 0080
выстраивание	0001 0006 0062
выстраивать	0005 0006 0036
выстраиваться	0006
выстрел	0076
выстроить	0001 0006 0015 0039 0059
выступать	0015 0019 0045 0050 0061 0075
высчитываться	0021
вытащить	0100
вытекать	0035 0076
вытеснить	0015 0083
вытеснять	0061
вытравить	0076
вытягивание	0067 0093
вытягивать	0093
выучить	0027 0036 0052 0053 0054
выхлоп	0076
выход	0001 0002 0013 0018 0021 0033 0034 0035 0036 0037 0044 0046 0047 0050 0051 0052 0061 0063 0065 0071 0075 0079 0085 0090 0092 0093 0094 0095
выходить	0001 0013 0015 0021 0044 0047 0050 0051 0055 0060 0061 0062 0072 0076 0095
выходной	0003 0010 0012 0043 0051 0053 0071 0075 0082 0085 0093
вычесть	0003
вычет	0003
вычисление	0005 0008 0015 0036 0038 0049 0050 0051 0052 0057 0060 0061 0063 0070 0071 0076 0085 0088 0093 0094 0097 0098
вычислимый	0085
вычислитель	0045
вычислительный	0008 0013 0018 0036 0047 0051 0065 0068 0071 0072 0075 0076 0083 0085 0088 0089 0094 0095
вычислить	0022 0036 0049 0050 0051 0071 0081 0085 0093
вычислять	0036 0044 0049 0050 0051 0057 0071 0076 0085 0093 0098
вычисляться	0036 0049 0050 0060 0093
вычитание	0044 0052 0098
вычитать	0003 0036 0050 0085
вычитка	0045
вычитывать	0090
выше	0002 0005 0008 0009 0013 0016 0021 0022 0023 0026 0027 0033 0034 0035 0036 0037 0038 0040 0041 0042 0043 0044 0045 0049 0050 0051 0052 0057 0058 0060 0061 0063 0065 0067 0071 0073 0076 0080 0082 0083 0085 0087 0090 0093 0095 0096 0097 0098 0099
вышеизложенный	0067
вышеописанный	0010 0059 0077
вышеперечисленный	0050 0064 0067 0097
вышеприведённый	0022
вышесказанный	0035 0079
вышестоящий	0037
вышеуказанный	0058
вышеупомянутый	0041
выявить	0003 0012 0018 0054 0075
выявление	0016 0018 0042 0075 0083 0089
выявлять	0018 0051 0072 0075 0089
выявляться	0003
выяснение	0095
выяснить	0012 0049 0075 0095
выясниться	0005 0013 0027
выясняться	0027
вьюхий	0005
вэтойстатьенетполезнойинформация	0054
вячеслав	0086
гавайи	0076
гадать	0034 0039 0076
гаджет	0028 0031
гадить	0083
гаечный	0039 0076
газ	0022 0076
газовый	0002 0022 0033
газопылевой	0022
газпром	0039
гайда	0003 0067 0069 0077
гайка	0008 0027
гакуо	0030
галактика	0022
галлон	0086
галлюцинация	0006 0018 0036 0086 0094
галлюцинировать	0001 0015 0036
галочка	0008 0084
гарантированно	0045 0055 0063
гарантировать	0007 0008 0015 0018 0037 0038 0041 0042 0045 0050 0051 0052 0060 0061 0064 0076 0081
гарантироваться	0045 0052
гарантия	0003 0005 0008 0010 0017 0055 0067 0076
гарвардский	0023 0086
гардероб	0086
гарнир	0086
гарнитур	0030 0076
гасить	0045 0052
гауссовый	0036
гб	0002 0005 0008 0021 0033 0046 0051 0059 0063 0074 0099
гейминг	0024
гелиевый	0022
гелий	0022
гелла	0009
гемоглобин	0075
ген	0075
гендиректор	0004
генеральный	0003 0004 0015 0019 0076
генеративный	0067 0071 0072 0086 0089 0094
генератор	0011 0025 0032 0049 0051 0054 0055 0057 0061
генерация	0008 0009 0011 0018 0019 0027 0032 0036 0052 0061 0065 0071 0074 0081 0087 0089
генерировать	0001 0005 0009 0011 0018 0019 0025 0032 0036 0045 0050 0051 0052 0069 0071 0072 0075 0076 0081 0087 0090 0091 0093 0095 0099
генерироваться	0005 0045 0056 0058 0062 0065 0081
генерить	0027 0091
генериться	0065
гениально	0052
гениальность	0082
гениальный	0036 0082
гений	0076
геном	0075
географически	0047
географический	0009 0051
геолог	0075
геологический	0075
геолокационный	0018
геолокация	0011 0032
геометрический	0098
геополитический	0076
георгий	0092 0096
геофизик	0075
герберт	0083
герман	0004
германия	0010 0053
герметизация	0086
герметик	0086
герметичный	0076
гермиона	0086
герой	0039 0076
герцшпрунг	0022
гессен	0010
геттер	0050
гибкий	0027 0035 0042 0043 0047 0050 0051 0060 0061 0064 0070 0084 0091 0092 0095 0099
гибко	0047 0050 0070 0091
гибкость	0005 0015 0027 0047 0049 0050 0051 0061 0070 0071 0074 0089 0091 0092 0094
гибрид	0005 0087
гибридный	0005 0051 0062 0087
гиг	0076
гигабайт	0045 0092
гигабит	0096
гигаватт	0076
гигант	0011 0022 0032 0083
гигантский	0036 0076
гигиена	0005 0060
гид	0070
гидростатический	0022
гик	0013
гиннес	0013
гиперболический	0076
гипервизор	0051
гипервизора	0008 0035 0051 0070 0079
гипергигант	0022
гиперпараметр	0036
гиперплоскость	0075
гипертекст	0051
гиперэкспоненциальный	0076
гипотеза	0001 0009 0011 0018 0032 0057 0067 0072 0075
гипотетический	0015 0022 0083
гис	0004
гистограмма	0030 0051
гит	0039
гитлер	0076
гитхаб	0036 0095
гифка	0095
гифками	0095
глава	0009 0014 0039 0072 0076 0088 0092 0095
главное	0002 0004 0018 0021 0027 0033 0034 0035 0037 0039 0041 0043 0051 0060 0067 0076 0077 0079 0083 0089 0091 0092 0095 0097
главный	0001 0002 0006 0007 0008 0009 0010 0015 0017 0021 0022 0030 0033 0037 0039 0041 0042 0045 0049 0050 0051 0052 0060 0061 0065 0066 0067 0071 0072 0075 0076 0078 0083 0086 0087 0088 0089 0090 0091 0095 0100
глагол	0050
гладкий	0034
гладко	0039
глаз	0002 0011 0022 0032 0033 0039 0045 0052 0053 0076 0089 0090 0091 0093
гласить	0076
гласный	0036
глобально	0060
глобальный	0006 0010 0011 0032 0040 0050 0051 0052 0072 0076 0080 0083
глотка	0071
глоток	0046
глубина	0005 0061 0076 0086
глубокий	0006 0013 0015 0018 0027 0034 0036 0037 0041 0043 0045 0046 0049 0050 0053 0061 0067 0068 0070 0071 0072 0074 0076 0078 0082 0083 0086 0087 0092 0093 0094 0095 0100
глубоко	0015 0027 0043 0053 0067 0076
глупость	0053
глупый	0026 0082 0090
глухой	0076
глянцевый	0002 0033
гнаться	0002 0033
гнев	0088
гневный	0060
гниль	0076
го	0001 0006 0039 0067 0089
говнищий	0013
говорить	0001 0003 0004 0006 0007 0011 0013 0015 0016 0023 0027 0030 0032 0035 0036 0039 0040 0042 0044 0045 0050 0052 0053 0055 0059 0060 0063 0065 0066 0071 0076 0079 0082 0083 0085 0086 0088 0089 0093 0095 0096 0097 0100
говориться	0095
год	0001 0002 0003 0004 0005 0006 0007 0010 0011 0012 0013 0014 0015 0017 0018 0019 0020 0021 0022 0023 0024 0025 0026 0027 0028 0029 0030 0031 0032 0033 0034 0035 0036 0038 0039 0040 0042 0046 0047 0052 0053 0055 0061 0062 0063 0064 0067 0070 0071 0072 0075 0076 0077 0079 0082 0083 0086 0087 0089 0090 0091 0093 0094 0095 0098 0100
годиться	0005 0075
годовой	0001 0004 0006 0018 0034
гол	0036
голливудский	0083
голова	0026 0027 0036 0039 0057 0066 0071 0076 0082 0090 0092
голованов	0086
головка	0086
головной	0005 0039 0069 0075 0096
голод	0003 0027
голодать	0076
голос	0004 0010 0013 0016 0017 0019 0020 0021 0025 0027 0035 0037 0038 0039 0040 0041 0042 0043 0044 0045 0046 0047 0048 0049 0050 0051 0053 0054 0055 0057 0058 0059 0060 0061 0062 0063 0064 0065 0066 0067 0068 0069 0070 0071 0072 0073 0074 0075 0076 0077 0078 0079 0081 0082 0083 0084 0085 0086 0087 0088 0089 0090 0091 0092 0093 0094 0095 0096 0097 0098 0100
голосование	0065 0075
голосовать	0043
голосовой	0034 0068 0086 0087 0089 0090
голубой	0022
голый	0051 0052 0064
гольф	0086
гомункул	0022
гонка	0027 0050
гонконг	0013
гора	0076
гораздо	0005 0015 0022 0026 0027 0034 0036 0037 0045 0051 0060 0061 0063 0064 0071 0085 0087 0089 0099
гордий	0012
гордиться	0093 0095
гордость	0027 0053
гордый	0015 0053
горение	0022
гореть	0021 0022 0027 0076 0099
горизонт	0053 0068 0076 0094
горизонтально	0013 0079
горизонтальный	0010 0012 0042 0045 0051 0071
горлышко	0008 0049 0071
горман	0009
город	0002 0013 0033 0036 0037 0049 0053 0076
городить	0091
городок	0039
горошек	0086
горстка	0076
горячее	0047
горячий	0005 0022 0051 0061 0074 0089
госконтракт	0008
гослинг	0061
господин	0051
господство	0076 0083
господь	0093
госпочта	0026
госпредприятие	0074
госсектор	0074
госсервис	0026
гостевой	0051 0063 0095
гость	0008 0010 0086 0093
государственно	0026
государственный	0003 0004 0010 0026 0076 0087
государство	0003 0004 0015 0074 0076
госуслуга	0004 0026
госучастие	0004
готовить	0004 0008 0021 0046 0073 0076 0082 0086 0095
готовиться	0005 0015 0057 0067 0076 0086
готовка	0082 0086
готовность	0005 0039 0051 0059 0061
готовый	0001 0005 0008 0010 0013 0015 0018 0022 0027 0034 0035 0037 0038 0039 0041 0042 0045 0046 0049 0051 0052 0053 0055 0057 0059 0060 0061 0063 0066 0067 0071 0074 0075 0076 0079 0081 0084 0086 0087 0092 0095 0097
гпх	0003
грабли	0099
гравитация	0022
гравюра	0089
градиент	0008 0036 0071 0076
градиентный	0008 0036 0071 0076 0078 0085 0093
градус	0022 0071 0093
градусный	0002 0033
гражданин	0001 0004 0015
гражданско	0003
грамм	0013 0088
грамматика	0050 0075
грамматический	0067
грамотно	0003 0045 0068
грамотный	0035 0061
грандиозный	0015
граница	0001 0003 0015 0022 0050 0052 0060 0062 0068 0076 0082 0090 0099 0100
граничный	0057
грань	0034 0068 0094
граф	0010 0036 0061 0067 0071 0075
графа	0036
график	0003 0034 0036 0039 0051 0062 0071 0076
графика	0002 0005 0008 0015 0018 0021 0033 0051 0071 0093 0097
графически	0042
графический	0042 0050 0051 0055 0070 0071 0074 0075 0076 0088 0092 0095
графовый	0010
грегори	0089
грейд	0027 0042
грейнджер	0086
греть	0047
греческий	0064 0086
гриб	0086
грибковый	0076
грибок	0076
григорий	0075
гриземер	0098
грин	0019
грозить	0003
громкий	0002 0013 0033 0034 0061 0072
громоздкий	0045
громоздко	0013
гроссмейстер	0076
грубо	0040 0060 0095 0096
грубый	0001 0076
грудка	0086
грудь	0015
грузиться	0040 0066
грузный	0027
грузовик	0076
груминг	0011 0032
группа	0004 0005 0009 0012 0023 0027 0030 0034 0038 0042 0047 0050 0051 0055 0056 0064 0067 0071 0075 0076 0083 0084 0086 0088 0089 0095
группирование	0038
группировать	0036 0049 0051 0079 0089
группировка	0012 0049 0050 0051 0064 0076 0087
групповой	0012
грустно	0021 0067
грустный	0006
груша	0050 0052
грядущий	0028 0030 0031
грязный	0009 0060
грязь	0086
гсм	0003
гуам	0076
губительный	0021
гугл	0067 0092 0095
гуглить	0027 0052
гулом	0013
гуманитарий	0053
гуманоидный	0076
гуру	0039
гусеница	0054
густой	0076
гц	0002 0033
дабы	0038
давать	0001 0002 0003 0004 0005 0010 0011 0012 0013 0015 0018 0021 0022 0025 0026 0027 0032 0033 0034 0035 0036 0037 0039 0042 0044 0045 0046 0047 0048 0049 0050 0051 0052 0053 0055 0059 0060 0063 0066 0067 0071 0074 0075 0076 0079 0081 0082 0083 0084 0085 0086 0087 0088 0090 0092 0093 0095 0096 0097 0098 0099 0100
даваться	0005 0067 0077 0089
давление	0019 0022 0023 0075 0076
давлеткалий	0095
давний	0010
давно	0013 0035 0051 0057 0061 0067 0075 0076 0079 0082 0083 0096
давность	0015
давос	0006
давосский	0006
дайджест	0020 0025 0030
далее	0001 0003 0016 0022 0023 0027 0034 0035 0038 0039 0040 0044 0045 0050 0053 0061 0063 0064 0065 0071 0073 0077 0079 0084 0088 0089 0092 0093 0095 0098
далеко	0005 0009 0015 0022 0023 0030 0035 0039 0045 0061 0067 0071 0076 0083 0092 0093
дальнейший	0012 0017 0027 0044 0050 0051 0057 0059 0061 0063 0065 0067 0069 0070 0076 0082 0084 0089 0096 0098 0100
дальнобойщик	0053
дальновидность	0076
дальность	0076
далёкий	0001 0003 0006 0011 0013 0015 0021 0022 0027 0032 0034 0035 0036 0037 0039 0044 0045 0049 0050 0052 0053 0056 0059 0060 0061 0066 0067 0071 0072 0074 0076 0084 0085 0087 0089 0091 0092 0093 0094 0095 0096 0097 0100
дама	0027
дамп	0045
даниель	0018
данные	0001 0002 0003 0004 0005 0008 0009 0010 0012 0015 0016 0017 0018 0019 0021 0026 0030 0033 0034 0035 0036 0037 0038 0040 0041 0042 0043 0045 0047 0048 0049 0050 0051 0052 0054 0056 0059 0061 0063 0064 0065 0067 0068 0069 0070 0071 0072 0074 0075 0076 0078 0079 0080 0081 0082 0083 0084 0085 0086 0087 0088 0089 0091 0092 0093 0094 0095 0096 0097 0098 0099
данный	0005 0013 0015 0016 0026 0030 0034 0035 0036 0038 0039 0040 0044 0045 0050 0051 0055 0056 0061 0062 0063 0067 0069 0070 0071 0075 0076 0079 0083 0084 0086 0088 0093
дарио	0001 0015
даркнуть	0076
даровский	0047
дата	0003 0005 0006 0017 0021 0040 0044 0047 0050 0051 0053 0054 0058 0062 0069 0075 0076 0080 0089 0094 0095 0099
датаграмма	0051
датасет	0008 0021 0036 0072 0075 0089
датацентр	0034
датчик	0051 0076 0092
дать	0001 0003 0004 0005 0007 0008 0009 0010 0012 0013 0015 0016 0018 0021 0023 0026 0027 0034 0035 0036 0039 0040 0041 0042 0043 0044 0045 0046 0047 0048 0049 0050 0051 0052 0053 0054 0056 0057 0059 0061 0062 0063 0064 0066 0067 0068 0069 0070 0071 0072 0074 0075 0076 0077 0078 0079 0082 0083 0084 0085 0086 0087 0088 0089 0091 0092 0093 0095 0096 0097 0099 0100
даунгрейд	0013
даунтайм	0099
дашборд	0005 0013 0062
дашбордовый	0005 0072
два	0002 0004 0005 0006 0009 0010 0011 0012 0013 0015 0016 0017 0019 0021 0023 0024 0026 0032 0033 0036 0037 0038 0042 0045 0046 0049 0050 0051 0052 0053 0055 0057 0060 0062 0063 0064 0065 0067 0071 0075 0076 0079 0084 0085 0086 0088 0091 0092 0093 0095 0096 0100
двадцатилетний	0076
двадцатый	0083
двадцать	0076
дважды	0013 0036 0045 0050 0051 0060 0098
двенадцать	0053
дверной	0016
дверь	0015 0052 0076
двигатель	0008 0076
двигать	0034 0071 0076
двигаться	0001 0027 0036 0039 0050 0061 0062 0067 0071 0076 0085
движение	0034 0050 0062 0068 0071 0076 0083 0086 0095
движок	0005 0036 0045 0050 0061 0089 0095
двое	0013
двоеточие	0052
двоичный	0045 0050 0051 0061 0076 0089
двойной	0022 0050 0052 0056 0061 0062 0084
двор	0015 0076
дворецкий	0086
двумерный	0071
двунаправить	0050
двусвязный	0050
двусмысленный	0099
двусторонний	0049 0050 0051 0076
двухгодичный	0076
двухслойный	0036
двухступенчатый	0061
двухтысячный	0034
де	0005 0070
дебаг	0001 0044
дебаггера	0030
дебажито	0061
дебажить	0001
дебазаться	0061
дева	0091 0099
девайс	0074
девиз	0091
девопс	0035 0039
девопёс	0039
девятый	0001
девять	0003 0057 0067 0086
деградация	0005 0035
деградировать	0018
дедлайн	0008 0030
дедлокова	0045
дедублицироваться	0036
дедупликация	0051
дезориентировать	0015
дейва	0009
дейлик	0027
действенный	0004
действие	0007 0010 0012 0016 0019 0021 0022 0023 0025 0034 0035 0037 0039 0041 0044 0045 0046 0049 0050 0051 0052 0059 0062 0064 0068 0075 0076 0080 0082 0084 0085 0089 0090 0093 0095 0098 0099
действительно	0001 0004 0005 0009 0011 0013 0015 0026 0027 0032 0036 0037 0039 0045 0046 0050 0053 0059 0060 0067 0071 0076 0077 0083 0084 0086 0092 0093 0094 0100
действительность	0003 0055 0061 0083
действительный	0041 0050
действовать	0003 0010 0015 0024 0044 0050 0051 0055 0057 0072 0094
дек	0001 0004 0017 0042 0059 0068 0074 0082 0085 0086 0087 0094
декабрь	0010 0013 0021 0044 0076 0087
декларативный	0037 0050 0061 0064 0070
декларация	0015
декодирование	0036
декомпилировать	0058
декомпиляция	0058
декомпозировать	0001 0071
декомпозиция	0001 0062
декоратор	0017 0050 0052
декорирование	0024
декретный	0003
делаемин	0056
делать	0001 0002 0003 0005 0006 0008 0009 0010 0011 0013 0015 0017 0018 0021 0026 0027 0030 0032 0033 0034 0035 0036 0037 0039 0040 0041 0042 0043 0044 0045 0046 0047 0048 0049 0050 0051 0052 0053 0054 0056 0059 0060 0061 0063 0064 0065 0066 0067 0068 0070 0071 0074 0076 0077 0079 0080 0082 0083 0084 0085 0086 0088 0089 0090 0092 0093 0095 0096 0097 0098 0099 0100
делаться	0027 0035 0036 0045 0047 0048 0052 0063 0075 0077 0081 0089
делегирование	0050
делегировать	0011 0032 0040 0050
деление	0044 0050 0051 0052 0061 0071 0075 0098
делимый	0013 0036 0052
делитель	0050
делить	0042 0044 0051 0052 0062 0071
делиться	0015 0020 0035 0038 0040 0048 0050 0051 0052 0053 0067 0075
дело	0001 0003 0004 0005 0006 0007 0010 0013 0015 0016 0018 0021 0026 0027 0034 0035 0036 0038 0039 0042 0043 0045 0049 0050 0051 0053 0055 0057 0060 0061 0062 0063 0066 0067 0071 0076 0082 0083 0084 0085 0086 0088 0089 0090 0093 0095 0097 0100
деловой	0086
дельный	0077
демагогия	0077
деменции	0023
демистифицировать	0041
демографический	0009 0012 0083 0089
демон	0079 0095 0096
демонизироваться	0090
демоночек	0091
демонстрация	0045 0067 0098
демонстрировать	0015 0018 0030 0050 0068 0090 0094 0095 0098
демонтировать	0015
денежный	0006 0034 0067
денис	0014 0029 0064 0094
денормализация	0099
денормализовать	0099
день	0001 0003 0005 0010 0011 0013 0014 0015 0017 0018 0020 0021 0023 0026 0027 0032 0034 0035 0036 0037 0050 0051 0053 0055 0061 0062 0067 0069 0076 0077 0079 0082 0083 0086 0087 0090 0093 0095
деньга	0002 0003 0006 0008 0010 0013 0015 0027 0033 0034 0045 0046 0051 0053 0067 0071 0072 0095 0099
департамент	0027
деплоить	0001 0045 0048 0051 0063 0069 0095 0099
деплой	0095 0099
деплоймент	0035 0045 0059 0063
деплый	0035 0048 0095
депозит	0017 0018
депрессия	0023
дерево	0043 0050 0051 0067 0068 0075 0076 0078 0086 0097
деревянный	0086
держава	0076
держать	0004 0005 0006 0013 0015 0035 0045 0064 0074 0076 0095 0096
держаться	0023 0027 0049 0060 0067
дерматолог	0093
дернить	0092
деррик	0088
десантный	0076
дескать	0090
дескриптор	0018 0051
десктоп	0061 0070 0089
десктопный	0070
десятилетие	0005 0015 0034 0042 0061 0072 0075 0076 0083 0089
десятилетний	0036
десятичный	0050 0098 0099
десятка	0012 0013 0015 0035 0061 0067 0088 0089 0091 0093 0095
десяток	0007 0045 0067 0071 0086
десятый	0083
десять	0001 0013 0015 0034 0038 0049 0075 0090
деталь	0008 0010 0013 0018 0025 0027 0036 0045 0050 0052 0053 0057 0060 0067 0074 0076 0087 0092 0093 0095
деталька	0082
детально	0010 0042 0070
детальный	0003 0010 0051 0071 0076
детектор	0076
детерминированный	0018
детский	0001 0024 0076 0086
деться	0021 0034
дефект	0009
дефис	0050
дефицит	0042 0062 0089
дефолтной	0052
дефолтный	0045 0084
дефрагментироваться	0040
децентрализованный	0017
дешевизна	0005
дешёвый	0001 0002 0003 0005 0008 0015 0026 0027 0033 0053 0057 0061 0076 0092 0096
деятельность	0004 0010 0012 0015 0063 0068 0083 0088 0089 0090
джавист	0040
джанга	0086
джанго	0027
джейлбрейк	0076
джеймс	0022 0061 0076
джейсон	0009 0088
джек	0053
джеффри	0034 0054
джиджи	0064
джина	0076
джинн	0076
джинса	0022
джинсовый	0086
джиня	0097
джип	0027
джоанна	0086
джоб	0045 0063 0065
джоба	0045
джойный	0005
джон	0082 0083 0089
джош	0030
джудит	0086
джуна	0039 0052
джуниор	0076
дзен	0001 0002 0003 0004 0005 0006 0007 0008 0009 0010 0011 0012 0013 0014 0015 0016 0017 0018 0019 0020 0021 0022 0023 0024 0025 0026 0027 0028 0029 0030 0031 0032 0033 0034 0035 0036 0037 0038 0039 0040 0041 0042 0043 0044 0045 0046 0047 0048 0049 0050 0051 0052 0053 0054 0055 0056 0057 0058 0059 0060 0061 0062 0063 0064 0065 0066 0067 0068 0069 0070 0071 0072 0073 0074 0075 0076 0077 0078 0079 0080 0081 0082 0083 0084 0085 0086 0087 0088 0089 0090 0091 0092 0093 0094 0095 0096 0097 0098 0099 0100
диагноз	0015 0023
диагностик	0075
диагностика	0015 0025 0048 0051 0063 0068 0075 0083
диагностировать	0059 0086
диагностический	0025 0051
диагональ	0002 0033 0050
диагональный	0075
диаграмма	0013 0022 0030 0046 0051 0097
диалог	0013 0018 0019 0036 0072 0074 0087 0090
диана	0085
диапазон	0002 0010 0011 0021 0032 0033 0036 0041 0049 0050 0051 0052 0056 0057 0060 0085
диаризация	0013
диван	0034
дивиденд	0034
дизайн	0002 0009 0015 0026 0030 0033 0035 0042 0051 0070
дизайнер	0002 0030 0033 0062
дизассемблер	0058
дизассемблирование	0058
дизассемблировать	0058
дико	0076
диктовать	0076 0090
диктофон	0013
дилемма	0027 0083
дима	0039
динамика	0002 0006 0021 0024 0033 0044 0075
динамически	0040 0044 0050 0051 0060 0061 0089
динамический	0010 0040 0044 0049 0050 0051 0052 0054 0060 0061 0091 0094 0095
динамичный	0047
диплом	0010
дипломный	0010 0039
директива	0051 0084
директор	0003 0004 0011 0015 0019 0027 0032 0043 0072 0076 0089
директория	0016 0038 0051 0059 0063 0064 0069 0084 0087 0095 0098 0100
дирижировать	0076
диск	0002 0008 0012 0033 0039 0050 0051 0059 0061 0063 0066 0069 0070 0079 0080 0084 0087 0088 0091 0092 0096
дискаунтер	0013
дисклеймера	0005 0013 0045
дисковый	0051 0095 0096
дискретный	0002 0033 0036 0094
дискриминантный	0078
дискриминация	0068 0083
дискуссия	0015 0035 0083
дисперсия	0067 0075
диспетчер	0066
диспетчеризация	0061
дисплей	0028 0031
дистанционно	0013
дистанционный	0003 0067
дистанция	0027
дистиллироваться	0076
дистрибутив	0041 0055 0061 0063 0066 0070 0074 0088 0092 0095
дистрибуция	0055
дистрибьютор	0055 0080
дисфункция	0009
дисциплина	0001 0036 0089
дифференциальный	0075
дифференцирование	0036
диффузионный	0067
диффузия	0076
длина	0011 0025 0032 0036 0044 0050 0051 0057 0060 0061 0076 0085
длинно	0073
длиннопост	0039
длинный	0002 0011 0021 0027 0032 0033 0036 0041 0049 0052 0055 0057 0074 0076 0087 0095
длительность	0075 0089
длительный	0002 0033 0047 0048 0051 0055 0070 0071
длиться	0015 0039
дмитрий	0035
дмс	0003 0027
днк	0075 0076
добавить	0001 0002 0003 0004 0005 0006 0007 0008 0009 0010 0011 0012 0013 0014 0015 0016 0017 0018 0019 0020 0021 0022 0023 0024 0025 0026 0027 0028 0029 0030 0031 0032 0033 0034 0035 0036 0037 0038 0039 0040 0041 0042 0043 0044 0045 0046 0047 0048 0049 0050 0051 0052 0053 0054 0055 0056 0057 0058 0059 0060 0061 0062 0063 0064 0065 0066 0067 0068 0069 0070 0071 0072 0073 0074 0075 0076 0077 0078 0079 0080 0081 0082 0083 0084 0085 0086 0087 0088 0089 0090 0091 0092 0093 0094 0095 0096 0097 0098 0099 0100
добавиться	0044 0071 0084
добавление	0004 0005 0025 0038 0041 0043 0047 0049 0050 0051 0052 0056 0061 0063 0073 0077 0080 0093 0097
добавлять	0005 0016 0017 0021 0030 0036 0041 0043 0045 0048 0049 0050 0051 0052 0061 0065 0070 0071 0073 0074 0079 0084 0085 0086 0095 0098 0099
добавляться	0016 0035 0036 0045 0048 0050 0059 0080 0084 0097
добиваться	0015 0076
добиться	0010 0015 0039 0045 0046 0050 0067
добовление	0056
добовлять	0056
добраться	0052 0100
добро	0027 0045 0052 0057 0060 0066 0076 0088 0093
добровольный	0003
добрый	0018 0044 0045 0055 0067 0071 0077 0079
добывать	0076 0089
добыть	0071 0075 0079
добыча	0075
доверенный	0003 0063
доверие	0006 0013 0015 0027 0035 0063 0076 0083 0088 0094
доверительный	0012 0067
доверять	0018 0076
довести	0013 0034
довестись	0057
довод	0006
доводить	0039 0090
доводчик	0052
довольно	0010 0021 0022 0030 0039 0040 0042 0044 0045 0046 0049 0055 0057 0061 0067 0083 0085 0088 0089 0092 0093 0095 0096 0097
довольный	0027 0039 0086
догадаться	0076 0082 0088
догадка	0076
догма	0099
догнать	0005 0089
договариваться	0010
договор	0003 0004 0075
догонять	0020
доделать	0056
дождаться	0030 0056 0071
дождевой	0039
дождь	0018
дожидаться	0045
дозволить	0060
дозировать	0076
дойти	0027 0044 0056 0067 0095
док	0002 0013 0033
доказательство	0076
доказать	0003 0009 0013 0054 0066
доказывать	0066 0071 0083
докатиться	0047
докаток	0035
докер	0039 0065 0069 0077 0079 0084 0095
докеризировать	0095
докерфайл	0045 0069 0095
доклад	0005 0030 0035 0040 0061 0067
доктор	0015 0023 0086 0090
докторский	0076
документ	0001 0002 0003 0004 0005 0006 0007 0008 0009 0010 0011 0012 0013 0014 0015 0016 0017 0018 0019 0020 0021 0022 0023 0024 0025 0026 0027 0028 0029 0030 0031 0032 0033 0034 0035 0036 0037 0038 0039 0040 0041 0042 0043 0044 0045 0046 0047 0048 0049 0050 0051 0052 0053 0054 0055 0056 0057 0058 0059 0060 0061 0062 0063 0064 0065 0066 0067 0068 0069 0070 0071 0072 0073 0074 0075 0076 0077 0078 0079 0080 0081 0082 0083 0084 0085 0086 0087 0088 0089 0090 0091 0092 0093 0094 0095 0096 0097 0098 0099 0100
документальный	0003
документатция	0010
документационный	0025
документация	0005 0010 0015 0016 0030 0041 0044 0045 0050 0051 0052 0055 0059 0061 0070 0073 0084 0087 0088 0095 0098
документировать	0099
долг	0003 0009 0010 0017 0018 0034 0053
долгий	0003 0008 0009 0019 0020 0021 0022 0027 0036 0040 0045 0046 0069 0076 0086 0092
долго	0008 0011 0013 0015 0021 0025 0027 0032 0035 0039 0046 0056 0071 0076 0090 0097
долговечность	0050
долговечный	0050
долговременный	0026 0070
долгожданный	0061
долгоживущий	0040
долголетие	0023
долгосрочно	0082
долгосрочный	0006 0009 0023 0051 0061 0082
должностной	0015
должность	0015 0027 0042 0075 0083 0088 0089
должный	0003 0004 0005 0008 0009 0010 0013 0015 0017 0021 0022 0023 0025 0026 0027 0035 0036 0037 0038 0039 0040 0041 0042 0043 0045 0046 0047 0049 0050 0051 0052 0053 0055 0056 0057 0059 0061 0063 0064 0065 0066 0067 0068 0069 0071 0072 0074 0075 0076 0079 0080 0083 0084 0086 0088 0089 0090 0091 0092 0093 0094 0095 0096 0098
долина	0076 0093
доллар	0006 0011 0015 0032 0034 0036 0045 0076 0084 0086 0095
доля	0004 0005 0006 0012 0013 0018 0034 0057 0076
дом	0008 0027 0037 0039 0042 0063 0068 0071 0075 0076 0095
домашний	0002 0033 0039 0041 0045 0051 0052 0063 0067 0068 0076 0083 0086
домен	0008 0011 0012 0032 0036 0051 0063 0087
доменный	0011 0032 0051 0074
домик	0034
доминирование	0005
доминировать	0061 0072
домножить	0071
домой	0015 0086
домофон	0013
домочадец	0039
дон	0022
донастройка	0036
донат	0086
доначисление	0003
доначислить	0003
донести	0090
доносить	0090
дончев	0023 0090
дообучать	0008
дообучаться	0034
дообучение	0008
дообучить	0034
доп	0003 0004 0067
допиливание	0091
дописывать	0052
доплата	0003
дополнение	0026 0043 0047 0053 0055 0059 0063 0067 0071 0073 0095
дополнительно	0035 0039 0063 0064 0067 0079 0080
дополнительный	0004 0005 0010 0011 0012 0013 0016 0017 0032 0035 0036 0037 0038 0040 0042 0044 0045 0046 0047 0050 0051 0052 0053 0055 0057 0059 0061 0062 0063 0064 0067 0070 0071 0073 0075 0078 0079 0081 0084 0086 0087 0088 0091 0092 0093 0095 0097 0098
дополнить	0005 0027 0073 0083 0097
дополнять	0047 0051 0061
дополняться	0075
допонительный	0011 0032
допрашивать	0076
допродажа	0013
допрос	0003
допускать	0074
допускаться	0084
допустимый	0050 0061 0081 0087 0095
допустить	0004 0015 0022 0035 0039 0040 0047 0049 0051 0052 0067 0073 0085 0089 0097
допущение	0057 0095
дорабатывать	0009 0013 0015
дорабатываться	0061
доработать	0013 0052 0062 0087
доработка	0004 0013 0029 0030 0047 0053 0061 0062
дорастать	0035
дорасти	0039
дорога	0001 0008 0012 0015 0039 0067 0076 0083 0086 0091
дорого	0003 0005 0027
дорогой	0002 0005 0008 0013 0015 0018 0033 0034 0046 0049 0068
дорогостоящий	0049
дорожать	0018
дорожный	0068 0072
доска	0008 0062 0089
досконально	0023 0088
дословно	0038 0067
досрочно	0052
доставать	0067 0082
доставить	0005 0051
доставка	0009 0042 0047 0051
доставлять	0005 0061 0076
доставляться	0027 0051
доставщик	0013
достаточно	0001 0002 0015 0017 0018 0021 0022 0025 0033 0035 0036 0037 0045 0050 0051 0052 0061 0063 0065 0067 0071 0076 0079 0082 0083 0087 0088 0089 0090 0093 0095 0096 0097 0100
достаточный	0002 0033 0034 0045 0047 0050 0051 0053 0070
достать	0046
достигаемый	0081
достигать	0022 0050 0051 0053 0068 0087 0089 0094
достигаться	0010 0022 0049 0061 0093
достигнутый	0076
достигнуть	0006 0011 0015 0016 0022 0024 0032 0034 0036 0039 0041 0043 0047 0049 0050 0051 0053 0067 0071 0076 0081 0088 0089 0097
достижение	0004 0022 0036 0042 0050 0051 0061 0067 0076 0081 0087 0088 0094
достижимый	0022
достоверность	0019 0051
достоверный	0044
достоинство	0071
достойно	0067
достойный	0062 0086
доступ	0005 0007 0008 0010 0012 0014 0016 0017 0018 0021 0026 0038 0040 0041 0042 0044 0045 0047 0048 0049 0050 0051 0052 0054 0055 0056 0058 0059 0060 0061 0064 0066 0067 0073 0077 0079 0084 0087 0088 0089 0091 0092 0095 0096 0098 0099 0100
доступно	0015 0018 0020 0021 0093 0096
доступность	0011 0016 0030 0032 0035 0041 0046 0047 0050 0051 0055 0059 0063 0070
доступный	0001 0002 0003 0004 0005 0006 0007 0008 0009 0010 0011 0012 0013 0014 0015 0016 0017 0018 0019 0020 0021 0022 0023 0024 0025 0026 0027 0028 0029 0030 0031 0032 0033 0034 0035 0036 0037 0038 0039 0040 0041 0042 0043 0044 0045 0046 0047 0048 0049 0050 0051 0052 0053 0054 0055 0056 0057 0058 0059 0060 0061 0062 0063 0064 0065 0066 0067 0068 0069 0070 0071 0072 0073 0074 0075 0076 0077 0078 0079 0080 0081 0082 0083 0084 0085 0086 0087 0088 0089 0090 0091 0092 0093 0094 0095 0096 0097 0098 0099 0100
достучаться	0059 0065 0095
досягаемость	0010 0076
доткомов	0034
дотягивать	0005
дотянуться	0002 0033
доустановка	0035
доучиваться	0067
дофамин	0023
доход	0003 0004 0010 0011 0015 0024 0032 0075 0076
доходить	0003 0015 0035 0044 0057
доходность	0018 0034
дочерний	0036 0050 0084 0095 0099
дочитать	0027 0054 0095
дочка	0086
дочь	0010 0086
др	0009 0016 0036 0037 0040 0050 0051 0061 0064 0074 0075 0098
драйв	0061
драйвер	0008 0009 0041 0051 0063 0070 0072 0092
драйверный	0092
древний	0015 0021 0022 0039 0086
древовидный	0050 0075
дрейф	0005 0076
дренаж	0051
дресс	0027
дробление	0003
дробный	0009 0052
дробь	0098
дрожание	0002 0033
дрожать	0015
дрон	0076
друг	0001 0002 0003 0004 0005 0006 0007 0008 0009 0010 0011 0012 0013 0014 0015 0016 0017 0018 0019 0020 0021 0022 0023 0024 0025 0026 0027 0028 0029 0030 0031 0032 0033 0034 0035 0036 0037 0038 0039 0040 0041 0042 0043 0044 0045 0046 0047 0048 0049 0050 0051 0052 0053 0054 0055 0056 0057 0058 0059 0060 0061 0062 0063 0064 0065 0066 0067 0068 0069 0070 0071 0072 0073 0074 0075 0076 0077 0078 0079 0080 0081 0082 0083 0084 0085 0086 0087 0088 0089 0090 0091 0092 0093 0094 0095 0096 0097 0098 0099 0100
другой	0001 0002 0005 0006 0008 0009 0010 0011 0012 0013 0014 0015 0016 0017 0018 0019 0021 0023 0024 0025 0026 0027 0028 0029 0030 0031 0032 0033 0034 0035 0036 0037 0038 0039 0040 0041 0042 0043 0044 0045 0046 0047 0049 0050 0051 0052 0053 0054 0055 0056 0057 0059 0060 0061 0062 0064 0065 0067 0068 0069 0070 0071 0072 0073 0074 0075 0076 0079 0081 0082 0083 0084 0085 0086 0088 0089 0090 0091 0092 0093 0095 0096 0097 0098 0100
дружелюбный	0049 0070 0099
дружно	0005 0027 0039
дть	0030 0045 0061 0062
дубликат	0005 0049 0050 0052 0060
дублирование	0005 0009 0050 0051 0099
дублировать	0044 0051
дублироваться	0050 0084
дубль	0017
дуда	0005
дудосить	0052
дуксин	0024
дума	0086
думать	0001 0003 0007 0008 0009 0010 0011 0013 0015 0018 0020 0027 0030 0032 0036 0039 0043 0048 0053 0074 0076 0079 0082 0083 0084 0085 0086 0089 0090 0093 0095 0096 0099
дурак	0052
дух	0006 0007 0030 0061 0076 0092
душа	0013 0027 0086
душевая	0086
дфл	0003
дымиться	0076
дымовой	0042
дыра	0005 0075 0076
дышать	0076
дьявол	0018
дэвид	0019
дюжина	0086
дюйм	0002 0033 0085
дюймовый	0002 0033
дёготь	0039
дёргать	0021 0076
дёрнуть	0091
дёшево	0003 0020 0034 0071
евангелист	0001 0042 0089
евгений	0040
евро	0010
европа	0006
европейский	0087
егор	0078
еда	0027 0076
едва	0011 0015 0021 0032 0047 0076
единица	0005 0022 0030 0037 0041 0045 0047 0050 0051 0060 0085 0089
единичный	0016 0036 0093
единовременно	0003
единообразие	0051 0079
единообразный	0050 0062
единоразовый	0087
единорог	0095
единственно	0044 0075
единственный	0003 0005 0009 0011 0015 0016 0032 0036 0040 0042 0045 0050 0051 0052 0055 0056 0059 0060 0061 0067 0071 0076 0086 0088 0091 0092 0093 0095 0099
единый	0003 0005 0006 0038 0039 0042 0045 0046 0047 0050 0051 0060 0061 0062 0066 0089 0095 0099
ежегодно	0004 0010
ежегодный	0030
ежедневно	0002 0010 0015 0033 0054 0075
ежедневный	0002 0005 0009 0023 0033 0062 0086
ежеквартальный	0034
ежемесячно	0005
ежемесячный	0010 0024 0087
еженедельный	0005
ежесуточный	0006
ежечасный	0005
ездить	0003 0013
елена	0024
елизавета	0042
елисейкин	0026
енной	0054
епвб	0004
ерминал	0041
ермолаев	0035
ес	0010
естественно	0067 0074 0086
естественноязыков	0074
естественноязыковый	0074
естественный	0005 0011 0018 0027 0032 0050 0051 0054 0067 0068 0072 0076 0083 0086 0089 0094
есть	0054 0057 0086
ефс	0003
ехать	0013 0027 0036 0076
ещё	0001 0002 0004 0009 0010 0011 0013 0015 0016 0017 0018 0021 0022 0024 0025 0027 0032 0033 0035 0036 0037 0038 0039 0040 0043 0045 0047 0050 0053 0056 0057 0060 0061 0067 0072 0075 0077 0086 0089 0091 0092 0096 0098 0099
её	0001 0004 0008 0010 0011 0013 0015 0016 0019 0021 0022 0025 0027 0028 0031 0032 0035 0036 0037 0038 0046 0047 0052 0057 0060 0061 0063 0067 0075 0076 0078 0079 0086 0087 0089 0090 0092 0093 0098
жа	0086
жадно	0051
жадный	0036
жалеть	0010
жалоба	0076
жаловаться	0005 0014 0093
жанр	0071
жаргон	0095
жареный	0086
жаркий	0002 0033
жарко	0027
жать	0095
ждать	0003 0005 0006 0010 0013 0015 0018 0021 0034 0037 0045 0048 0051 0052 0056 0059 0064 0066 0067 0071 0076 0094 0095 0096 0099
жевать	0076
желаемый	0038 0041 0045 0051 0053 0059 0064 0081 0086 0088 0093
желание	0039 0067 0076 0083 0086 0088 0093
желанный	0023
желательно	0021 0027 0067 0074
желать	0012 0036 0063 0070 0089 0096 0098
железа	0013 0047 0064 0066 0079 0087 0092 0095
железка	0013 0035
железный	0076 0099
железо	0013 0022 0035 0051 0061 0066 0070 0074 0087 0092 0095 0099
желудочный	0023
жена	0019 0027 0053 0071
женщина	0023 0028 0031 0085
женя	0039
жертва	0012 0039
жестокий	0076
живой	0001 0003 0016 0034 0036 0061 0076 0088 0100
живот	0001
животное	0011 0032 0050 0076
живьём	0027
жидкость	0076
жизнедеятельность	0054
жизненно	0051 0076
жизненный	0003 0022 0037 0042 0050 0051 0059 0061 0064 0069 0070 0076 0079 0083 0084 0086 0096
жизнь	0002 0009 0010 0013 0015 0020 0022 0023 0027 0033 0039 0043 0045 0047 0050 0051 0052 0053 0054 0062 0068 0071 0075 0076 0082 0083 0086 0090 0091 0092 0093
жилец	0042
жилище	0051
жильё	0072 0097
жирный	0027 0086
житель	0042
житков	0022
жить	0005 0010 0013 0015 0027 0039 0042 0045 0047 0051 0061 0067 0076 0077 0086 0089
жкх	0003 0004
жопа	0027
жсоноукладчик	0045
журнал	0012 0034 0042 0051 0059 0070 0076 0091
журналировать	0070
журналист	0002 0033 0047 0076 0083 0086 0090
журналистика	0015 0083
журналистский	0086
жуткий	0019 0076
жуть	0021 0086
жёлтый	0051 0076 0086 0095
жёсткий	0001 0027 0034 0047 0050 0051 0070 0076 0088 0096 0099
жёстко	0018 0045 0050 0060 0074
заафектит	0035
зааффектит	0035
забавно	0027 0039
забавный	0034 0051 0067
забанный	0052 0096
забегать	0027 0065
забивать	0071
забирать	0001 0017 0039
забить	0027
заблокировать	0010 0011 0012 0014 0026 0032 0050 0051 0052 0059 0077 0099
заблуждаться	0053
заблуждение	0008 0025 0049 0083
заболевание	0015 0023 0068 0075 0076 0089
заболеть	0003
забота	0003 0027 0061
заботиться	0052 0055 0086
заботливо	0071
забрасывать	0082
забрать	0001 0043 0046
забросить	0005
забывание	0082
забывать	0018 0027 0035 0048 0050 0067 0076 0095
забыть	0001 0013 0034 0052 0053 0055 0057 0060 0067 0069 0071 0082 0086 0088 0095
забыться	0082
завалить	0076
заведение	0004
заверение	0008 0067 0076
завершатель	0036
завершать	0010 0016 0036 0040 0050 0052 0081 0088
завершаться	0017 0050 0052 0088
завершение	0008 0009 0012 0016 0027 0036 0037 0040 0041 0047 0048 0050 0051 0052 0060 0061 0064 0071 0076 0081 0088 0095
завершить	0040 0041 0042 0050 0051 0052 0061 0076 0081 0087 0093 0095
завершиться	0016 0037 0045 0050 0088 0095
завеса	0045
завести	0045
завестись	0095
завидовать	0093
зависеть	0005 0006 0008 0011 0013 0018 0022 0025 0032 0035 0036 0037 0041 0045 0047 0049 0050 0051 0052 0054 0057 0069 0070 0073 0075 0077 0079 0084 0089 0092
зависимость	0001 0004 0005 0013 0018 0021 0022 0025 0027 0029 0030 0034 0035 0036 0041 0042 0043 0045 0047 0049 0050 0051 0052 0054 0059 0061 0062 0063 0065 0069 0070 0071 0072 0073 0074 0075 0079 0084 0089 0090 0092 0093 0094 0095 0098
зависимый	0071 0075 0079 0086 0092 0099
зависнуть	0052
завод	0002 0008 0015 0033
заводить	0091
заводский	0002 0008 0033
завоевать	0076 0083
завораживать	0036
заворачиваться	0038
завращаться	0076
завтра	0003 0005 0027 0071 0086
завтрак	0086
завтрашний	0003 0086
завуалировать	0039
завысить	0018
завышать	0034 0067
завязка	0026
загадать	0052
загадка	0052 0088
загадочный	0071 0076
загадывать	0052
заглядывать	0028 0031
заглянуть	0012 0015 0022 0038 0049 0061 0081 0093 0095
заговор	0076
заголовок	0010 0015 0016 0030 0045 0051 0052 0055 0076 0087 0088 0092
заголовочный	0092
загон	0076
загонять	0027 0076
заготовка	0008 0081
загружать	0012 0040 0044 0050 0051 0055 0056 0061 0074 0076 0079 0087 0088 0092 0095 0097 0100
загружаться	0037 0040 0041 0047 0050 0051 0060 0070 0087 0092
загружёный	0010
загрузить	0010 0012 0019 0020 0021 0024 0037 0040 0041 0044 0047 0048 0050 0055 0056 0061 0063 0069 0074 0075 0078 0083 0086 0087 0092 0095 0098
загрузиться	0088 0092 0095
загрузка	0005 0008 0012 0037 0038 0040 0041 0044 0045 0047 0050 0051 0055 0059 0061 0062 0063 0069 0074 0087 0092 0097 0098
загрузочный	0080 0092
загрузчик	0040 0050 0061 0076 0080 0088 0092
загуглили	0011 0032
задавать	0001 0003 0009 0010 0011 0015 0032 0038 0045 0050 0062 0063 0065 0067 0069 0071 0073 0079 0095
задаваться	0027 0050
задание	0009 0035 0037 0039 0051 0052 0053 0057 0063 0067 0083 0086 0089 0090
задать	0001 0007 0010 0018 0035 0036 0045 0047 0049 0050 0052 0057 0060 0061 0063 0065 0067 0069 0072 0073 0083 0088 0089 0092 0093 0095 0098
задача	0001 0002 0003 0004 0005 0008 0009 0010 0011 0013 0015 0018 0027 0030 0032 0033 0035 0036 0037 0039 0041 0042 0045 0046 0047 0048 0049 0050 0051 0052 0057 0059 0060 0061 0062 0064 0067 0068 0069 0070 0071 0072 0075 0076 0077 0079 0081 0082 0083 0084 0086 0087 0088 0089 0092 0093 0094 0095 0098 0100
задачка	0057 0092
задействование	0095
задействовать	0047 0079 0088 0089
задействоваться	0065
заделать	0086
задеплоить	0035 0059 0063 0094 0095
задерживаться	0056 0086
задержка	0005 0051 0052 0061 0076 0086
задеть	0079
задний	0061
задокументировать	0015 0017
задолбать	0027
задолго	0076
задолженность	0004 0075
задом	0052
задумать	0045
задуматься	0015 0016 0022 0034 0043 0086 0090 0093
задумываться	0010 0049 0083 0089 0092
задушить	0076
зажечься	0022
зазнаваться	0015
заимствовать	0025 0035 0050
заинтересованный	0015 0050 0083
заинтересовать	0057 0058 0095
зайти	0020 0026 0027 0038 0045 0054 0055 0064 0071 0095
заказ	0002 0005 0011 0013 0032 0033 0037 0047 0051 0064 0076 0086
заказать	0013 0037 0051
заказной	0026 0034
заказчик	0001 0013 0016 0062
заказывать	0013
заканчивать	0001 0025 0035 0039 0043 0078 0093
заканчиваться	0001 0003 0004 0005 0036 0038 0040 0050 0051 0052 0071 0076 0092
закапываться	0039
закачивать	0076
закешировать	0060
закидать	0086
закидывать	0071
закинуть	0027
закипеть	0039
закладка	0001 0002 0003 0004 0005 0006 0007 0008 0009 0010 0011 0012 0013 0014 0015 0016 0017 0018 0019 0020 0021 0022 0023 0024 0025 0026 0027 0028 0029 0030 0031 0032 0033 0034 0035 0036 0037 0038 0039 0040 0041 0042 0043 0044 0045 0046 0047 0048 0049 0050 0051 0052 0053 0054 0055 0056 0057 0058 0059 0060 0061 0062 0063 0064 0065 0066 0067 0068 0069 0070 0071 0072 0073 0074 0075 0076 0077 0078 0079 0080 0081 0082 0083 0084 0085 0086 0087 0088 0089 0090 0091 0092 0093 0094 0095 0096 0097 0098 0099 0100
закладывать	0015 0061 0067 0075
заклинание	0039 0088
заклинивание	0051
заключать	0074
заключаться	0003 0006 0015 0018 0035 0042 0050 0051 0052 0067 0075 0076 0079 0086 0089 0093 0097 0100
заключение	0004 0012 0015 0017 0021 0022 0035 0038 0040 0041 0042 0045 0046 0052 0060 0061 0068 0070 0071 0079 0081 0087 0089 0091 0095 0098 0099
заключительный	0022
заключить	0003 0004 0022 0035 0050 0076
заклятие	0039
закодировать	0063
заколдованный	0086
закомментировать	0041 0063
закоммитить	0045 0091
закон	0003 0018 0021 0036 0047 0051 0054 0082 0094
законный	0003 0076
законодательство	0003 0004 0019
закономерно	0004 0027 0092
закономерность	0018 0022 0036 0068 0072 0075 0082 0083 0094
законсервировать	0034
закончить	0036 0076 0085 0086 0092 0093 0095
закончиться	0001 0037 0045 0046 0049 0053 0081
закосячить	0021
закрепить	0038 0039 0047 0049 0062 0067
закрепиться	0012
закрепление	0012 0060
закрепляться	0096
закрутить	0008 0027
закручивать	0027
закрывать	0050 0076
закрываться	0001
закрытие	0034 0050 0052 0062
закрытость	0050
закрытый	0003 0006 0009 0013 0047 0050 0052 0062 0074 0088 0091
закрыть	0010 0050 0052 0053 0076 0095
закрыться	0015 0027 0052
закулисье	0012
закупать	0076
закупка	0047
закуска	0086
закэшировать	0036 0050
залегание	0075
залезать	0035
залить	0034
залог	0010 0017
залогиниться	0095 0096
заложить	0005 0086 0093
зам	0053
заманивать	0034
заманить	0026
замануха	0027
заманчивый	0005
замедление	0015
замедлить	0052 0076 0079 0099
замедлять	0002 0033 0047
замедляться	0005 0009 0015
замена	0004 0005 0015 0050 0051 0061 0074 0076 0083 0099 0100
заменимый	0059 0061
заменитель	0050 0051
заменить	0001 0005 0007 0009 0015 0030 0035 0038 0045 0046 0050 0051 0056 0067 0080 0083 0095 0097
заменять	0001 0006 0015 0036 0050 0051 0056 0059 0061 0076 0084 0086
замер	0001 0075
замерить	0099
заместитель	0050
заметить	0002 0007 0010 0012 0015 0033 0036 0038 0042 0045 0050 0051 0052 0055 0065 0067 0076 0079 0081 0082 0086 0089 0093 0094 0095 0096 0100
заметка	0002 0019 0027 0030 0033 0038 0074 0076
заметно	0020 0100
заметный	0005 0009 0061 0076
замечание	0001 0067 0086 0095
замечательный	0001 0041 0067
замечать	0001 0009 0026 0039 0049 0076 0082
замешательство	0055 0076
замещать	0006
заминусовать	0001
замкнутый	0013
замкнуть	0013
замок	0008 0016
заморозить	0061 0086
замыкание	0025
замыкаться	0067
замысел	0083
замышлять	0076
замять	0076
занавес	0066
занавеска	0076
занести	0046 0086
занижать	0015
занимательный	0067
занимать	0001 0005 0008 0010 0015 0036 0037 0042 0044 0045 0047 0050 0051 0052 0060 0061 0067 0072 0079 0081 0084 0087 0088 0089 0090 0099
заниматься	0015 0021 0026 0027 0039 0042 0045 0050 0053 0054 0061 0063 0068 0071 0075 0076 0079 0086 0089 0093 0095
заново	0010 0045 0049 0051 0071 0092 0095 0099
заносить	0013
занятие	0021 0053 0067 0086
занятный	0067
занятой	0003 0045 0076
занятость	0003 0083
занятый	0003 0040 0044 0049 0076 0088
занять	0001 0002 0010 0015 0017 0021 0033 0044 0045 0050 0051 0056 0061 0067 0071 0076 0084 0086 0089
заняться	0010 0027 0038 0053 0067 0095
заодно	0025 0034 0091 0095
запад	0074
западный	0074
запаковать	0061
запас	0049 0053 0076
запасаться	0015
запасть	0076
запах	0086
запекать	0091
запечь	0086
записать	0012 0027 0041 0044 0050 0052 0060 0071 0076 0081 0085
записаться	0064
записка	0015 0047 0049 0076
записной	0063
записывать	0013 0036 0044 0047 0050 0051 0076
записываться	0051 0052 0053
запись	0005 0010 0012 0013 0023 0026 0041 0044 0049 0050 0051 0052 0054 0057 0061 0063 0064 0071 0076 0079 0080 0081 0083 0085 0089 0095 0099 0100
запланировать	0026 0055 0086 0093
заплатить	0057 0076
заплесневелый	0076
запнуться	0038
заподозрить	0027
заполнение	0050 0076 0089
заполненность	0018
заполнитель	0051
заполнить	0010 0040 0049 0050 0090
заполнять	0034 0050 0064 0075
заполняться	0040 0049 0050 0071 0073 0090
заполучить	0095
запоминание	0053 0082
запоминатель	0082
запоминать	0051 0057 0082 0086 0096
запоминаться	0011 0032 0095
запомнить	0023 0067 0071 0082 0086 0096
запомниться	0015
заправлять	0071
запрашивать	0005 0016 0026 0040 0051 0060 0063 0073 0075 0096 0099
запрашиваться	0005 0040 0076
запрет	0025 0043
запретить	0010 0025 0052
запрещать	0025
запрограммировать	0083
запрос	0005 0006 0008 0011 0012 0013 0016 0026 0030 0032 0035 0036 0037 0038 0043 0045 0046 0047 0048 0050 0051 0052 0057 0059 0062 0064 0069 0073 0074 0075 0076 0084 0087 0095 0098 0099
запросить	0007 0026 0045 0051 0093
запугать	0015
запуск	0001 0005 0007 0008 0011 0015 0017 0027 0028 0031 0032 0035 0037 0038 0040 0041 0042 0045 0047 0048 0050 0051 0052 0055 0056 0059 0060 0061 0063 0064 0065 0066 0069 0070 0071 0073 0074 0079 0080 0084 0087 0088 0092 0095 0098 0100
запускать	0001 0005 0006 0008 0010 0015 0036 0037 0038 0039 0041 0042 0044 0045 0047 0048 0049 0050 0051 0052 0055 0056 0057 0059 0060 0061 0062 0064 0065 0066 0069 0071 0072 0073 0074 0076 0079 0081 0084 0087 0092 0093 0095 0098
запускаться	0008 0013 0035 0037 0038 0045 0046 0047 0050 0051 0056 0059 0060 0063 0064 0065 0069 0070 0076 0079 0080 0081 0092 0095 0096 0098
запустить	0001 0008 0011 0012 0022 0032 0036 0037 0038 0041 0042 0045 0047 0050 0051 0052 0055 0056 0059 0060 0061 0062 0063 0064 0065 0066 0069 0070 0073 0075 0079 0081 0083 0084 0085 0087 0092 0095 0098 0100
запуститься	0008 0022 0038 0045 0052 0056 0059 0065 0066 0084 0092 0095
запутанно	0092
запутать	0001 0012 0052 0055 0067 0076 0095 0096
запутаться	0035 0085
запушить	0045 0067
запущенность	0038
запястье	0002 0033
запятая	0016 0036 0050 0060 0093 0099
зарабатывать	0003 0010 0013 0027 0088
заработать	0003 0005 0013 0018 0045 0095
заработный	0004
заработок	0024 0042
заразить	0012
заранее	0013 0026 0043 0045 0047 0049 0050 0052 0054 0060 0061 0071 0072 0076 0089 0092 0093 0095
зарегистрировать	0004 0008 0009 0010 0011 0026 0032 0036 0059
зарегистрироваться	0065 0079
зарегулировать	0089
зарезервированный	0025 0044 0050 0051 0088
зарезервировать	0025 0051 0081
зародиться	0079 0090
зарождение	0051
зарплата	0003 0004 0027 0034 0039 0042 0067 0071
зарубежный	0013 0014
зарыть	0039
зарыться	0092
заря	0022 0027
заряд	0002 0013 0033
зарядка	0002 0033 0086
заряжать	0002 0033
заряжаться	0013 0023
засветить	0091
засечь	0052
заслать	0012
заслуга	0047
заслуженно	0095
заслуживать	0015 0063 0092 0094
заслужить	0047
засовывать	0091
засорить	0060 0076
засорять	0069
заставить	0015 0016 0019 0022 0030 0036 0052 0053 0060 0076 0077 0086 0089 0095
заставлять	0037 0049 0050 0058 0071 0076 0082 0086
застать	0027 0039
застигнуть	0006
застревание	0051
застревать	0001 0055
застрять	0001 0055
застылый	0061
засунуть	0039 0043
засчитывать	0052
засыпать	0052
затворный	0036
затеваться	0045
затем	0010 0012 0015 0016 0021 0022 0036 0037 0044 0047 0049 0050 0051 0055 0059 0061 0062 0064 0065 0067 0068 0071 0075 0076 0079 0081 0084 0085 0086 0091 0092 0093 0097 0098 0100
затемнение	0028 0031
затемнять	0028 0031
затирка	0086
затмевать	0076
зато	0009 0011 0018 0032 0039 0050 0061 0075 0094
заточить	0005 0008 0026
затрагивать	0022 0035
затрата	0003 0005 0010 0011 0032 0035 0037 0042 0047 0050 0051 0061 0064 0067 0068 0079 0087
затратить	0051 0090
затратный	0050 0071 0089
затронуть	0035 0051 0061
затруднение	0067
затруднительно	0022 0088
затруднить	0050 0068
затруднять	0050
затухание	0036
затыкать	0076
затылок	0076
затянуть	0041
заурядный	0022
заучивание	0082
зафиксировать	0003 0012 0034 0048 0050 0076
захардкодить	0043
захаренко	0078
захват	0005 0025 0056 0076 0089
захватить	0022 0039 0050 0076 0083 0095
захватывать	0009 0013 0025 0061 0068 0076 0095
заходить	0005 0010 0012 0034 0039 0045 0052 0060 0067 0076
захотеть	0025 0067 0080 0086
зацепить	0015 0021
зацикленный	0005
зацикливаться	0001
зациклиться	0086
зачастую	0027 0035 0042 0045 0051 0057 0085 0094
зачаточный	0005
зачистка	0005
зашифровать	0013 0051 0091
защита	0008 0010 0012 0015 0017 0023 0041 0050 0051 0052 0065 0082 0090 0096
защитить	0003 0006 0010 0017 0025 0050 0051 0076 0092
защитный	0023 0028 0031 0034 0039 0076
защищать	0002 0003 0008 0019 0023 0028 0031 0033 0035 0045 0048 0050 0064 0074 0076 0092
защищаться	0023
защищённость	0079 0080
заявить	0002 0010 0011 0014 0015 0032 0033 0076 0083 0088
заявка	0004 0010 0018 0034 0053 0063
заявление	0003 0004 0010 0036
заявлять	0013 0076
заём	0006 0010 0017 0034 0075
заёмный	0017
заёмщик	0075
звание	0042
звать	0053 0067
звезда	0022 0076 0079
звездогалактика	0022
звездообразование	0022
звено	0012 0089
зверь	0076
звонить	0013 0027 0093
звонок	0013 0076
звук	0013 0019 0067 0082
звучать	0001 0011 0015 0018 0032 0039 0042 0053 0076 0088 0089 0091 0093 0095
звучащий	0036
звучный	0011 0032
звёзд	0075
звёздный	0022 0072 0086
звёздочка	0045 0067
здание	0076
здорово	0026 0046 0093
здоровый	0084 0086
здоровье	0023 0027 0077
здравоохранение	0083 0089
здравохранение	0093
здравый	0018
зеленоград	0013
зелёный	0013 0027 0051 0086 0095 0097
землетрясение	0075
землистый	0086
земля	0010 0015 0021 0022 0076 0083 0086
земной	0022
зеркало	0076 0077 0086
зеркальный	0050 0076
зерно	0076 0086
зимний	0076
зимой	0004 0008 0024
зиять	0005 0053
злак	0086
злиться	0086
зловредный	0076 0081
злодей	0076
злой	0083
злоумышленник	0012 0047 0051 0076 0079
злоумышленный	0012 0050
злоупотреблять	0012 0050
знак	0003 0016 0020 0036 0050 0053 0057 0060 0084 0086 0088 0092 0098
знаковый	0011 0032
знакомиться	0067 0095
знакомство	0042 0088
знакомый	0011 0013 0032 0044 0046 0047 0051 0052 0061 0067 0075 0093 0094 0098
знаменитость	0086
знаменитый	0020 0061 0089
знание	0001 0007 0010 0015 0018 0020 0027 0036 0039 0040 0041 0042 0043 0047 0049 0053 0055 0057 0060 0063 0067 0068 0070 0071 0072 0074 0076 0082 0083 0085 0088 0089 0092 0093 0095
знать	0001 0006 0007 0009 0013 0015 0018 0020 0023 0026 0027 0035 0036 0039 0040 0042 0044 0045 0046 0049 0050 0051 0052 0053 0055 0065 0067 0071 0075 0076 0077 0079 0083 0084 0085 0086 0088 0089 0090 0091 0092 0093 0095 0096 0097 0099 0100
значение	0004 0005 0010 0015 0016 0021 0025 0036 0038 0040 0041 0043 0044 0045 0049 0050 0051 0052 0054 0055 0056 0057 0060 0061 0063 0064 0067 0069 0071 0073 0075 0076 0080 0081 0083 0084 0085 0089 0090 0093 0095 0097 0098 0099
значень	0050
значимость	0009 0015 0018 0042 0067 0068 0090
значимый	0009 0015 0016 0026 0047 0070 0072 0076 0093
значит	0002 0006 0015 0016 0021 0026 0033 0034 0035 0038 0039 0040 0042 0045 0047 0049 0050 0051 0052 0056 0059 0060 0061 0064 0066 0067 0071 0072 0076 0082 0088 0089 0090 0092 0093 0095
значительно	0004 0005 0011 0015 0021 0025 0029 0030 0032 0036 0042 0043 0047 0050 0058 0062 0063 0068 0070 0075 0079 0087 0093 0094 0097
значительный	0003 0005 0015 0021 0034 0041 0045 0047 0050 0051 0055 0068 0083 0087 0094 0095
значить	0039
значный	0081
знающий	0027 0088 0095
золото	0076
золотой	0005 0018 0027 0034 0060
зомби	0081
зона	0003 0011 0013 0030 0032 0034 0046 0061 0090 0091 0099
зонтичный	0072 0089
зоопарк	0076
зрелость	0005 0035 0061 0074 0087
зрелый	0005 0022 0030 0035 0061 0074
зрение	0006 0009 0012 0017 0034 0035 0036 0042 0045 0049 0055 0057 0059 0063 0067 0071 0075 0076 0082 0083 0089 0090 0093
зреть	0015
зритель	0024
зря	0042 0096
зуб	0076 0086
зыбкий	0022
иала	0054
иб	0042 0100
ибп	0051
иван	0052 0068 0088
иванов	0044
ивента	0045 0057
игнорирование	0001 0051 0095
игнорировать	0001 0015 0025 0048 0052 0059 0076 0083
игнорироваться	0051
игорь	0001 0013 0066
игра	0008 0009 0024 0030 0051 0052 0054 0060 0070 0072 0075 0076 0086 0089 0093
играть	0006 0010 0011 0027 0032 0034 0042 0050 0054 0060 0068 0076 0083 0086 0094 0095
игровой	0051 0052
игрок	0005 0006 0052 0089
игрушечный	0082 0097
игрушка	0001 0010 0015 0027 0094 0097
идеал	0005 0082
идеально	0001 0005 0013 0015 0036 0045 0047 0049 0070 0083 0087 0091 0092
идеальный	0002 0005 0015 0033 0035 0036 0042 0049 0057 0066 0070 0075 0079 0088 0093
идейно	0045
идемпотентность	0035
идентифиатор	0096
идентификатор	0025 0036 0045 0049 0050 0051 0060 0064 0081 0095 0096 0098
идентификация	0018 0051 0054 0064 0083
идентифицировать	0051 0054 0081 0097
идентифицироваться	0051 0064
идентичность	0060
идентичный	0036 0049 0061 0063 0095 0099
идеологический	0076
идеология	0042 0061
идея	0003 0005 0006 0010 0013 0021 0026 0027 0030 0035 0042 0043 0045 0051 0060 0061 0066 0067 0071 0076 0078 0085 0086 0087 0088 0089 0090 0092 0093 0095 0100
идиом	0083
идиоматический	0009
идиот	0034
идол	0090
идти	0001 0003 0006 0008 0013 0015 0017 0022 0026 0027 0034 0035 0036 0037 0039 0045 0047 0051 0053 0059 0061 0066 0067 0070 0071 0073 0083 0084 0086 0088 0092 0093 0095 0096 0100
иерархический	0050 0051 0068
иерархия	0039 0040 0050 0052 0082 0088
избавить	0071
избавиться	0005 0037 0047 0050 0051 0071 0095
избавление	0086
избавлять	0099
избавляться	0040
избегать	0002 0005 0008 0025 0033 0041 0047 0048 0049 0074 0096
избежание	0051
избежать	0008 0010 0012 0025 0037 0047 0049 0050 0051 0052 0061 0084 0089
избиратель	0076
избранный	0076 0094
избыточно	0002 0033 0065 0076
избыточность	0050 0051 0092
избыточный	0047 0051 0070
извергать	0076
извернуться	0027
известковый	0034
известно	0040 0057 0082 0085 0089
известный	0006 0012 0017 0022 0023 0034 0036 0046 0050 0051 0055 0058 0067 0070 0075 0076 0083 0088 0089 0093 0094 0098
извечный	0027
извинение	0019
извинить	0013
извлекать	0036 0050 0068 0081 0084
извлекаться	0051
извлечение	0008 0018 0051 0076 0081 0089 0100
извлечь	0012 0026 0051 0100
извне	0016 0045 0059 0076
извозчик	0001
изгибаться	0076
изготовить	0076
изготовление	0076 0089
издалёка	0027
издание	0025 0088
издатель	0088
издательский	0004
издержка	0035 0046
излагать	0067
излишек	0076
излишний	0037 0047 0050 0070 0086
изложение	0067 0090
изложить	0040 0067 0090
излучение	0022
изматывать	0095
изменение	0002 0003 0004 0005 0007 0009 0015 0016 0017 0018 0021 0025 0026 0033 0035 0036 0038 0039 0041 0042 0043 0045 0046 0047 0049 0050 0051 0052 0055 0056 0061 0062 0069 0070 0071 0073 0076 0077 0079 0080 0082 0084 0086 0088 0089 0092 0093 0095 0096 0099
изменить	0009 0015 0016 0025 0034 0036 0038 0041 0044 0045 0049 0050 0051 0052 0053 0054 0055 0061 0074 0076 0079 0083 0084 0085 0095 0098 0099
измениться	0001 0010 0013 0015 0017 0025 0036 0049 0050 0052 0055 0059 0060 0061 0069 0071 0073 0075 0076 0085 0099
изменчивость	0051
изменяемый	0049 0050 0052
изменять	0018 0036 0045 0049 0050 0051 0084 0085 0089 0093
изменяться	0034 0036 0047 0050 0082 0094
измерение	0015 0021 0051 0085 0093
измеримый	0018 0093
измерить	0013 0039 0057 0075 0076
измерять	0001 0009 0013 0015 0016 0036 0076 0093
измеряться	0076
изначально	0006 0008 0010 0013 0016 0021 0026 0036 0040 0055 0061 0075 0076
изначальный	0050
изнашиваться	0086
износ	0026 0086
износить	0076
изнутри	0027 0045 0050 0052 0059 0092
изобиловать	0086
изображение	0008 0010 0030 0042 0047 0051 0061 0067 0068 0071 0072 0074 0075 0076 0080 0083 0084 0085 0086 0087 0089
изобразить	0042 0067 0071 0075 0085
изобрести	0093
изобретать	0061 0080 0082
изобретение	0083
изогнуться	0076
изолированно	0065
изолированность	0050 0065
изолировать	0042 0050 0051 0059 0061 0064 0065 0069 0070 0074 0076 0079 0082 0087 0095
изоляция	0008 0042 0045 0046 0047 0050 0051 0064 0065 0070 0076 0079 0087 0095 0099
изощрённый	0075
израиль	0076
израсходовать	0076
изучать	0018 0022 0026 0036 0049 0052 0053 0054 0055 0059 0061 0067 0068 0075 0076 0086 0093 0095
изучаться	0067
изучение	0010 0016 0027 0034 0036 0042 0054 0055 0059 0063 0065 0067 0070 0088 0089 0094 0098
изучить	0005 0010 0012 0015 0022 0023 0049 0051 0052 0054 0062 0063 0064 0067 0068 0070 0075 0083 0085 0088 0089 0093 0095
изъян	0076 0089
изыскание	0094
изысканный	0076 0086
изьять	0034
изящно	0005
иишность	0021
ил	0088
иллюзия	0018
иллюстрация	0076
иллюстрировать	0022 0042 0059
илона	0076
илья	0039 0042 0084
именнный	0030
именно	0005 0006 0007 0008 0009 0010 0015 0016 0022 0023 0027 0035 0036 0038 0039 0040 0045 0046 0047 0049 0051 0052 0054 0055 0056 0057 0059 0060 0061 0062 0063 0065 0067 0069 0070 0071 0072 0074 0076 0079 0082 0083 0084 0086 0088 0089 0090 0092 0093 0095 0100
именование	0055 0098 0099
именовать	0036 0050 0052 0069 0098
именоваться	0088
иметь	0003 0004 0005 0006 0010 0013 0015 0017 0018 0019 0021 0022 0025 0026 0035 0036 0039 0040 0041 0042 0043 0044 0045 0046 0047 0049 0050 0051 0052 0053 0054 0055 0056 0057 0059 0062 0063 0064 0065 0067 0068 0070 0071 0072 0075 0076 0077 0079 0080 0082 0083 0084 0085 0086 0087 0088 0089 0092 0093 0095 0097 0098 0099
иметься	0022 0034 0038 0039 0046 0050 0051 0055 0067 0088 0093
имитация	0076
имитировать	0019 0050 0052 0070 0079 0089 0095
иммунитет	0076
иммунный	0076
иммутабельный	0050
императивный	0046
имплементация	0045 0046 0050
импонировать	0030
импорт	0030 0050 0052 0057 0061 0087 0093 0098
импортировать	0045 0050 0052 0087 0093 0097 0098
импортёр	0006
импровизированный	0076
импульс	0036
имт	0023
имя	0007 0011 0012 0016 0017 0025 0032 0036 0038 0040 0041 0042 0044 0045 0046 0049 0050 0051 0052 0054 0058 0059 0060 0061 0063 0064 0065 0066 0069 0073 0075 0076 0079 0080 0084 0085 0086 0088 0091 0095 0096 0097 0098 0100
имяпользователь	0077
иначе	0004 0006 0008 0016 0039 0041 0044 0045 0049 0050 0052 0057 0060 0067 0069 0076 0082 0083 0084 0092
инвазивный	0076
инверсия	0050
инвертирование	0049
инвертировать	0050 0051 0052
инвестирование	0018
инвестировать	0005 0006 0072
инвестиционный	0015 0018
инвестиция	0015 0018 0034 0083 0089
инвестор	0003 0006 0018 0034 0076
ингредиент	0076 0086 0095
ингресс	0045
ингрессать	0045
индейка	0086
индек	0044
индекс	0005 0013 0034 0036 0044 0049 0050 0051 0052 0057 0060 0087 0093 0097 0099
индексация	0051 0052 0060 0074 0099
индексирование	0051 0099
индексировать	0051 0099
индивидуализировать	0068
индивидуально	0051
индивидуальность	0086 0090
индивидуальный	0051 0061 0070 0086
индикатор	0018 0034 0051 0095
индустриализация	0076
индустрия	0001 0002 0005 0006 0015 0018 0021 0033 0039 0042 0053 0067 0072 0083 0086 0095
инерция	0015 0056
инженер	0001 0005 0008 0015 0027 0035 0039 0041 0042 0047 0048 0053 0059 0060 0061 0062 0067 0069 0076 0089 0097
инженеринг	0035
инженерия	0001 0005 0012 0015 0017 0061
инженеркатех	0005
инженерный	0001 0007 0013 0036 0049 0061
инжиниринг	0067
инициализатор	0044 0050
инициализация	0040 0041 0043 0045 0050 0051 0056 0061 0066 0070 0092 0098
инициализировать	0036 0041 0048 0050 0056 0060 0061 0066 0085 0092 0093 0098
инициализироваться	0036 0040 0050 0051 0066 0092
инициатива	0027 0061 0067 0089
инициатор	0010 0096
инициировать	0010 0016 0051
инкапсулировать	0045 0050 0069
инкапсуляция	0050 0051 0052 0061
инкогнит	0089
инкогнито	0011 0032
инкремент	0057
инкрементальный	0005 0021 0099
инкрементный	0089
инкубатор	0061
инкубаторный	0061
инкубационный	0061
инлайнить	0061
инна	0002 0033 0099
инновационность	0010 0018
инновационный	0006 0010 0068 0070 0086
инновация	0009 0051 0068 0070 0083 0088 0089
иной	0030 0040 0045 0050 0063 0064 0075 0077 0082 0085 0089 0093 0095
инопланетный	0076
инопланетянин	0082
иностранный	0004 0011 0032 0074
инспектор	0003
инспекция	0003
инсталлятор	0080
инстанс	0008 0045 0050 0061 0095 0099
инстанцировать	0050
инстинктивный	0076
институт	0010 0015 0022 0023 0086
институциональный	0015 0018 0039
инструкция	0015 0025 0040 0041 0042 0044 0045 0050 0051 0058 0061 0063 0064 0065 0069 0072 0075 0079 0084 0087 0089 0095 0098
инструмент	0001 0002 0003 0005 0007 0009 0011 0012 0013 0015 0016 0018 0019 0020 0023 0027 0030 0032 0033 0034 0035 0037 0039 0040 0041 0042 0045 0047 0048 0049 0050 0051 0053 0054 0055 0057 0058 0059 0060 0061 0062 0063 0064 0067 0068 0069 0070 0071 0072 0075 0076 0079 0081 0083 0085 0086 0087 0088 0089 0092 0093 0094 0095 0098 0100
инструментальный	0074
инструментарий	0005 0018 0052
интеграл	0067
интегральный	0051
интеграционный	0035 0042
интеграция	0001 0005 0009 0013 0018 0027 0030 0035 0042 0046 0047 0048 0051 0053 0061 0062 0063 0067 0070 0074 0087 0091 0094
интегрировать	0001 0005 0018 0051 0055 0061 0074 0098
интегрироваться	0047 0051 0100
интелект	0072
интеллект	0006 0008 0009 0011 0014 0015 0018 0019 0020 0021 0023 0028 0031 0032 0034 0036 0048 0054 0063 0067 0068 0071 0072 0074 0076 0078 0082 0083 0086 0087 0089 0090 0093 0094 0100
интеллектуальный	0015 0030 0068 0076 0089 0094
интенсив	0082
интенсивно	0022
интенсивность	0003 0087
интенсивный	0051 0086
интерактивный	0005 0012 0016 0030 0045 0060 0067 0069 0080 0087 0092 0095 0100
интервал	0036 0044 0051 0061 0067 0076 0093
интервальность	0082
интервью	0013 0023 0027 0035 0053 0067 0076 0086 0093
интерес	0006 0010 0011 0021 0032 0039 0045 0058 0061 0063 0075 0076 0086 0088 0090 0094
интересно	0001 0010 0013 0020 0026 0037 0042 0044 0049 0053 0055 0057 0058 0066 0073 0085 0093 0095
интересный	0003 0005 0009 0010 0015 0021 0027 0034 0038 0044 0045 0048 0051 0053 0057 0058 0061 0063 0066 0067 0069 0075 0088 0093 0095 0097
интересовать	0039 0045 0046 0055 0063
интересоваться	0021 0081
интерливинга	0082
интернет	0003 0007 0010 0011 0012 0013 0014 0015 0018 0020 0026 0032 0034 0035 0036 0038 0045 0051 0054 0055 0059 0064 0067 0070 0074 0076 0083 0086 0087 0094 0095 0096
интернирование	0060
интернировать	0060
интернироваться	0060
интерпретатор	0040 0045 0049 0050 0052 0060 0061 0088
интерпретация	0011 0021 0032 0040 0044 0068 0083
интерпретировать	0016 0040 0050 0051 0054 0061 0067 0083 0089 0094
интерпретироваться	0040 0052 0061 0084
интерпретируемость	0094
интерфейс	0008 0011 0015 0016 0018 0030 0032 0038 0040 0041 0042 0043 0044 0045 0048 0050 0051 0055 0056 0061 0062 0063 0070 0072 0074 0087 0088 0092 0095 0098 0100
интерфейсировать	0054
интерфейсный	0042 0098
интонация	0019
интсрумент	0098
интуитивно	0036 0049 0076 0082
интуитивный	0015 0070 0076 0082
интуиция	0001 0076 0083 0089
инфекционный	0015
инференс	0008 0036
инфляция	0034 0090
инфобез	0012
инфографик	0020
информативный	0030 0050 0075
информатика	0010 0049
информатор	0076
информационный	0003 0004 0012 0014 0016 0017 0019 0021 0027 0028 0029 0031 0042 0047 0051 0070 0075 0076 0079 0089 0091 0100
информация	0001 0002 0003 0004 0005 0006 0007 0008 0009 0010 0011 0012 0013 0014 0015 0016 0017 0018 0019 0020 0021 0022 0023 0024 0025 0026 0027 0028 0029 0030 0031 0032 0033 0034 0035 0036 0037 0038 0039 0040 0041 0042 0043 0044 0045 0046 0047 0048 0049 0050 0051 0052 0053 0054 0055 0056 0057 0058 0059 0060 0061 0062 0063 0064 0065 0066 0067 0068 0069 0070 0071 0072 0073 0074 0075 0076 0077 0078 0079 0080 0081 0082 0083 0084 0085 0086 0087 0088 0089 0090 0091 0092 0093 0094 0095 0096 0097 0098 0099 0100
информировать	0013 0084
инфра	0039
инфраструктура	0001 0010 0012 0016 0034 0035 0039 0041 0042 0043 0045 0047 0051 0059 0061 0064 0076 0077 0083 0087 0089 0091 0094 0096
инфраструктурный	0034 0035 0045
инфраструктурщик	0039
инцидент	0012 0035 0039 0042 0048 0099
инцидентница	0039
инъекция	0050 0099 0100
ип	0003
ипотека	0003 0004
ипотечный	0003
ир	0002 0033
ирак	0076
иран	0076
иранский	0076
ирония	0083
иск	0019 0086
искажать	0094
искажение	0018 0068
искажённый	0017
искать	0002 0003 0010 0012 0013 0015 0021 0022 0027 0033 0035 0036 0039 0049 0050 0051 0052 0053 0054 0066 0067 0071 0074 0076 0077 0079 0087 0089 0092 0095
искаться	0061
исключать	0050 0069 0075
исключение	0002 0004 0033 0040 0044 0050 0051 0055 0056 0061 0076 0086 0088 0092 0097 0098
исключительно	0002 0022 0023 0033 0034 0035 0045 0051 0067 0069 0088 0094
исключительный	0022 0050 0070
исключить	0004 0023 0047 0083
искомое	0089
искомый	0075 0089
ископаемое	0075
искра	0086
искренне	0015 0027 0077
искусственно	0017 0045
искусственный	0006 0008 0009 0011 0014 0015 0018 0019 0020 0021 0028 0031 0032 0034 0036 0048 0054 0063 0067 0068 0071 0072 0074 0076 0078 0082 0083 0086 0087 0089 0090 0093 0094 0100
искусство	0030 0061 0068
испанский	0076 0083
испаряться	0099
испечь	0076
исповедовать	0046
исполнение	0016 0018 0040 0050 0061 0084 0089
исполнитель	0003 0039
исполнить	0084
исполняемый	0012 0025 0045 0047 0050 0056 0061 0064 0066 0084 0098
исполнять	0061 0084
исполняться	0017 0034 0040 0050 0061 0084
использоание	0068
использование	0002 0003 0005 0009 0010 0011 0012 0014 0015 0016 0017 0018 0019 0021 0023 0029 0030 0032 0033 0034 0035 0036 0037 0038 0041 0042 0043 0044 0045 0046 0047 0049 0050 0051 0052 0053 0055 0056 0057 0058 0059 0060 0061 0062 0063 0064 0065 0067 0068 0069 0070 0074 0075 0079 0080 0081 0082 0083 0084 0086 0087 0088 0089 0091 0092 0093 0094 0095 0096 0097 0098 0100
использовать	0002 0003 0004 0005 0007 0008 0009 0010 0011 0012 0013 0015 0016 0017 0018 0019 0021 0023 0025 0032 0033 0034 0035 0036 0037 0038 0039 0041 0042 0043 0044 0045 0046 0047 0048 0049 0050 0051 0052 0053 0054 0055 0056 0057 0058 0059 0060 0061 0062 0063 0064 0065 0066 0067 0068 0069 0070 0071 0072 0073 0074 0075 0076 0077 0079 0080 0081 0082 0083 0084 0085 0086 0087 0088 0089 0090 0091 0092 0093 0094 0095 0096 0097 0098 0099 0100
использоваться	0012 0017 0021 0028 0029 0031 0036 0037 0038 0040 0041 0044 0045 0046 0047 0050 0051 0052 0053 0054 0059 0060 0061 0062 0063 0065 0067 0068 0069 0070 0071 0072 0074 0075 0079 0080 0082 0083 0084 0085 0086 0087 0088 0089 0092 0093 0095 0096 0097 0098
исправимый	0059
исправить	0016 0029 0039 0041 0051 0071 0073
исправление	0013 0015 0017 0025 0035 0042 0051 0053 0055 0059 0067 0076 0079 0089
исправлять	0001 0015 0016 0035 0062 0067
испугаться	0067
испытание	0051 0076 0100
испытательный	0027 0053
испытывать	0015 0026 0083 0090 0094
исскуственный	0034
исследование	0005 0009 0010 0011 0015 0016 0019 0023 0026 0032 0034 0042 0051 0063 0072 0075 0076 0083 0086 0090 0093 0094
исследователь	0015 0019 0023 0034 0036 0067 0068 0076 0083 0086 0100
исследовательский	0005 0015 0030 0036 0076 0086 0089
исследовать	0030 0039 0041 0063 0076
истекать	0091
истечение	0051
истечь	0051
истина	0036 0052 0057
истинно	0050
истинный	0052 0075 0085 0090 0093 0094
истолковать	0083
исторически	0042 0055 0061 0070
исторический	0005 0018 0072 0083 0089
история	0001 0005 0006 0011 0012 0013 0015 0022 0026 0027 0032 0034 0035 0036 0039 0047 0050 0051 0059 0061 0064 0069 0075 0076 0083 0086 0087 0088 0089 0091
источник	0002 0003 0005 0006 0018 0020 0023 0033 0038 0042 0047 0050 0051 0054 0062 0067 0069 0076 0078 0080 0083 0086 0089 0092 0096 0097 0099
истощать	0076
истощить	0076
истребитель	0076
исход	0075 0076
исходить	0005 0022 0035 0042 0045 0057 0059 0075 0079 0088
исходник	0017 0069 0074 0091 0092
исходный	0016 0017 0029 0035 0036 0038 0040 0042 0044 0045 0049 0050 0051 0055 0060 0061 0069 0070 0071 0074 0075 0079 0084 0092 0093 0095 0098 0100
исходящий	0008 0026 0051 0075
исчезать	0076 0096
исчезающе	0075
исчезнуть	0001 0005 0015 0051 0055 0060 0061
исчерпать	0041 0051 0081
исчерпывать	0041
исчерпывающий	0015 0065 0089
исчисление	0085
исчисляться	0094
ит	0002 0004 0006 0011 0026 0027 0032 0033 0034 0036 0039 0042 0063 0072
итак	0004 0010 0022 0023 0039 0042 0045 0049 0050 0055 0063 0065 0067 0071 0076 0077 0092 0093 0095 0096 0097
итальянский	0086
итеративный	0015 0036 0089
итератор	0025 0050 0057
итерация	0001 0008 0009 0035 0036 0050 0052 0061 0093
итерировать	0009
итог	0004 0005 0006 0010 0013 0015 0018 0021 0037 0038 0039 0051 0053 0055 0056 0060 0061 0062 0067 0071 0075 0079 0080 0083 0088 0090 0092 0093 0094
итого	0002 0004 0005 0013 0017 0033 0053 0061 0087
итоговый	0011 0032 0035 0036 0037 0049 0063 0075 0084 0091
ициализация	0056
июл	0010 0035 0081 0092
июль	0017 0039 0044 0076
июн	0021 0050
июнь	0004 0021 0064 0076
ия	0002 0006 0007 0008 0009 0011 0013 0014 0015 0018 0019 0020 0021 0027 0029 0030 0032 0033 0034 0054 0068 0072 0074 0076 0083 0085 0086 0087 0089 0090 0094 0100
йог	0027
йога	0086
йогурт	0086
йорк	0089
йоханссон	0019
йошуа	0034
к	0010 0015 0017 0021 0025 0036 0050 0051 0067 0076 0080 0083 0086 0089 0093 0099
ка	0024
кабель	0013 0051
кабина	0034 0076 0086
кабинет	0013 0026 0027
каверзный	0060
кавычка	0050 0052 0057 0084
кадр	0004 0027 0039 0051 0076 0097
кадровый	0003 0009 0027
кадурина	0034
каждый	0001 0003 0004 0005 0007 0008 0010 0011 0013 0015 0016 0017 0018 0020 0021 0022 0023 0025 0026 0027 0032 0035 0036 0037 0038 0039 0040 0042 0043 0044 0045 0046 0047 0048 0049 0050 0051 0053 0054 0055 0056 0059 0060 0061 0062 0063 0064 0065 0066 0067 0069 0070 0071 0072 0075 0076 0078 0079 0081 0082 0083 0084 0085 0086 0088 0089 0090 0091 0092 0093 0095 0097 0098 0099
кажущийся	0083
казаться	0001 0005 0010 0013 0015 0017 0021 0022 0027 0034 0035 0037 0039 0041 0049 0051 0052 0060 0061 0067 0071 0076 0079 0082 0086 0088 0089
казахстан	0049 0052 0060
казённый	0004
какашкоголов	0086
каковой	0007 0050 0051 0055 0085 0089
какой	0001 0003 0005 0006 0010 0011 0012 0013 0015 0016 0017 0022 0023 0026 0027 0030 0032 0034 0035 0036 0038 0039 0040 0041 0042 0043 0044 0045 0046 0047 0049 0050 0051 0053 0055 0060 0061 0063 0064 0065 0066 0067 0068 0069 0071 0072 0074 0075 0076 0077 0079 0082 0084 0086 0087 0088 0089 0090 0092 0093 0095 0096 0097 0098
календарный	0003 0004
календарь	0002 0021 0030 0033
калибровать	0076
калибровка	0002 0033
калифорния	0034 0076 0093
калория	0023
калькулятор	0001 0018 0046 0052 0054
калькуляция	0035
камардин	0047
каменный	0022 0076
камень	0027 0048 0061 0071 0076 0087 0089
камера	0002 0008 0033 0039 0072 0076 0086
камеральный	0003
камерун	0010
кампания	0014 0075 0089
кампус	0051
канагава	0089
канал	0001 0003 0005 0009 0012 0013 0016 0021 0025 0034 0047 0051 0053 0054 0061 0062 0067 0069 0072 0075 0076 0079 0089 0096
кандидат	0027 0051 0062 0075 0087
кантереть	0074
капвложение	0006 0034
капекс	0034
капелька	0076
капитал	0006 0010 0018 0034 0076
капитализация	0034
капиталистический	0090
капиталь	0006
капитальный	0034
капитан	0086
капитуляция	0076
капот	0008 0048 0049 0060 0061 0063 0067 0093 0095
капсуляция	0061
карантин	0062 0076
кардинально	0061
кардинальный	0046
кардридер	0002 0033
карл	0053
карлик	0022
карло	0094
карма	0001 0002 0003 0004 0005 0006 0007 0008 0009 0010 0011 0012 0013 0014 0015 0016 0017 0018 0019 0020 0021 0022 0023 0024 0025 0026 0027 0028 0029 0030 0031 0032 0033 0034 0035 0036 0037 0038 0039 0040 0041 0042 0043 0044 0045 0046 0047 0048 0049 0050 0051 0052 0053 0054 0055 0056 0057 0058 0059 0060 0061 0062 0063 0064 0065 0066 0067 0068 0069 0070 0071 0072 0073 0074 0075 0076 0077 0078 0079 0080 0081 0082 0083 0084 0085 0086 0087 0088 0089 0090 0091 0092 0093 0094 0095 0096 0097 0098 0099 0100
карман	0022
карманный	0067
карпаты	0036
карта	0002 0003 0008 0013 0015 0016 0027 0033 0051 0055 0061 0075 0089 0092 0095 0098
картина	0001 0015 0022 0043 0045 0049 0066 0089 0092
картинка	0020 0044 0067 0071 0089
картографический	0086
картофель	0086
картридж	0039 0076
карьера	0001 0009 0015 0019 0021 0027 0039 0042 0053 0059 0061 0067 0093
карьерный	0015 0027 0042 0067
касаемо	0021
касание	0002 0033
касаться	0004 0012 0021 0022 0035 0039 0044 0045 0055 0075 0083 0088 0095
каскад	0092
каскадность	0050
каскадный	0006 0048 0050 0099
кассир	0013
кассовый	0034
кастаньед	0019
кастинг	0061
кастомизация	0074 0087
кастомизировать	0062
кастомный	0005 0030 0048 0062 0065 0074 0087 0092
катализировать	0022
каталог	0005 0016 0029 0041 0051 0055 0058 0065 0066 0088 0092 0100
катастрофа	0034 0051 0076 0099
категориальный	0075 0097
категорически	0027
категория	0011 0012 0018 0023 0024 0032 0043 0050 0053 0062 0075 0079 0089 0098
катер	0076
катиться	0036
кафе	0002 0033
качать	0027
качественно	0020 0030 0034
качественный	0002 0018 0021 0033 0034 0035 0049 0061 0062 0068 0070 0075 0086 0088
качество	0001 0002 0004 0005 0008 0009 0010 0011 0012 0013 0015 0018 0020 0021 0023 0027 0032 0033 0035 0036 0038 0040 0041 0042 0045 0046 0049 0050 0051 0053 0055 0062 0065 0067 0068 0070 0071 0075 0076 0080 0084 0085 0086 0087 0088 0089 0093 0095 0096 0097
качетсвенный	0020
качинск	0076
каша	0001 0053 0057 0086
кашель	0075
кашмира	0086
кб	0010
кв	0034
квадрат	0013 0036 0071 0075 0076
квадратичный	0085
квадратный	0050 0052
квалификация	0015 0027 0050
квалифицировать	0010 0018 0042
квант	0045
квантизация	0008 0036 0087
квантиль	0051
квантитативный	0018
квантовый	0061 0094
квартал	0004 0034 0047
квартальный	0015 0018
квартира	0003 0008 0018 0034 0037 0042 0072 0075 0089
квартирник	0030
квиза	0060
квинтиллион	0099
квитанция	0037
квитирование	0051
квота	0026
кг	0002 0033
кейс	0001 0005 0007 0012 0017 0018 0021 0030 0039 0048 0051 0052 0062 0064 0076
кен	0098
кеш	0035 0050 0060 0061 0069 0087
кешеруемость	0050
кеширование	0060 0069 0087
кешировать	0060
кибер	0076
кибербезопасность	0016 0063
киберкомандование	0076
кибернаступательный	0076
киберпанк	0090
киберподразделение	0076
киберпреступный	0012
киберспособный	0076
киберугроза	0012
кидать	0001
кидаться	0040
километр	0001 0022
киль	0022
кинема	0082
киноа	0086
кипа	0021
кириллица	0011 0032
кирпич	0092
кирпичик	0036
кислород	0022
кисть	0002 0033
кит	0049
китаец	0013
китай	0013 0039 0074 0076
китайский	0002 0020 0033 0047 0074 0076 0092
кишечный	0023
клабхаус	0027
клавдий	0076
клавдия	0076
клавиатура	0002 0015 0033 0076 0096
клавиша	0002 0033 0052 0074 0076 0095
кладовая	0086
кладывать	0044
клан	0054
класс	0002 0004 0017 0021 0022 0033 0036 0037 0040 0042 0043 0044 0047 0050 0051 0052 0053 0055 0058 0060 0061 0063 0065 0071 0075 0076 0083 0085 0089 0092 0095 0096
классика	0037 0071 0100
классификатор	0075 0078
классификация	0012 0062 0068 0071 0075 0089 0097
классифицировать	0012 0061 0089
классифицироваться	0040
классический	0001 0002 0005 0006 0018 0033 0034 0035 0037 0049 0051 0059 0067 0070 0071 0072 0075 0078 0091 0092 0098
классно	0027
классный	0013 0015 0021 0027 0035 0095
кластер	0036 0038 0041 0042 0045 0047 0051 0056 0059 0063 0064 0075 0076 0079 0089 0091 0095
кластеризация	0068 0071 0075 0078 0089 0095
кластеризировать	0075
кластерирование	0005
кластерный	0059 0089 0099
класть	0040 0044 0076 0091
класться	0040 0044
клауд	0035 0077
клей	0008
клепать	0045
клетка	0076
клеточный	0076
клиент	0001 0002 0003 0006 0012 0013 0015 0018 0026 0027 0033 0035 0037 0039 0043 0046 0047 0048 0050 0051 0055 0061 0062 0068 0074 0075 0079 0084 0087 0089 0095 0096 0099
клиентский	0006 0050 0051
клик	0026 0045 0062 0095
кликать	0076
кликнуть	0098
климат	0010 0079
клипса	0013
клон	0019 0070
клонирование	0050 0063 0087
клонировать	0050 0079 0086
клубника	0086
ключ	0005 0016 0017 0025 0030 0036 0038 0039 0041 0044 0045 0049 0050 0051 0052 0056 0058 0060 0061 0063 0064 0074 0076 0084 0087 0088 0090 0091 0094 0095 0098 0099 0100
ключевой	0003 0005 0006 0009 0011 0016 0017 0018 0023 0024 0025 0032 0037 0040 0042 0047 0048 0049 0050 0052 0054 0055 0061 0062 0067 0068 0069 0070 0071 0072 0074 0086 0087 0089 0092 0094 0095 0098
кляйн	0086
клёво	0035
клёвый	0013 0021
км	0010
книга	0008 0010 0013 0015 0018 0027 0036 0051 0053 0064 0066 0067 0071 0076 0082 0083 0086 0088 0090
книжка	0053 0063 0067
кник	0034
кнопка	0002 0011 0015 0032 0033 0035 0050 0063 0064 0076 0092 0095
кнопочка	0035
кнопочный	0015
кнр	0074 0076
кнут	0029 0039
ковариантность	0050
ковариантный	0050
коварный	0076
ковид	0001 0039
ковыряние	0026
когнитивный	0001 0009 0015 0018 0023 0030 0057 0076 0090
коготь	0076
код	0001 0002 0003 0008 0009 0010 0012 0015 0016 0017 0018 0020 0021 0025 0027 0029 0030 0033 0035 0036 0037 0038 0040 0042 0043 0044 0045 0046 0047 0049 0050 0051 0052 0053 0054 0055 0057 0058 0060 0061 0062 0063 0066 0067 0069 0070 0071 0072 0074 0076 0079 0080 0083 0084 0085 0087 0092 0093 0095 0097 0098 0099 0100
кодек	0070 0087
кодекс	0015
кодер	0001
кодерский	0039
кодинга	0020 0035 0057
кодинговый	0020
кодирование	0042 0057 0075 0087
кодировать	0036
кодировка	0050 0051
кодить	0001
кодовый	0009 0036 0061 0070 0076
кодогенератор	0057
кожа	0086 0093
козырь	0002 0033
кой	0001 0015 0026 0027 0045 0055 0067 0082 0083
койер	0030
кокосовый	0086
кокс	0023
кол	0036
колебание	0034 0055
колебаться	0011 0032
колебурна	0055
коленка	0066
колесо	0002 0033 0035 0064
количественно	0085
количественный	0018 0062 0075
количество	0004 0005 0009 0010 0011 0021 0023 0024 0025 0027 0029 0030 0032 0034 0035 0036 0037 0038 0039 0041 0042 0044 0045 0046 0047 0048 0049 0050 0051 0052 0053 0055 0058 0059 0060 0061 0062 0064 0067 0068 0071 0075 0076 0079 0083 0085 0087 0089 0092 0093 0094 0095
колл	0012 0027
коллапс	0022
коллапсировать	0022
коллбек	0037
коллега	0001 0003 0015 0027 0035 0039 0042 0052 0064 0069 0076 0077 0086 0095
колледж	0015
коллектив	0054
коллективный	0070
коллекция	0025 0049 0050 0051 0055 0061 0070 0086 0087 0093 0098
коллизия	0049 0050 0051
колличество	0039
колонка	0005 0011 0032 0036 0045 0067 0092 0095 0099
колоночный	0005
колорист	0002 0033
колумбийский	0086
колумбия	0076
колыбель	0022 0076
команда	0001 0005 0009 0010 0013 0015 0016 0018 0025 0027 0035 0036 0039 0040 0041 0042 0044 0045 0046 0047 0048 0049 0050 0051 0052 0054 0055 0056 0058 0059 0060 0061 0062 0063 0064 0065 0069 0070 0073 0074 0076 0077 0079 0080 0081 0084 0086 0087 0088 0091 0092 0095 0096 0098 0099 0100
командир	0076
командировка	0002 0003 0013 0033
командировочный	0003
командный	0038 0039 0041 0050 0051 0055 0058 0063 0066 0067 0069 0079 0084 0088 0095 0098
комбайн	0051
комбинация	0025 0041 0051 0071 0087
комбинированный	0025 0075 0098
комбинировать	0091
коментарий	0084
комиссия	0003 0034
комманда	0084
коммент	0036
комментарий	0001 0002 0003 0004 0005 0006 0007 0008 0009 0010 0011 0012 0013 0014 0015 0016 0017 0018 0019 0020 0021 0022 0023 0024 0025 0026 0027 0028 0029 0030 0031 0032 0033 0034 0035 0036 0037 0038 0039 0040 0041 0042 0043 0044 0045 0046 0047 0048 0049 0050 0051 0052 0053 0054 0055 0056 0057 0058 0059 0060 0061 0062 0063 0064 0065 0066 0067 0068 0069 0070 0071 0072 0073 0074 0075 0076 0077 0078 0079 0080 0081 0082 0083 0084 0085 0086 0087 0088 0089 0090 0091 0092 0093 0094 0095 0096 0097 0098 0099 0100
комментировать	0008 0012 0016 0017 0018 0019 0028 0030 0031 0041 0058 0062 0076 0100
коммерс	0026
коммерция	0011 0032 0068
коммерческий	0001 0004 0026 0040 0047 0051 0055 0061 0070 0074 0076 0087 0088
коммит	0035
коммитить	0091 0095
коммититься	0099
коммуналка	0008
коммунальный	0034
коммуникационный	0018
коммуникация	0006 0013 0035 0036 0042 0051 0062 0064 0089 0090
коммунист	0049 0052 0060
коммуницировать	0039
коммутатор	0051 0096
коммутация	0051 0096
коммутировать	0096
комната	0015 0042 0071 0076 0086 0089 0100
комнд	0059
комп	0013 0027 0065
компактно	0050 0087
компактность	0002 0033 0087 0092
компактный	0002 0022 0033 0057 0061 0087 0092 0099
компакция	0005
компания	0001 0002 0003 0004 0005 0006 0007 0008 0009 0010 0011 0012 0013 0014 0015 0016 0017 0018 0019 0020 0021 0022 0023 0024 0025 0026 0027 0028 0029 0030 0031 0032 0033 0034 0035 0036 0037 0038 0039 0040 0041 0042 0043 0044 0045 0046 0047 0048 0049 0050 0051 0052 0053 0054 0055 0056 0057 0058 0059 0060 0061 0062 0063 0064 0065 0066 0067 0068 0069 0070 0071 0072 0073 0074 0075 0076 0077 0078 0079 0080 0081 0082 0083 0084 0085 0086 0087 0088 0089 0090 0091 0092 0093 0094 0095 0096 0097 0098 0099 0100
компаньон	0086
компаратор	0050
компенсация	0003 0009 0017 0019
компенсировать	0003 0051 0089
компенсироваться	0011 0032
компетентный	0015 0034
компетенция	0010 0013 0015 0035 0042 0067
компилировать	0002 0033 0040 0060 0061 0066 0070 0093 0098
компилироваться	0040 0050 0051 0061 0070
компилятор	0017 0025 0040 0044 0050 0052 0055 0060 0061 0084 0092
компиляция	0002 0005 0033 0035 0040 0044 0050 0051 0055 0058 0060 0061 0065 0067 0070 0092 0093 0098
комплекс	0008
комплексный	0011 0032 0042 0075 0092 0094
комплект	0002 0033 0040 0052 0057 0092 0095
комплектующие	0013
комплимент	0086
композит	0050
композиция	0037 0050 0051 0089
компонент	0013 0016 0030 0035 0036 0038 0039 0041 0042 0045 0047 0048 0050 0051 0056 0059 0063 0064 0066 0070 0071 0074 0075 0076 0078 0079 0087 0092
компоновщик	0050
компос	0069
компрометация	0016 0017 0050 0076
компромисс	0002 0033 0061 0086 0099
компромиссный	0049
компьютер	0013 0015 0027 0030 0036 0039 0040 0050 0051 0052 0055 0059 0063 0064 0065 0066 0068 0070 0071 0074 0075 0076 0079 0082 0083 0088 0090 0092 0093 0095 0096
компьютерный	0022 0027 0040 0042 0051 0059 0067 0068 0075 0083 0088 0096
компьютерщик	0027 0083
комфорт	0086
комфортно	0001 0042 0047 0087
комфортный	0002 0021 0033 0068 0074 0087
комьюнити	0042 0047 0087
кон	0091
конвейер	0035 0042 0051 0062 0097
конвенция	0099
конвергенция	0005
конверсия	0089
конверт	0003
конвертация	0044 0087 0093
конвертировать	0010 0093
конгресс	0034 0076
конденсатор	0013 0061
кондиционирование	0051
конец	0004 0005 0006 0011 0013 0015 0021 0022 0027 0032 0034 0036 0037 0039 0043 0045 0047 0049 0050 0052 0054 0055 0056 0060 0061 0067 0069 0071 0076 0078 0080 0083 0084 0085 0086 0088 0090 0093 0095 0096 0098
конечность	0076
конечный	0005 0012 0015 0016 0021 0034 0035 0036 0038 0050 0051 0057 0060 0064 0067 0072 0075 0083 0088 0089 0090 0093 0094
конкатенация	0050 0052 0060
конкистадор	0076
конкретика	0071
конкретно	0013 0015 0045 0050 0053 0067
конкретный	0001 0005 0011 0013 0015 0018 0021 0032 0034 0035 0036 0040 0041 0043 0045 0046 0047 0050 0051 0052 0055 0059 0061 0066 0067 0069 0070 0071 0074 0075 0079 0083 0084 0085 0086 0089 0090 0092 0093 0095 0096 0098
конкурент	0002 0007 0011 0013 0015 0032 0033 0076 0079 0083 0089
конкурентность	0037 0061
конкурентный	0001 0006 0015 0018 0037 0072 0074 0076
конкурентоспособность	0089
конкурентоспособный	0035 0061 0076
конкуренция	0006 0076
конкурировать	0005 0047 0051
коннект	0099
коннектор	0005
консалтинг	0015 0086
консервативный	0002 0025 0033 0036 0061 0076
консерватизм	0070
консервированный	0086
консервировать	0018
консистентность	0050
консистентный	0099
консолидация	0062 0097
консоль	0016 0038 0050 0052 0057 0059 0060 0063 0064 0065 0066 0079 0084 0092 0095 0098
консольный	0029 0045 0052
конспект	0059
конспирологический	0034
консруктор	0050
константа	0044 0050 0051 0052 0060 0061 0085 0098
константин	0006 0011 0020 0032
константный	0040 0049 0050 0051
конституция	0076
конструирование	0043
конструировать	0043
конструктор	0013 0040 0044 0050 0061 0092
конструкторский	0036
конструкция	0049 0050 0051 0052 0057 0061 0067 0088 0093 0096 0098
консультант	0002 0003 0010 0015 0027 0033 0067 0076
консультативный	0042
консультационный	0010
консультация	0010
консюмера	0064
контакт	0006 0017 0027
контейнер	0035 0038 0039 0041 0042 0045 0047 0050 0051 0052 0056 0059 0061 0063 0064 0065 0069 0073 0077 0079 0084 0087 0091 0095
контейнеризация	0035 0042 0047 0051 0056 0059 0063 0065 0069 0077 0079 0084 0091 0095
контейнеризировать	0041 0064
контейнеризовать	0041 0084
контейнерный	0038 0041 0047 0064 0079 0095
контекст	0001 0004 0009 0015 0017 0018 0025 0027 0036 0040 0047 0048 0050 0051 0059 0067 0068 0069 0074 0075 0079 0083 0084 0087 0091 0094 0095 0096
контекстный	0052 0074 0083
контекстуальный	0083
контент	0002 0007 0011 0015 0016 0024 0028 0031 0032 0033 0036 0045 0051 0071 0072 0074 0083 0087 0090
континент	0027 0076
контора	0013 0039
контракт	0015 0017 0050 0053
контраст	0074
контрастировать	0051
контрастность	0030
контрибьютор	0061
контролировать	0009 0012 0013 0015 0017 0018 0036 0037 0039 0047 0050 0051 0056 0062 0075 0076 0082 0085 0093
контролироваться	0017 0038 0076 0093 0096
контроллер	0012 0013 0016 0041 0043 0045 0051 0064 0092
контроль	0004 0005 0009 0012 0013 0017 0035 0042 0046 0050 0051 0060 0061 0070 0074 0076 0079 0083 0086 0087 0092 0094
контрольный	0009 0012 0076 0088
контролёр	0056
контур	0006 0013 0035
конференция	0001 0005 0027 0061
конфета	0076
конфига	0035 0038 0041 0056 0064 0096
конфигмап	0063
конфиговый	0038 0091
конфигурационный	0038 0047 0064 0065 0066 0069 0092 0095
конфигурация	0002 0010 0025 0033 0035 0041 0042 0045 0046 0048 0051 0056 0059 0063 0065 0069 0070 0073 0074 0079 0084 0087 0089 0092 0095 0096
конфигурирование	0051
конфигурировать	0013 0050
конфигурироваться	0045
конфиденциальность	0001 0002 0003 0004 0005 0006 0007 0008 0009 0010 0011 0012 0013 0014 0015 0016 0017 0018 0019 0020 0021 0022 0023 0024 0025 0026 0027 0028 0029 0030 0031 0032 0033 0034 0035 0036 0037 0038 0039 0040 0041 0042 0043 0044 0045 0046 0047 0048 0049 0050 0051 0052 0053 0054 0055 0056 0057 0058 0059 0060 0061 0062 0063 0064 0065 0066 0067 0068 0069 0070 0071 0072 0073 0074 0075 0076 0077 0078 0079 0080 0081 0082 0083 0084 0085 0086 0087 0088 0089 0090 0091 0092 0093 0094 0095 0096 0097 0098 0099 0100
конфиденциальный	0012 0028 0031 0064 0087
конфисковать	0076
конфликт	0001 0003 0005 0019 0042 0045 0050 0051 0076 0079
конфликтность	0013
конфликтовать	0051 0059
концентрат	0052
концентратор	0051
концентрация	0082
концентрированный	0099
концентрировать	0023
концентрироваться	0067
концепт	0002 0033 0050 0076
концептуально	0009 0036
концептуальный	0050 0061
концепция	0005 0025 0038 0042 0047 0048 0049 0050 0051 0054 0062 0067 0069 0083 0088 0089 0090 0092 0094 0096
концовка	0076
конченый	0015
кончиться	0013 0034
координата	0062
координационный	0011 0032 0051
координация	0005 0010 0050 0051 0099
координировать	0035 0051 0092
копать	0076
копаться	0077
копеечный	0003
копейка	0027 0076 0099
копипаста	0052 0067
копирайт	0019
копирайтинг	0001 0007 0024
копирование	0012 0016 0048 0049 0051 0063 0067 0069 0079 0080 0084 0087 0088 0095
копировать	0027 0038 0041 0045 0048 0049 0050 0051 0052 0056 0063 0065 0069 0079 0083 0084 0092 0100
копироваться	0005 0040 0050 0051 0063 0084
копия	0003 0005 0016 0049 0050 0051 0060 0062 0064 0076 0079 0083 0087 0095
копнуть	0013 0021 0045 0082
кора	0022 0039
корабельный	0076
корабль	0011 0032 0064 0076
корасик	0029
коренной	0076
корень	0045 0052 0080 0084
корея	0076
корзина	0011 0012 0032 0051 0082 0086
корзинка	0082
коридор	0027 0076
корить	0039
коричневый	0022 0086
корм	0051
кормчий	0064
корн	0045 0046 0065 0069 0080 0087
корневой	0017 0063 0092
коробка	0002 0013 0033 0035 0045 0046 0049 0051 0060 0062 0070 0074 0076 0086 0087 0092
корова	0066
королева	0076
королевство	0076
король	0091
короткий	0002 0011 0015 0027 0029 0032 0033 0036 0053 0057 0060 0061 0067 0070 0073 0076 0083 0086 0097 0098
коротко	0021 0037 0045 0053 0066 0073 0100
короткоживущий	0061
короче	0011 0027 0032 0050 0057
корочка	0039
корпорат	0013
корпоративный	0001 0002 0003 0004 0005 0006 0007 0008 0009 0010 0011 0012 0013 0014 0015 0016 0017 0018 0019 0020 0021 0022 0023 0024 0025 0026 0027 0028 0029 0030 0031 0032 0033 0034 0035 0036 0037 0038 0039 0040 0041 0042 0043 0044 0045 0046 0047 0048 0049 0050 0051 0052 0053 0054 0055 0056 0057 0058 0059 0060 0061 0062 0063 0064 0065 0066 0067 0068 0069 0070 0071 0072 0073 0074 0075 0076 0077 0078 0079 0080 0081 0082 0083 0084 0085 0086 0087 0088 0089 0090 0091 0092 0093 0094 0095 0096 0097 0098 0099 0100
корпорация	0013 0019 0027 0061 0074 0090
корпус	0002 0013 0033 0076
корректирование	0075
корректировать	0051 0062 0089
корректироваться	0062
корректировка	0021 0071 0093
корректно	0015 0017 0035 0037 0045 0050 0052 0059 0071 0079 0080 0092 0095
корректность	0017 0018 0040 0050 0061 0063
корректный	0003 0017 0050 0062 0093
коррекция	0006 0034 0050
коррелировать	0022 0075 0090
корреляция	0018 0021 0034 0048 0054 0083 0094
корреспонденция	0010
кортеж	0025 0049 0052 0063
корчагин	0042
корыстный	0012
корявый	0005
косвенно	0025
косвенный	0006
косинус	0071
косметический	0061
космический	0022 0075 0099
космолёт	0076
космос	0027 0076
коснуться	0035
костыль	0091
кость	0009
костюм	0076
костя	0020
костяк	0093
косяк	0021 0027
кот	0008 0052 0075
котировка	0034
который	0001 0002 0003 0004 0005 0006 0007 0008 0009 0010 0011 0012 0013 0014 0015 0016 0017 0018 0019 0020 0021 0022 0023 0025 0026 0027 0028 0030 0031 0032 0033 0034 0035 0036 0037 0038 0039 0040 0041 0042 0043 0044 0045 0046 0047 0049 0050 0051 0052 0053 0054 0055 0057 0058 0059 0060 0061 0062 0063 0064 0065 0066 0067 0068 0069 0070 0071 0072 0073 0074 0075 0076 0077 0078 0079 0080 0081 0082 0083 0084 0085 0086 0087 0088 0089 0090 0091 0092 0093 0094 0095 0096 0097 0098 0099
кофе	0023 0027 0061 0086 0090
кофеин	0023
кофеиносодержащий	0023
кошачий	0051
кошка	0039 0071 0076 0089 0095
кошмар	0005 0053 0069 0076
кощей	0065
коэффициент	0018 0021 0036 0071 0093
кпк	0076
краеугольный	0061
кража	0012 0076
край	0002 0033 0039 0047 0052
крайне	0001 0005 0021 0027 0035 0045 0051 0055 0063 0066 0067 0069 0075 0076 0083 0088 0092 0096
крайний	0051 0076 0077 0083
крайность	0090
кракозябра	0052
краса	0005 0095
красиво	0076 0082 0085 0091 0094
красивый	0004 0013 0018 0027 0030 0052 0054 0057 0060 0071 0084 0085 0094
краска	0086
красноречивый	0076
красный	0003 0009 0022 0051 0052 0053 0086
красота	0039 0063 0071 0095
красочный	0067
красть	0076
краткий	0002 0004 0008 0010 0011 0025 0032 0033 0034 0036 0039 0044 0050 0051 0055 0057 0061 0071 0076 0085 0088 0090 0091 0093 0096
кратко	0006 0023 0039 0042 0046 0050 0057 0069 0098
кратковременный	0051
краткоживущий	0061
краткосрочный	0018 0071
краткость	0051 0057 0071 0088
кратный	0076
краша	0099
крашлупа	0045
креатив	0002 0033 0087
креативность	0015 0036
креативный	0011 0027 0032
креатор	0024
кредит	0003 0006 0010 0015 0075 0089
кредитка	0010
кредитный	0018 0053 0068 0075 0095
кредитополучатель	0075
крекер	0086
кремль	0076
кремниевый	0076 0093
кремний	0022 0076
крепить	0013
крепиться	0013
крепкий	0067
крепление	0013
кресло	0002 0033
кривая	0001 0005 0071 0075
кривой	0001 0013
кризис	0005 0009 0027 0034 0051
криминалистика	0070
криминальный	0003
криптовалюта	0006 0017 0018
криптографически	0087
криптографический	0050 0051
криптография	0061
криптый	0018
крис	0030 0088
кристофер	0088
критерий	0002 0004 0010 0011 0032 0033 0051 0057 0067 0070 0075
критиковаться	0070
критически	0005 0012 0017 0018 0037 0047 0049 0051 0061 0069 0070 0089 0094
критический	0016 0017 0039 0041 0050 0051 0076
критично	0002 0008 0033 0059 0067
критичность	0099
критичный	0002 0005 0008 0013 0033 0048 0074 0087 0099
кричать	0027 0034 0039 0076
кровать	0076
кровоток	0076
кровь	0075
кроме	0002 0004 0010 0016 0018 0021 0022 0023 0033 0034 0036 0037 0041 0043 0045 0050 0051 0053 0057 0059 0061 0063 0067 0071 0073 0075 0076 0079 0083 0085 0088 0089 0093 0094 0095 0097
кросс	0005 0036 0062 0087 0092
кроткий	0076
крошечный	0036 0067 0076
крошка	0076
круг	0012 0013 0050 0067 0071 0075
круглый	0052
круговой	0013 0051
кругозор	0061
кругом	0027
крупица	0076
крупномасштабный	0051
крупный	0002 0003 0004 0006 0008 0011 0013 0015 0017 0018 0022 0023 0024 0025 0026 0032 0033 0034 0035 0047 0051 0061 0067 0074 0076 0079 0083 0086 0089
крутейший	0027
крутизна	0036 0071
крутить	0021 0039
крутиться	0034 0045 0052 0091 0100
круто	0006 0027 0039 0053 0091 0095
крутой	0027 0053 0066 0093 0095
крутый	0027
крылов	0035 0076
крысятничество	0026
крыться	0018 0060
крышка	0002 0033
крэш	0099
кряхтеть	0013
кстати	0006 0020 0027 0040 0053 0055 0063 0066 0067 0071 0096
кто	0002 0003 0005 0006 0010 0013 0015 0020 0026 0027 0033 0034 0035 0039 0040 0044 0045 0052 0058 0060 0067 0075 0076 0077 0086 0091 0093 0096
кубер	0047 0056 0063
кубернетёс	0039
кубик	0052 0086
кузен	0076
кузница	0039
кукловод	0076
кукловодство	0076
кукуруза	0076
кулак	0076
кулинария	0024
кулинарный	0076
кулиса	0039 0051 0081
кульминация	0026 0036
культ	0076
культура	0024 0042 0076 0083 0089 0090
культурный	0035 0083
кумина	0086
купальник	0071
купить	0002 0007 0008 0010 0011 0013 0020 0027 0032 0033 0052 0053 0067 0086 0089 0095
купол	0076
купон	0034
курамшина	0061
курение	0023
куриный	0086
курировать	0089
курица	0086
курс	0001 0002 0003 0004 0005 0006 0007 0008 0009 0010 0011 0012 0013 0014 0015 0016 0017 0018 0019 0020 0021 0022 0023 0024 0025 0026 0027 0028 0029 0030 0031 0032 0033 0034 0035 0036 0037 0038 0039 0040 0041 0042 0043 0044 0045 0046 0047 0048 0049 0050 0051 0052 0053 0054 0055 0056 0057 0058 0059 0060 0061 0062 0063 0064 0065 0066 0067 0068 0069 0070 0071 0072 0073 0074 0075 0076 0077 0078 0079 0080 0081 0082 0083 0084 0085 0086 0087 0088 0089 0090 0091 0092 0093 0094 0095 0096 0097 0098 0099 0100
курсера	0053
курсор	0011 0032
курьер	0027
курьерский	0013
кусок	0001 0035 0052 0060
кусочек	0008 0057 0082 0096
кустарно	0013
кухня	0024 0039 0086
кухонный	0002 0008 0033
куцев	0089
куча	0005 0025 0027 0037 0040 0050 0051 0052 0061 0066 0077 0091 0095
кушать	0039
кушнарев	0067
кц	0011 0032 0035
кэмерон	0076
кэш	0034 0036 0040 0048 0050 0051 0082 0084
кэширование	0005 0050 0051
кэшировать	0036 0048 0050 0051
лабиринт	0076
лаборатория	0015 0076 0089 0093
лабораторный	0015
лавинообразный	0005
лавочка	0026
лавр	0061
лаг	0002 0033 0034
лагерь	0076
лад	0057
ладный	0013 0027 0039 0095
лазейка	0003 0077
лаида	0067
лайна	0035
лайфхак	0013 0035 0052 0091
лаконично	0052
лаконичность	0057 0088
лаконичный	0052 0054 0088 0090
ламповый	0027
лампочка	0042
ландшафт	0072
ландэ	0024
ларри	0093
ласт	0054
ласточка	0046
латентный	0009 0076
латинский	0036 0050
лаунж	0030
лаунчер	0040
лауреат	0015
лгоритм	0050
лебедь	0022
лев	0027
левый	0022 0027 0042 0050 0067 0071 0095
легализовать	0003
легальный	0003 0012
легасить	0010 0027
легендарный	0002 0033
легитимность	0076
легко	0003 0005 0011 0021 0030 0032 0034 0035 0037 0041 0045 0046 0047 0049 0050 0051 0052 0054 0057 0059 0060 0061 0066 0067 0070 0071 0075 0076 0079 0086 0089 0092 0095 0097 0099 0100
легковес	0050
легковесность	0046 0047
легковесный	0046 0050 0069 0070 0079
легковой	0008
легконаходить	0096
лего	0036
лежать	0021 0026 0036 0038 0039 0040 0044 0045 0049 0051 0057 0060 0063 0065 0066 0074 0076 0083 0088 0089 0090 0091 0095 0096
лезть	0060
лейбл	0045 0084
лейка	0005
лейковы	0005
лейкхаус	0005
лекарственный	0075 0094
лекарство	0023 0076
лексикографически	0050
лексикографический	0098
лекция	0007 0044 0067 0076 0082 0093
лениво	0027
ленивый	0027 0039 0050 0057
лениться	0052 0060
лента	0018 0024 0089
ленточный	0051
лень	0052
леонид	0074
леопольд	0076
лепить	0021 0060 0076
лес	0012 0068 0078 0086 0097
лесной	0076
лестница	0015
летальность	0076
летаргический	0076
летать	0005 0034
лететь	0076
летний	0070 0076
лето	0004 0019 0022 0074
летучий	0027
лечебный	0075
лечение	0068 0075
лечь	0053
либо	0001 0004 0005 0009 0010 0015 0016 0019 0021 0022 0023 0025 0027 0035 0036 0039 0040 0041 0042 0043 0045 0049 0050 0051 0053 0067 0071 0074 0075 0076 0077 0079 0084 0086 0087 0088 0090 0091 0092 0096 0099
лид	0089
лида	0035 0039 0089
лидер	0024 0076 0087
лидербордовый	0057
лидировать	0005 0015 0046 0061
ликвидатор	0017
ликвидация	0006
ликвидность	0018 0034
ликерта	0009
лимит	0004 0005 0037 0045 0052
лимитировать	0008
лимон	0086
лина	0067
лингвистический	0075
линейка	0092
линейно	0005 0015 0036 0075
линейный	0001 0009 0018 0021 0027 0036 0043 0049 0050 0052 0067 0071 0075 0078 0089 0097
линия	0002 0033 0037 0039 0071 0075 0076 0086 0097
линк	0096
линковка	0040
линукс	0039 0070 0084 0095 0096
линуксоид	0039
липкий	0051
липкость	0051
лирика	0096
лис	0084
лиск	0050
лист	0002 0003 0033 0061 0062 0076
листать	0086
листинг	0005 0095
литерал	0025 0050 0060 0061
литература	0009 0015 0071 0088
литиевый	0002 0033
литий	0022
литр	0023
лифт	0042
лихорадка	0006 0034
лицензирование	0051 0055 0061
лицензированный	0015
лицензироваться	0061
лицензия	0003 0015 0029 0051 0055 0061 0074 0088
лицо	0003 0004 0010 0027 0034 0051 0054 0057 0064 0068 0075 0083 0086
лично	0027 0035 0088 0100
личность	0007 0012 0076 0086
личный	0003 0006 0007 0010 0012 0013 0020 0026 0027 0041 0067 0070 0083 0086 0088
лишить	0011 0032
лишний	0002 0010 0021 0033 0034 0037 0045 0046 0050 0052 0053 0057 0081 0092 0095
лишь	0004 0005 0007 0010 0011 0015 0018 0019 0021 0022 0023 0032 0034 0036 0039 0050 0055 0063 0065 0066 0067 0069 0071 0072 0075 0076 0082 0083 0084 0089 0090 0092 0093 0094 0095 0099
лишённый	0016
ловить	0001 0017 0021 0050
ловкий	0076
ловушка	0052 0060
лог	0005 0010 0012 0035 0039 0042 0045 0048 0050 0051 0052 0063 0064 0066 0069 0091 0095
логарифм	0036
логгирование	0051 0093
логика	0005 0017 0038 0043 0045 0050 0052 0060 0061 0072 0083 0084 0087 0091 0092 0093 0096 0098 0099
логин	0038 0052 0064 0096
логиниться	0026
логирование	0005 0035 0042 0050 0061 0087
логировать	0048
логироваться	0008
логируесть	0048
логистика	0015 0018 0068 0093
логистический	0009 0067 0068 0075 0078
логит	0036
логитов	0036
логически	0050 0051
логический	0038 0044 0050 0051 0052 0075 0087 0098
логично	0013 0022 0060 0071 0084
логичный	0071 0092
логотип	0061
лодка	0076
ложа	0057
ложиться	0001 0004 0005 0009 0092
ложка	0039
ложноположительный	0021
ложный	0005 0036 0051 0076 0082 0090 0094
ложь	0051 0052 0076
лозунг	0005
лока	0005
локализация	0008
локализовать	0009
локально	0013 0036 0045 0052 0064 0065 0069 0087 0095
локальность	0074
локальный	0011 0012 0016 0025 0032 0036 0037 0038 0039 0044 0045 0046 0047 0050 0051 0052 0055 0058 0059 0065 0069 0071 0073 0074 0084 0087 0091 0095 0100
локация	0051 0095
ломать	0009 0030 0052 0061 0066 0099
ломаться	0001 0005 0027 0039 0052 0067 0099
лондон	0008
лопата	0034
лосось	0086
лотерея	0060 0061
лошадь	0001 0030
лоялист	0076
лояльность	0013 0076
лояльный	0027
лук	0086
лука	0086
лукавить	0049
лукавый	0034
луковица	0006 0036 0086
луковый	0086
лукша	0064
луна	0054
лунный	0054
лупа	0013
луч	0099
льгота	0004
льготный	0004
льшать	0045
льший	0082
льшуя	0046
любезно	0088
любим	0045 0095
любимый	0015 0020 0021 0023 0027 0063 0069 0086
любитель	0022 0023 0030 0067
любить	0027 0039 0046 0049 0071 0076 0086 0090 0091 0093 0095 0096 0097
любовный	0086
любовь	0027 0047 0076 0083
любознательный	0015 0044
любой	0002 0003 0005 0008 0009 0010 0012 0013 0015 0017 0020 0021 0025 0027 0033 0034 0035 0036 0037 0038 0039 0040 0041 0042 0043 0044 0045 0046 0049 0050 0051 0052 0054 0055 0058 0059 0060 0061 0062 0063 0066 0067 0069 0070 0071 0072 0074 0075 0076 0079 0083 0084 0085 0089 0090 0092 0093 0094 0095 0096 0097 0098
любопытный	0011 0028 0031 0032 0093 0100
любопытство	0015
любящий	0027
людской	0074
ля	0077
лямбда	0005 0044 0050 0053 0055 0057 0061
лёгкий	0002 0005 0009 0033 0044 0050 0051 0054 0061 0070 0076 0082 0085 0086 0095 0098
лёгковесный	0061
лёгкое	0037
лёгкость	0002 0033 0089
лёд	0034
лёт	0037 0047 0050 0070
маг	0039
магазин	0013 0035 0064 0075 0076 0086 0089
магелланов	0022
магический	0044 0061 0095
магия	0005 0018 0036 0039 0044 0046 0048 0049 0055 0057 0060 0061 0066
магниевый	0002 0033
магнит	0013
магнитный	0013
мажор	0077
мазок	0088
май	0010 0038 0040 0041 0043 0044 0061 0069 0070 0077 0089 0093 0100
майами	0095
майер	0086
майкрософт	0062
майорский	0048
мак	0095
макароны	0086
макбук	0039
макет	0013
макияж	0086
маккарти	0083
макклур	0089
макрос	0005 0025 0027
макроэкономика	0034
макроэкономический	0018 0034
максимально	0006 0011 0027 0032 0037 0039 0047 0049 0052 0061 0067 0074 0075 0081 0083 0089 0092 0093
максимальный	0002 0016 0017 0022 0033 0036 0045 0046 0050 0051 0062 0070 0080 0081 0087 0089 0092 0099
максимизировать	0051
максимум	0006 0010 0011 0017 0032 0034 0047 0051 0053 0081 0087 0099
максут	0014
малгод	0086
маленький	0001 0002 0004 0005 0006 0008 0009 0010 0011 0013 0015 0018 0020 0021 0022 0023 0026 0030 0032 0033 0034 0036 0037 0039 0041 0044 0045 0046 0050 0052 0053 0055 0061 0062 0066 0067 0070 0071 0076 0077 0079 0082 0084 0085 0086 0090 0091 0092 0093 0095 0096 0098 0099
мало	0002 0007 0010 0023 0027 0030 0033 0035 0038 0039 0043 0052 0057 0067 0075 0076
маловероятный	0076
малое	0036 0039 0047 0063 0076 0095 0099
малоимущий	0003
малоиспользуемый	0051
маломасштабный	0051
малополезный	0090
малый	0004 0005 0008 0009 0023 0027 0034 0036 0040 0041 0050 0055 0057 0060 0061 0063 0064 0071 0075 0076 0079 0083 0085 0092 0093 0095
мама	0027 0086
мана	0096
манга	0067
мандуло	0027
маневрировать	0076
манекен	0086
маниакально	0005
манипулировать	0012 0015 0017 0076 0086
манипуляция	0063 0077
манить	0071
манифест	0027 0047 0051 0063 0064
манный	0009
мантра	0076 0090
мануал	0038
мануальный	0035
манёвр	0071
мапинг	0048
мара	0062 0065 0076 0084
маразматик	0071
марат	0024
марать	0027
марвин	0083
маржа	0003
маржинальность	0046
марионетка	0076
марка	0055
маркер	0050 0090
маркет	0002 0033
маркетинг	0002 0005 0007 0011 0032 0033 0034 0068 0072 0089
маркетинговый	0001 0002 0004 0005 0015 0018 0033 0067
маркетолог	0005 0007 0011 0032
маркетплейс	0024
маркировать	0018 0051
маркировка	0051
марко	0055 0064
маркус	0009
марс	0022 0060
март	0006 0010 0014 0017 0029 0044 0055 0061 0076
маршировать	0076
маршрут	0007 0016 0051 0086 0096
маршрутизатор	0041 0051 0088 0092
маршрутизация	0046 0051 0087
маршрутизировать	0041 0051 0096
маршрутизироваться	0070
маска	0038 0041 0051
маскирование	0005 0041
маскировать	0051
масленник	0001
масло	0086
масса	0004 0022 0027 0034 0036 0075 0077 0083 0088
массачусетский	0023
массив	0018 0021 0036 0044 0049 0050 0051 0052 0060 0071 0072 0075 0084 0085 0086 0089 0093 0098 0099
массивно	0076
массивный	0022 0076
массово	0013 0027 0047
массовый	0003 0005 0018 0020 0034 0051 0055 0072 0076 0079 0083 0089
мастер	0035 0038 0039 0056 0098
масштаб	0001 0002 0033 0036
масштабирование	0010 0018 0027 0036 0041 0045 0047 0050 0051 0059 0064 0069 0079 0087 0095
масштабировать	0018 0036 0037 0038 0041 0042 0047 0050 0051 0061 0062 0064 0079 0090 0095 0098
масштабироваться	0013 0051 0076
масштабируемость	0043 0047 0051 0079 0087 0094
масштабность	0015
масштабный	0005 0014 0015 0016 0036 0061 0072
мат	0013 0067
математик	0017 0018 0036 0045 0052 0060 0067 0071 0085 0087 0093
математика	0011 0032 0036 0043 0060 0067 0071 0076 0085 0087 0089 0093 0099
математически	0018 0036
математический	0018 0021 0036 0050 0052 0067 0068 0071 0075 0076 0085 0089 0093 0098
материал	0002 0003 0005 0010 0011 0016 0020 0023 0030 0032 0033 0038 0040 0046 0049 0050 0052 0060 0067 0069 0079 0083 0086 0087 0088 0090 0092 0093
материализовать	0005
материальный	0003
материнский	0092
материть	0001
материя	0022
матец	0086
матрица	0002 0005 0008 0033 0036 0050 0053 0067 0071 0075 0093
матричный	0071
матрёшка	0022 0039
матц	0086
матчасть	0027
махание	0067
маховик	0076
маша	0047
машина	0002 0003 0008 0012 0033 0035 0036 0037 0038 0040 0041 0042 0044 0045 0046 0047 0050 0051 0055 0059 0061 0064 0065 0066 0069 0070 0073 0074 0075 0076 0079 0083 0086 0089 0090 0094 0095
машинка	0037
машинный	0001 0008 0018 0021 0034 0040 0042 0050 0054 0061 0067 0068 0071 0072 0075 0076 0078 0082 0083 0085 0089 0090 0093 0094 0097
мая	0047
маячить	0053
мб	0005 0010 0037 0045 0059 0066 0084 0099
мбр	0076
мвд	0004
мг	0023
мгновение	0020
мгновенно	0011 0015 0017 0032 0049 0052 0075 0090 0099
мгновенный	0002 0033 0035 0047 0049 0051 0061
мег	0020 0027 0053
мегабайт	0045 0079 0092 0095
мегаполис	0076
медаль	0015
медальонный	0005
медбрат	0023
медбрата	0023
медведь	0027
медиа	0004 0005 0068 0087 0089
медиаконтент	0002 0033
медианный	0009 0021
медийный	0001 0002 0003 0004 0005 0006 0007 0008 0009 0010 0011 0012 0013 0014 0015 0016 0017 0018 0019 0020 0021 0022 0023 0024 0025 0026 0027 0028 0029 0030 0031 0032 0033 0034 0035 0036 0037 0038 0039 0040 0041 0042 0043 0044 0045 0046 0047 0048 0049 0050 0051 0052 0053 0054 0055 0056 0057 0058 0059 0060 0061 0062 0063 0064 0065 0066 0067 0068 0069 0070 0071 0072 0073 0074 0075 0076 0077 0078 0079 0080 0081 0082 0083 0084 0085 0086 0087 0088 0089 0090 0091 0092 0093 0094 0095 0096 0097 0098 0099 0100
медицина	0015 0068 0075 0086 0093
медицинский	0003 0005 0015 0023 0026 0068 0075 0083 0087 0089
медленно	0005 0008 0035 0036 0045 0046 0053 0074 0085 0087 0099
медленный	0005 0008 0012 0022 0030 0040 0045 0049 0050 0051 0070 0087 0090 0093 0094
медный	0002 0033
медосмотр	0003
медсестра	0023 0076
медстрахование	0003
международный	0014
межличностный	0042
межсетевой	0051
мейбридж	0030
мейнстрим	0067
мейнфрейм	0089
меленький	0026
мелкий	0005 0017 0022 0040 0045 0050 0083 0089
мелкомасштабный	0076
мелочь	0057
мелькать	0076
мельник	0022
мем	0069
мембрана	0076
менеджать	0034
менеджер	0002 0003 0013 0015 0026 0027 0033 0041 0042 0052 0062 0070 0074 0079 0084 0091 0092 0095
менеджмент	0003 0009 0015 0027 0035 0039
менее	0002 0004 0005 0006 0011 0015 0021 0022 0027 0032 0033 0034 0036 0042 0045 0047 0050 0053 0061 0062 0067 0070 0074 0076 0079 0082 0086 0088 0090 0091 0092 0096 0100
ментальный	0027 0061 0082
меньшинство	0083
меню	0015 0052 0074 0086 0092
менющий	0093
менять	0007 0013 0015 0025 0036 0039 0044 0045 0049 0050 0051 0052 0056 0059 0062 0068 0071 0072 0073 0076 0083 0084 0095 0096 0099
меняться	0005 0015 0017 0022 0036 0039 0045 0051 0056 0059 0061 0062 0064 0069 0071 0076 0083 0084 0089 0090 0093 0095 0099
мера	0005 0015 0022 0040 0045 0047 0050 0051 0067 0068 0075 0076 0077 0081 0083 0085
мерка	0015
мерность	0075
мерный	0008 0075
мероприятие	0004 0042
мерцательный	0023
мес	0001 0005 0008 0087
мессенджер	0028 0031 0035 0076 0090
местность	0075
местный	0010 0011 0032 0051
место	0001 0002 0003 0008 0009 0010 0013 0015 0016 0018 0021 0022 0027 0033 0034 0036 0037 0039 0040 0043 0044 0049 0050 0051 0052 0053 0055 0060 0061 0062 0067 0069 0071 0072 0075 0076 0079 0083 0084 0086 0088 0089 0095 0096 0099 0100
местонахождение	0051
местоположение	0012 0038 0051 0088 0089
месторасположение	0056
месторождение	0075
месяц	0001 0003 0004 0005 0006 0010 0013 0015 0021 0022 0027 0034 0036 0045 0052 0053 0055 0060 0061 0062 0067 0070 0074 0075 0076 0086 0087 0089 0094
мета	0021 0025
метаанализ	0023
метаданные	0005 0050 0051 0061 0064 0079 0084 0098 0099
метаинформация	0040 0045
метакласс	0052
металл	0002 0022 0033
металличность	0022
металлургический	0034
металлургия	0034
метафора	0027 0070 0083
метка	0021 0044 0051 0054 0059 0063 0064 0072 0075 0085 0089 0093 0097 0099
метод	0003 0008 0009 0011 0012 0015 0016 0018 0021 0026 0032 0036 0037 0040 0043 0044 0049 0050 0051 0052 0055 0057 0058 0061 0063 0067 0068 0071 0072 0075 0076 0078 0082 0086 0087 0088 0091 0093 0094 0095 0096 0097 0098
методика	0027 0071 0089 0093
методичка	0067
методолог	0007 0013
методологический	0075
методология	0018 0027 0035 0042 0050 0070
метр	0013 0082
метрика	0001 0005 0009 0013 0018 0021 0035 0042 0045 0046 0051 0057 0059 0061 0062 0075 0087 0097
метро	0028 0031 0075
метровый	0082
механизм	0010 0016 0023 0025 0036 0038 0040 0043 0044 0045 0049 0050 0051 0052 0058 0060 0061 0063 0070 0079 0082 0088 0091 0095
механик	0017 0067 0076
механика	0017 0094
механический	0036 0051 0090
мехмат	0067
мечта	0005 0015 0039
мешанина	0090
мешать	0015 0022 0035 0045 0051
мешьша	0051
мигать	0076
миграционный	0065
миграция	0003 0005 0045 0061 0063 0099
мигрировать	0005 0042 0061 0099
мидло	0001 0027 0054
мизерный	0034
микро	0095
микробенчмарков	0061
микробный	0076
микроволновой	0051
микроконтроллер	0013 0051 0092
микрокредит	0010
микросекунда	0057
микросервис	0001 0046 0047 0051 0053 0063 0064 0091 0099
микросервисный	0046 0047 0051 0063 0065 0087
микроскопический	0013 0036
микросхема	0092
микрофон	0002 0013 0033 0076
микрофреймворк	0046
микрофрейморк	0046
миллиард	0004 0006 0022 0034 0036 0039 0076 0087 0095 0099
миллион	0001 0004 0005 0013 0015 0018 0021 0022 0036 0037 0049 0051 0060 0061 0071 0076 0083 0099
миллисекунда	0061
милый	0027 0076
мимо	0001 0071
мимолётный	0015
мина	0001 0002 0003 0004 0005 0006 0007 0008 0009 0010 0011 0012 0013 0014 0015 0016 0017 0018 0019 0020 0021 0022 0023 0024 0025 0026 0027 0028 0029 0030 0031 0032 0033 0034 0035 0036 0037 0038 0039 0040 0041 0042 0043 0044 0045 0046 0047 0048 0049 0050 0051 0052 0053 0054 0055 0056 0057 0058 0059 0060 0061 0062 0063 0064 0065 0066 0067 0068 0069 0070 0071 0072 0073 0074 0075 0076 0077 0078 0079 0080 0081 0082 0083 0084 0085 0086 0087 0088 0089 0090 0091 0092 0093 0094 0095 0096 0097 0098 0099 0100
миндаль	0086
миниатюрный	0013
минимализм	0002 0033 0070 0090
минималистичный	0002 0033 0070 0074 0098
минимально	0001 0042 0050 0087
минимальный	0003 0004 0005 0010 0012 0016 0022 0037 0041 0045 0047 0048 0050 0051 0057 0059 0064 0065 0066 0067 0071 0075 0081 0087 0088 0092 0095 0099 0100
минимизация	0018 0035 0068 0075 0085 0093
минимизировать	0029 0047 0049 0051 0061 0068 0085 0091 0095
минимум	0002 0004 0006 0008 0010 0021 0022 0027 0033 0035 0036 0037 0046 0051 0061 0067 0071 0075 0076 0080 0084 0095 0099
министерство	0010
миновать	0007 0027 0061
минск	0011 0032 0083
минус	0002 0006 0007 0011 0013 0021 0027 0032 0033 0042 0045 0047 0053 0057 0067 0073 0085 0091
минута	0001 0002 0003 0005 0007 0008 0011 0012 0015 0018 0021 0030 0032 0033 0036 0039 0045 0047 0048 0051 0053 0056 0059 0076 0077 0084 0086 0087 0090 0095 0096 0099
минутка	0026 0096
минутный	0002 0033
минцифра	0004 0014
минь	0060 0067
миньон	0038
мир	0001 0005 0006 0010 0012 0013 0015 0026 0027 0034 0035 0036 0039 0040 0042 0046 0050 0051 0052 0060 0061 0063 0067 0068 0069 0070 0072 0076 0082 0083 0086 0088 0089 0090 0091 0093 0095 0096
мировой	0076 0086
мироздание	0021
мисс	0086
миссия	0089
мит	0039
миф	0046 0083 0095
михаил	0026 0041 0080
мкц	0080
младенчество	0076
младший	0001 0015 0040 0050 0082 0086
млечный	0022
млн	0003 0004 0005 0013 0024 0030 0046
млрд	0006 0017 0034 0038 0061
мм	0002 0013 0033
мнемонический	0044
мнение	0001 0006 0015 0027 0030 0035 0036 0045 0067 0070 0072 0074 0076 0083 0086 0088 0090 0098
многие	0005 0006 0007 0008 0010 0015 0016 0018 0025 0027 0034 0035 0037 0039 0040 0042 0044 0047 0051 0052 0053 0055 0057 0060 0061 0063 0067 0070 0072 0075 0076 0077 0080 0083 0086 0087 0089 0091 0095 0098 0099
многий	0006 0012 0015 0025 0026 0027 0038 0042 0043 0045 0047 0050 0051 0052 0061 0063 0067 0068 0070 0072 0075 0076 0083 0087 0089 0092 0095 0096 0098 0099
многоагентный	0100
многоадресный	0051
многоголовый	0036
многогранный	0035
многодневный	0015
многое	0005 0022 0023 0043 0064 0067 0068 0069 0079 0085 0089 0098
многозадачность	0051 0092
многозадачный	0051
многоквартирный	0042
многокомпонентный	0045
многоконтейнерный	0069 0095
многократно	0009 0036 0045 0050 0052 0075 0088
многократный	0049 0061
многолетний	0015 0019 0043
многомерный	0036 0051 0085 0094
многомиллионный	0095
многомодальный	0030
многообещающий	0068 0076
многообразный	0067
многопользовательский	0088
многопоточность	0037 0050 0053 0061 0092
многопоточный	0029 0050 0061 0098
многопрограммный	0051
многопроцессорный	0050
многоразмерный	0044
многосимвольный	0057
многословный	0061
многослойный	0036 0072 0093
многостадийный	0069
многострочник	0057
многострочный	0051 0055 0057 0061
многоступенчатый	0063
многофайловый	0061
многофакторный	0012 0075
многоходовочка	0045
многочисленный	0022 0050 0067 0076 0086
многошаговый	0084 0099
многоэтажный	0042
многоэтапный	0015
многоядерный	0051 0092
многоязычный	0087
множественный	0038 0046 0048 0050 0051 0057 0061 0087 0099
множество	0005 0010 0012 0021 0025 0035 0036 0038 0040 0041 0045 0046 0047 0050 0051 0052 0054 0055 0058 0061 0065 0067 0068 0069 0070 0071 0074 0075 0076 0077 0079 0082 0083 0084 0088 0089 0092 0093 0096
мо	0076
мобилизация	0004
мобильность	0051
мобильный	0016 0034 0047 0054 0061 0062 0075 0076 0087 0089
мода	0005 0015
модальность	0011 0032
моделирование	0018 0071 0086
моделировать	0076 0083
модель	0001 0002 0003 0004 0005 0006 0008 0013 0015 0018 0019 0020 0021 0022 0023 0030 0033 0035 0036 0037 0038 0042 0045 0046 0050 0051 0061 0062 0067 0068 0070 0071 0072 0074 0075 0076 0078 0082 0083 0086 0087 0089 0090 0092 0093 0094 0097 0100
модерация	0021
модерироваться	0021
модернизировать	0076
модификатор	0017 0040 0050 0058 0084
модификация	0050 0051 0067 0071 0075 0078 0095
модифицировать	0041 0045 0050 0051 0080
модифицироваться	0061
модно	0027
модный	0001 0013 0018 0027 0046 0061 0085 0086
модуль	0001 0016 0018 0030 0038 0041 0044 0049 0050 0051 0052 0053 0055 0056 0057 0060 0061 0067 0074 0092 0095 0097 0098
модульность	0050
модульный	0016 0042 0050 0051 0061 0070 0074
мозг	0023 0027 0039 0052 0066 0068 0071 0072 0076 0082 0083 0090 0093
мозговой	0039
мой	0001 0004 0008 0009 0010 0013 0015 0020 0021 0026 0027 0036 0039 0041 0045 0046 0049 0051 0052 0053 0054 0059 0060 0064 0067 0071 0076 0086 0088 0089 0090 0093 0095
мокрый	0076
мол	0006 0023 0053
молекула	0076 0097
молекулярный	0022 0076 0097
молниеносно	0076
молниеносный	0049 0076
молния	0076
молодец	0039
молодой	0004 0022 0046 0061 0076 0083
молодёжный	0046
молоко	0086
молот	0039
молотый	0086
молочный	0086
молча	0076 0099
момент	0001 0003 0004 0005 0006 0008 0010 0013 0015 0017 0021 0022 0026 0027 0035 0036 0038 0039 0040 0041 0044 0045 0046 0047 0050 0051 0052 0053 0055 0056 0060 0061 0067 0069 0071 0076 0079 0082 0083 0084 0086 0088 0090 0091 0092 0093 0095 0096 0100
моментально	0049
моментальный	0090 0095
монг	0045
монетизация	0010 0024
монетка	0021 0086
монитор	0039 0044 0050 0051
мониторинг	0001 0005 0012 0017 0018 0035 0039 0042 0051 0054 0059 0064 0068 0081 0083 0087 0095
мониторить	0035 0053 0067
монолит	0064 0065
монолитность	0070
монолитный	0051 0061 0092
монорепо	0030
монотонно	0051
монотонный	0021
монреаль	0034
монстр	0022
монструозный	0046
монт	0094
монтаж	0002 0033
монтирование	0041 0045 0047 0069 0080 0095
монтировать	0045 0069 0091 0092
монтироваться	0051
мораль	0076
морда	0076
море	0076
морковь	0086
морок	0071
моррис	0029
морской	0076 0079
моряк	0076
москва	0008 0013 0027 0076
московский	0075
моссад	0076
мост	0050 0051 0065 0089 0092
мотив	0076 0090
мотивационный	0076
мотивация	0003 0010 0023 0025 0039 0067 0074
мотивировать	0027 0076
моушн	0002 0033
мочь	0001 0002 0003 0004 0005 0006 0007 0008 0009 0010 0011 0012 0013 0015 0016 0017 0018 0019 0021 0022 0025 0026 0027 0030 0032 0033 0034 0035 0036 0037 0038 0039 0040 0041 0042 0043 0044 0045 0046 0047 0048 0049 0050 0051 0052 0053 0054 0055 0056 0057 0059 0060 0061 0063 0064 0065 0067 0068 0069 0070 0071 0072 0074 0075 0076 0077 0079 0080 0081 0082 0083 0084 0085 0086 0087 0088 0089 0091 0092 0093 0095 0096 0097 0098 0099
мошенник	0010 0076
мошеннический	0075 0076 0089
мошенничество	0076 0089
мощность	0002 0008 0013 0033 0046 0047 0051 0068 0072 0075 0083
мощный	0001 0002 0003 0005 0008 0009 0015 0022 0027 0033 0037 0046 0047 0049 0050 0051 0052 0060 0061 0068 0070 0071 0075 0079 0082 0085 0087 0092 0094 0095
мощь	0008 0051 0059 0089 0094 0095
мрачный	0076
мрд	0080
мрот	0003
мс	0037 0045 0046 0099
мсвсфера	0074
мсп	0003
мстить	0076
мтк	0004
му	0001
мудрость	0015 0027 0086
муж	0027 0086
мужик	0027
мужицкий	0024
мужской	0019 0086
мужчина	0027 0085
музыка	0072 0083 0089
музыкальный	0024 0089
музыкант	0002 0033 0089
мука	0008
мультивалютный	0039
мультидисцилинарен	0089
мультиклассовый	0089
мультимедийный	0070
мультиплексировать	0099
мультипликатор	0034
мультипрограммирование	0051
мультитенантность	0051
мультитенантный	0099
мультя	0087
мур	0029 0047
муравейник	0076
мускул	0061
мусор	0040 0050 0051 0055 0060 0061
мусорный	0021
мутация	0090
мучаться	0095
мучение	0005 0018
мучительный	0086
мучить	0096
мфа	0012
мфть	0067
мы	0001 0005 0011 0012 0013 0015 0016 0023 0025 0027 0030 0032 0035 0036 0037 0041 0043 0044 0045 0046 0049 0050 0051 0057 0059 0062 0063 0064 0066 0067 0068 0071 0075 0077 0079 0082 0084 0085 0086 0088 0089 0090 0092 0093 0095 0096 0097
мыльный	0086
мысленно	0001 0042
мысленный	0015 0076
мыслимый	0086
мыслительный	0083
мыслить	0018 0071 0072 0083 0090
мысль	0001 0013 0015 0020 0027 0039 0049 0052 0062 0067 0072 0076 0082 0085 0086 0088 0090 0095
мышка	0076
мышление	0015 0042 0061 0076 0083 0089 0090 0094
мышь	0002 0027 0033 0076
мэтт	0001
мэтч	0042
мягкий	0067 0082 0099
мягкость	0082
мясо	0071 0086
мятеж	0076
мятый	0011 0032
мяч	0076 0082
мёд	0023 0086
мёрджема	0061
мёртвый	0005 0021 0052 0076
набегать	0003
набивать	0067
набирать	0005 0014 0015 0024 0027 0090
набираться	0039
набитый	0076
набить	0067
наблюдатель	0028 0031 0050 0076 0094
наблюдательный	0023
наблюдать	0012 0015 0022 0023 0027 0035 0039 0051 0059 0076 0079 0082 0083 0093
наблюдаться	0011 0014 0022 0026 0032 0042 0075
наблюдение	0012 0016 0022 0023 0027 0051 0059 0075
набор	0001 0002 0005 0007 0008 0009 0010 0018 0020 0033 0034 0035 0036 0038 0039 0041 0042 0044 0045 0046 0047 0049 0050 0051 0052 0055 0057 0059 0061 0064 0065 0066 0067 0068 0069 0070 0071 0072 0075 0079 0083 0084 0085 0087 0088 0089 0092 0093 0095 0097 0098 0100
набрать	0022 0034 0052 0053 0075 0076 0095
набраться	0067
набросать	0046
наведение	0011 0032
наверное	0001 0045 0053 0063 0067 0095
наверняка	0001 0013 0027 0057 0060
наверх	0050 0075
навес	0076
навешивать	0039
навеять	0071
навигация	0030 0049
навредить	0015 0079
навряд	0088
навсегда	0051 0061 0076 0099
навык	0001 0009 0013 0015 0039 0042 0053 0054 0059 0067 0076 0083 0088 0089 0095
навязывать	0070
наглядно	0027 0035 0037 0057 0059 0067 0093 0100
наглядный	0015 0054 0057 0092 0099
наговнокодить	0027
награда	0016 0076 0089
награждаться	0089
нагромождать	0035
нагрузить	0045 0067
нагрузка	0002 0003 0004 0005 0009 0016 0017 0023 0033 0035 0038 0041 0042 0045 0046 0047 0050 0051 0057 0059 0061 0062 0064 0065 0087 0090 0095 0096
нагрузочный	0001 0035 0047
нагулять	0095
надавать	0039
надбавка	0003
надевать	0027 0076
надежда	0005 0076
надеть	0086
надеяться	0039 0041 0043 0045 0046 0063 0067 0070 0071 0076 0077 0093 0095
надзор	0051
надлежащий	0016
надстройка	0046 0053
надувать	0045
надёжно	0006 0015 0042 0076
надёжность	0002 0005 0026 0033 0035 0050 0051 0070 0075 0079 0094
надёжный	0002 0005 0025 0026 0033 0035 0038 0041 0042 0045 0050 0051 0055 0059 0061 0063 0076 0079 0092 0094 0100
нажатие	0002 0024 0033 0050 0074 0076 0092 0095
нажать	0011 0026 0032 0051 0052 0056 0063 0064 0076 0095
нажимать	0015 0060 0064 0095
назад	0001 0004 0005 0015 0020 0026 0027 0028 0031 0034 0035 0036 0053 0061 0067 0071 0076 0082 0083 0092 0093 0095 0096
название	0003 0010 0011 0012 0019 0021 0032 0036 0041 0044 0045 0049 0050 0051 0052 0055 0059 0060 0061 0063 0064 0067 0071 0075 0076 0079 0084 0085 0086 0088 0089 0093 0095 0096
назвать	0011 0019 0022 0032 0036 0045 0049 0050 0051 0053 0055 0063 0071 0076 0084 0086 0090 0092 0093 0094 0095 0097 0098
наземный	0076
назначать	0036 0051 0067 0075 0081 0097
назначаться	0051
назначение	0008 0018 0040 0050 0051 0062 0063 0083
назначить	0010 0038 0041 0051 0053 0088 0097
назревать	0076
назреть	0075
называть	0009 0015 0027 0035 0036 0039 0040 0041 0042 0045 0049 0050 0051 0052 0055 0060 0061 0063 0065 0071 0075 0076 0081 0082 0085 0086 0089 0093 0094 0095 0096 0097
называться	0010 0018 0027 0028 0031 0035 0036 0049 0050 0051 0052 0055 0060 0061 0062 0066 0067 0069 0071 0075 0076 0083 0085 0086 0089 0092 0093 0095
наиболее	0010 0011 0015 0022 0032 0035 0036 0038 0042 0046 0050 0051 0067 0070 0075 0076 0079 0083 0086 0089 0092 0093 0095
наивно	0053
наивный	0075 0078
наизнанку	0024
наизусть	0027
наименее	0015
наименование	0011 0032 0080
найти	0005 0006 0010 0012 0013 0015 0016 0017 0021 0027 0029 0036 0039 0040 0044 0045 0048 0049 0050 0051 0052 0053 0054 0055 0056 0057 0059 0061 0065 0066 0067 0069 0070 0071 0073 0074 0075 0076 0077 0080 0083 0084 0087 0088 0089 0090 0092 0093 0094 0095 0096 0097 0100
найтись	0081
наказание	0089
наказываться	0089
накануне	0010
накапливать	0015 0076
накапливаться	0048 0076 0099
накатать	0035
накатывать	0076
накатываться	0065
накидать	0039 0090
накладный	0005 0037 0051 0057 0061 0092
накладывать	0027 0039 0071 0073 0076
наклон	0002 0033 0071
наклонение	0039
накопитель	0002 0033 0051 0070
накопительство	0090
накопиться	0017
накопление	0005 0013 0036 0092
накрыть	0086
накупить	0034
налагать	0063
наладить	0001 0095
налаживать	0076
налево	0071
налететь	0076
наличие	0002 0003 0004 0008 0011 0013 0016 0022 0027 0032 0033 0035 0038 0041 0044 0045 0050 0051 0062 0067 0070 0071 0075 0081 0086 0087 0089 0092 0093 0096
наличка	0003
наловить	0039
налог	0003 0004 0005 0057
налоговый	0003 0004 0010 0015
налогообложение	0004
налёт	0034 0086
намазать	0027
намекать	0034
намерение	0068 0076
намеренно	0009 0030 0052 0076 0099 0100
намного	0010 0013 0015 0034 0036 0045 0051 0055 0067 0083 0086
намёк	0015 0100
нанести	0008 0076 0086
нанимать	0027 0076
наномасштабный	0076
наносить	0076
наноситься	0086
нанять	0015 0027 0089
наобещать	0026
наоборот	0001 0013 0022 0035 0036 0037 0039 0047 0050 0051 0052 0055 0083 0095
напасть	0076
напаять	0013
наперегонки	0034
наперёд	0051 0052 0076
написание	0001 0008 0009 0015 0021 0035 0038 0041 0042 0045 0046 0047 0048 0050 0051 0052 0053 0055 0061 0065 0067 0069 0072 0074 0075 0079 0083 0084 0088 0090 0095 0098
написать	0001 0002 0003 0004 0005 0006 0007 0008 0009 0010 0011 0012 0013 0014 0015 0016 0017 0018 0019 0020 0021 0022 0023 0024 0025 0026 0027 0028 0029 0030 0031 0032 0033 0034 0035 0036 0037 0038 0039 0040 0041 0042 0043 0044 0045 0046 0047 0048 0049 0050 0051 0052 0053 0054 0055 0056 0057 0058 0059 0060 0061 0062 0063 0064 0065 0066 0067 0068 0069 0070 0071 0072 0073 0074 0075 0076 0077 0078 0079 0080 0081 0082 0083 0084 0085 0086 0087 0088 0089 0090 0091 0092 0093 0094 0095 0096 0097 0098 0099 0100
напиток	0023 0086
наповал	0053
наподобие	0067 0089
напоказ	0005
наполнить	0083 0100
наполнять	0036
напоминание	0067 0076 0085
напоминать	0019 0022 0055 0070 0088 0089 0090 0094
напомнить	0022 0064 0067 0077 0093 0097
напоследок	0021 0067
направить	0004 0015 0018 0042 0050 0076 0094
направление	0001 0006 0013 0015 0018 0024 0034 0035 0036 0042 0047 0051 0061 0063 0067 0068 0071 0072 0086 0093 0094
направленность	0035 0076
направлять	0015 0039 0047 0052 0076 0095
направляться	0039 0076
например	0004 0005 0006 0008 0010 0011 0016 0017 0018 0022 0025 0027 0032 0034 0035 0036 0037 0038 0039 0042 0044 0045 0047 0049 0050 0051 0052 0054 0055 0059 0060 0061 0062 0063 0064 0065 0067 0069 0070 0071 0072 0074 0075 0076 0079 0080 0082 0083 0084 0085 0086 0087 0088 0089 0091 0092 0093 0095 0096 0097 0098 0099
напротив	0027 0050 0051 0057 0061 0071 0079 0082
напрочь	0071
напрягаться	0027
напряжение	0027
напряжённость	0076
напрямую	0005 0011 0012 0015 0025 0030 0032 0035 0036 0037 0039 0041 0047 0050 0051 0052 0059 0061 0072 0084 0089 0092 0095 0096 0098 0099
напрячь	0015 0076
напугать	0019 0067 0076
нарастать	0079 0089
наращивание	0076
наращивать	0022 0047
нарезать	0086
нарисовать	0013 0071 0086
наркотический	0076
народный	0076
наружу	0013 0027 0041 0045 0057 0059 0076 0084
нарушать	0050 0068
нарушение	0003 0010 0016 0023 0025 0050 0068 0075 0084 0086
нарушить	0042 0049 0061
наряд	0086
наряду	0006 0063 0083 0089
насекомое	0023 0054
население	0022 0076
насколько	0006 0010 0015 0018 0023 0027 0034 0035 0036 0043 0045 0050 0051 0074 0075 0076 0083 0085 0088 0090 0093 0095
насладиться	0095
наслаждаться	0086
наслать	0013 0016 0076 0089 0095
наследие	0045
наследник	0050
наследование	0050 0061 0098
наследовать	0044 0050
наследоваться	0050 0084
наследоввание	0050
насмотренность	0027
насмотреться	0034
насобирать	0063
насоздавать	0045
нассим	0082
наставник	0027 0077
настойчиво	0012
настойчивый	0045
настолк	0030
настолько	0005 0015 0019 0020 0027 0034 0035 0045 0061 0090 0093
настольный	0051 0070 0074 0092
настоятельно	0011 0032 0051 0053 0067
настоять	0019
настоящий	0001 0005 0007 0009 0018 0023 0027 0034 0039 0041 0045 0047 0052 0053 0055 0061 0062 0063 0071 0076 0082 0083 0086 0091 0092 0093 0095
настраивание	0042
настраивать	0001 0005 0013 0028 0031 0036 0045 0047 0050 0051 0057 0070 0088 0091 0092 0093 0096 0097
настраиваться	0013 0036 0038 0045 0051 0086 0092 0095
настроение	0006 0034 0039
настроенный	0056
настроить	0005 0006 0010 0011 0013 0016 0017 0032 0035 0039 0041 0042 0045 0047 0048 0051 0052 0056 0057 0060 0062 0063 0065 0070 0073 0074 0076 0079 0081 0085 0087 0092 0095 0096 0100
настрой	0056 0089 0092
настройка	0001 0002 0003 0004 0005 0006 0007 0008 0009 0010 0011 0012 0013 0014 0015 0016 0017 0018 0019 0020 0021 0022 0023 0024 0025 0026 0027 0028 0029 0030 0031 0032 0033 0034 0035 0036 0037 0038 0039 0040 0041 0042 0043 0044 0045 0046 0047 0048 0049 0050 0051 0052 0053 0054 0055 0056 0057 0058 0059 0060 0061 0062 0063 0064 0065 0066 0067 0068 0069 0070 0071 0072 0073 0074 0075 0076 0077 0078 0079 0080 0081 0082 0083 0084 0085 0086 0087 0088 0089 0090 0091 0092 0093 0094 0095 0096 0097 0098 0099 0100
наступательный	0100
наступать	0005 0015 0057
наступить	0026 0076 0099
наступление	0075
насчитывать	0075
насчёт	0010 0051 0067 0071 0086 0095
насытить	0022
насыщенный	0002 0033 0036 0086
наталья	0088
натаскать	0075
наташа	0013
нативный	0001 0002 0003 0004 0005 0006 0007 0008 0009 0010 0011 0012 0013 0014 0015 0016 0017 0018 0019 0020 0021 0022 0023 0024 0025 0026 0027 0028 0029 0030 0031 0032 0033 0034 0035 0036 0037 0038 0039 0040 0041 0042 0043 0044 0045 0046 0047 0048 0049 0050 0051 0052 0053 0054 0055 0056 0057 0058 0059 0060 0061 0062 0063 0064 0065 0066 0067 0068 0069 0070 0071 0072 0073 0074 0075 0076 0077 0078 0079 0080 0081 0082 0083 0084 0085 0086 0087 0088 0089 0090 0091 0092 0093 0094 0095 0096 0097 0098 0099 0100
наткнуться	0010 0020
натравить	0076
натренировать	0093
натуральность	0023
натуральный	0099
натяжка	0071
натёкина	0067
наука	0015 0034 0067 0068 0072 0076 0086 0097
научить	0018 0095
научиться	0001 0003 0027 0034 0035 0036 0067 0071 0072 0076 0082 0086 0093 0095
научно	0021 0022 0023 0036 0039 0054 0067 0076 0082 0083 0086 0090
научный	0001 0002 0008 0015 0022 0033 0067 0075 0076 0078 0086 0088 0089 0094
научпоп	0022 0023 0086 0090
наушник	0002 0033 0076
находить	0001 0015 0027 0035 0044 0049 0050 0052 0054 0060 0066 0067 0068 0071 0072 0076 0082 0083 0084 0086 0089 0093 0096
находиться	0001 0004 0005 0010 0012 0015 0022 0023 0026 0027 0029 0035 0036 0038 0041 0042 0044 0046 0050 0051 0055 0057 0058 0059 0067 0069 0071 0072 0075 0076 0079 0080 0082 0084 0086 0088 0089 0090 0092 0093 0095 0096 0100
находка	0016
нахождение	0011 0032 0050 0075 0089 0093 0096
нацеливаться	0076
нацелить	0035 0061 0067 0076 0089
нацелиться	0012 0015
национальный	0011 0015 0032 0074 0076
нация	0076
начало	0001 0005 0006 0008 0013 0014 0015 0018 0021 0022 0023 0027 0034 0036 0037 0038 0039 0041 0044 0045 0046 0047 0049 0050 0051 0052 0055 0056 0057 0061 0062 0064 0067 0069 0071 0075 0076 0084 0085 0088 0090 0093 0095 0096 0097 0098
начальник	0003 0039 0076
начальный	0009 0010 0016 0017 0027 0050 0067 0070 0071 0097
начать	0001 0005 0008 0010 0011 0012 0013 0015 0021 0024 0027 0032 0034 0036 0037 0038 0039 0041 0042 0043 0045 0049 0052 0053 0055 0056 0061 0062 0063 0065 0067 0069 0071 0074 0075 0076 0079 0083 0084 0086 0088 0089 0090 0092 0093 0095 0097 0098 0099 0100
начаться	0006 0015 0027 0034 0061 0062 0071 0072 0075 0076 0079 0083 0093 0095
начинание	0006
начинать	0001 0002 0005 0013 0015 0017 0018 0022 0025 0027 0033 0034 0035 0036 0037 0038 0039 0040 0043 0044 0045 0049 0050 0051 0054 0055 0059 0061 0063 0065 0074 0076 0078 0079 0080 0081 0083 0085 0086 0088 0090 0092 0093 0098 0099
начинаться	0009 0010 0022 0034 0035 0036 0037 0039 0040 0044 0050 0051 0052 0061 0063 0066 0067 0071 0076 0079 0081 0084 0091 0092 0093 0096 0098
начинающий	0015 0040 0050 0052 0060 0065 0070 0072 0078 0085 0088 0092 0096 0098
начисление	0075
начислить	0003
начисляться	0003 0004
начистоту	0083
наш	0001 0003 0005 0011 0012 0013 0015 0016 0022 0025 0027 0032 0034 0035 0036 0037 0038 0039 0040 0041 0042 0043 0044 0045 0047 0048 0049 0050 0051 0052 0055 0060 0061 0062 0063 0064 0065 0066 0067 0068 0071 0074 0075 0079 0081 0083 0084 0085 0086 0089 0090 0093 0095 0097
наём	0027 0067 0086 0089
ндс	0003
ндфл	0003
неаккуратно	0091
неактуальный	0015
небанальный	0011 0032
небезопасно	0091
небезопасный	0016 0025 0061 0079
небезразличный	0015
небиржевой	0006
неблокировать	0046 0061
небо	0022 0076
небольшой	0008 0009 0015 0022 0023 0035 0036 0037 0039 0040 0045 0046 0047 0049 0051 0054 0055 0057 0059 0063 0064 0065 0067 0070 0075 0076 0083 0089 0092 0095 0096 0100
небоскрёб	0039
небюрократический	0010
неважно	0086
невалидной	0084
невалидный	0084
неведение	0076
неведомый	0039
неверно	0003 0016 0083
неверный	0018 0026 0050 0052 0076 0099
невероятно	0054 0093 0095
невероятный	0027 0049 0083 0093
невзрачный	0026
невидимый	0039 0052 0061
невнимательный	0001
невозврат	0089
невозможно	0001 0005 0010 0017 0025 0027 0040 0050 0076 0079 0082 0083 0092
невозможность	0017 0047 0048 0050
невозможный	0013 0077
невооружённый	0022
невыгодный	0035
невыполнение	0003
невысокий	0022
негатив	0027
негативный	0051 0068
негауссовский	0075
негибкий	0089
негласный	0060
неглубокий	0067
негосударственный	0003
негус	0088
недавний	0023 0036 0072 0076 0083 0086 0089
недавно	0012 0036 0040 0055 0076 0089
недвижимость	0071
неделя	0001 0005 0006 0008 0010 0013 0015 0017 0022 0038 0039 0050 0053 0076 0082 0086 0089 0095
недоверие	0083
недолгий	0014 0022 0038
недооценивать	0006
недооценить	0061 0086
недооценка	0006
недопустимо	0050
недорого	0053
недорогой	0002 0011 0032 0033
недоставать	0010 0050
недостаток	0005 0042 0046 0047 0050 0051 0067 0068 0070 0076 0082 0083 0089 0090
недостаточно	0002 0005 0008 0011 0032 0033 0039 0046 0047 0050 0051 0067 0083
недостаточный	0017 0047 0097
недоступность	0045
недоступный	0011 0014 0018 0032 0050 0051 0055 0068 0071 0088 0098
недра	0022 0071
неестественный	0086
нежелание	0027
нежелательно	0045 0050
нежелательный	0050 0051 0052
нежели	0043 0069 0093
нежный	0007 0076 0086
незаблокировать	0012
незавершённый	0062
независимо	0025 0036 0037 0038 0042 0047 0049 0050 0051 0057 0064 0067 0069 0079
независимость	0005 0051 0074
независимый	0005 0017 0037 0047 0050 0051 0059 0067 0070 0071 0074 0075 0079 0092
незаконно	0003
незакрытый	0062
незаменимый	0047 0052 0054 0068 0069 0075
незаметно	0005
незаметный	0002 0033 0076
незамеченный	0012
незанятый	0045
незапущенный	0038
незаражённый	0076
незарегистрированный	0010
незаслуженно	0038
незафиксированный	0050
незащищённый	0051
нездоровый	0084
незнакомец	0067 0086
незнакомый	0010 0076
незнание	0027
незначительно	0021
незначительный	0036 0039 0090
неизбежно	0035 0094
неизбежность	0034
неизбежный	0005 0034 0076 0091 0094
неизвестно	0052
неизвестность	0094
неизвестный	0073 0076 0084 0089 0092 0093
неизменно	0061
неизменный	0004 0050 0059 0089 0093
неизменяемость	0050
неизменяемый	0049 0050 0052 0060 0061 0069 0092
неизменённый	0016
неинтерактивно	0100
неинтерактивный	0080
неинтересный	0058
неиспользованный	0003
неиспользуемый	0025 0040 0050 0061 0069 0098
неисправность	0041 0051 0079
нейминг	0011 0032
неймспейс	0045 0063 0095
нейробиология	0023 0090
нейродегенеративный	0023
нейрон	0068 0071 0072 0083 0085 0093
нейронка	0021 0071
нейронки	0011 0021 0027 0032
нейронный	0021 0034 0036 0067 0068 0071 0072 0075 0076 0082 0083 0085 0092 0093 0094
нейронок	0021
нейропротекторный	0023
нейросетевой	0018
нейросетка	0071
нейросеть	0006 0007 0008 0013 0014 0018 0021 0027 0034 0036 0067 0068 0071 0072 0082 0083 0085 0090
нейрохакер	0023 0090
нейтрализовывать	0016
некий	0035 0039 0043 0045 0061 0069 0079 0082 0086 0089 0092 0093
некогда	0021 0076
некоммерческий	0004
некомпетентность	0076
некомфортно	0085
неконсистентный	0099
неконтролируемый	0036 0076
некорректный	0018 0021 0050
некоторый	0003 0005 0006 0008 0010 0011 0015 0021 0023 0025 0027 0028 0031 0032 0034 0035 0038 0041 0042 0044 0045 0047 0050 0051 0053 0055 0057 0058 0061 0064 0067 0068 0070 0071 0074 0075 0076 0078 0079 0081 0082 0083 0084 0086 0088 0089 0092 0093 0094 0095 0096 0097
некрасивый	0013
некрутой	0013
нектар	0023
некуда	0095
нелегал	0076
нелегально	0003
нелепый	0086
нелинейный	0018 0021 0067 0071 0094
неловко	0005
немаловажный	0045
немалый	0077
немедленно	0042 0052
немедленный	0051 0055
немецкий	0010 0053
неминуемо	0027
немногие	0034 0076
немногий	0011 0032
немного	0001 0004 0021 0022 0027 0036 0037 0038 0039 0044 0045 0046 0049 0051 0053 0057 0060 0065 0067 0071 0075 0076 0078 0082 0085 0086 0088 0093 0095 0096 0097 0100
немножечко	0026
немножко	0013
немов	0100
немой	0015 0034 0042 0050 0052 0060 0064 0067 0075 0079 0083 0088 0095
немыслимо	0015
немыслимый	0027
ненавидеть	0086
ненависть	0090
ненадёжный	0001 0051 0094
неназначить	0051
ненаучно	0034
ненормальный	0054 0057
ненужный	0047 0050 0051 0061 0069 0083 0095
ненулевой	0050 0076
необлагаемый	0003
необработанный	0021 0025 0050 0051
необратимый	0099
необходимо	0004 0010 0011 0030 0032 0035 0038 0040 0041 0045 0046 0049 0050 0051 0059 0062 0063 0064 0065 0067 0068 0069 0070 0071 0075 0076 0077 0080 0084 0089 0092 0093 0097
необходимость	0002 0005 0015 0018 0033 0035 0038 0045 0047 0050 0051 0054 0057 0061 0067 0068 0069 0070 0074 0075 0076 0083 0084 0087 0089 0093 0094
необходимый	0015 0025 0034 0035 0038 0040 0041 0042 0045 0047 0050 0051 0052 0053 0062 0063 0064 0065 0067 0069 0070 0075 0076 0078 0079 0080 0083 0084 0085 0086 0090 0092 0093 0094 0095
необъяснимый	0015
необычно	0036 0063
необычный	0002 0012 0033 0054 0067 0076 0083 0089
необязательно	0053 0089
необязательный	0080 0084 0099
неограниченный	0018 0027 0085
неоднозначно	0083
неоднозначность	0050
неоднозначный	0061 0083
неоднократно	0051
неоднородный	0022
неожиданно	0011 0032 0034 0076
неожиданный	0013 0025 0026 0041 0050 0069 0076
неопределённость	0007 0009 0068 0083 0094
неопределённый	0061
неоптимальный	0040 0057 0070
неоригинальный	0086
неотложность	0015
неотсортированный	0050
неотъемлемый	0035 0047 0068 0094
неофициальный	0070
неочевидность	0057
неочевидный	0011 0018 0032
непереносимый	0092
неплохо	0039 0053 0067 0071 0095
неплохой	0027 0045 0095
неповоротливый	0035
неподвижный	0076
неподходящий	0050
неполадка	0012 0014
неполный	0009 0034 0083 0094 0099
непонятно	0053 0062 0067
непонятный	0039 0053 0067
непосредственно	0021 0035 0036 0038 0039 0040 0047 0050 0051 0053 0063 0074 0079 0094 0097
непосредственный	0038 0039 0093
непостижимый	0076
неправильно	0016 0017 0045 0050 0068 0076 0083 0099
неправильный	0022 0030 0050 0068 0096
неправомерный	0017
неправый	0001
непрактичный	0001 0005 0087
непреднамеренный	0050
непредсказуемый	0041 0045 0050 0052 0061 0076
непрерываемый	0081
непрерывно	0076
непрерывность	0047
непрерывный	0005 0008 0009 0022 0035 0042 0047 0049 0051 0057 0063 0089
неприватный	0058
непривлекательный	0013
непривычный	0070
неприемлемый	0005 0034
неприлично	0027
неприменимый	0096
неприятно	0096
неприятность	0067
неприятный	0076 0086
непроверенный	0008
непроверяемый	0050
непрозрачный	0045
непросто	0013 0022 0053
непростой	0004 0010 0076 0089
непубличный	0006
неработоспособный	0051
нерабочий	0099
неравенство	0018
неравномерно	0086
неравномерный	0086
неравный	0050 0068
неразличимый	0002 0033
неразмеченный	0034
нераспределённый	0051
нерациональный	0047
нерв	0003
нервничать	0076
нервный	0068 0091
нереалистический	0023
нереалистичный	0010
нереально	0035 0053 0067
нерегулярный	0047 0076
нередко	0027 0042 0068 0092
нерелевантный	0011 0032
неряшливый	0015
несанкционированный	0012 0050 0051 0083
несерьёзно	0001
несколько	0001 0005 0006 0009 0010 0011 0012 0013 0015 0016 0017 0018 0021 0025 0027 0029 0030 0032 0034 0035 0036 0037 0038 0039 0040 0041 0043 0045 0047 0049 0050 0051 0052 0053 0054 0055 0058 0059 0061 0062 0064 0065 0067 0068 0069 0070 0071 0075 0076 0079 0082 0083 0084 0085 0086 0087 0088 0089 0090 0093 0094 0095 0096 0097 0098 0100
нескоординированный	0076
несложно	0013 0045 0067
несложный	0043 0100
неслучайно	0054
несменяемый	0050
несмотря	0002 0005 0012 0033 0039 0042 0046 0047 0050 0060 0061 0076 0083 0088 0094
несовершенный	0012 0076
несовместимость	0005 0095
несовместимый	0051 0079
несовпадение	0086
несогласованность	0050 0051 0076 0099
несогласованный	0050 0051 0076
несомненно	0042
несоосность	0076
несохранённый	0052
неспособный	0094
несравнимость	0050
нестабильность	0009 0051
нестабильный	0002 0033 0061 0070
нестандартный	0025 0039 0073 0083
нестатический	0050
нестационарный	0018
нести	0010 0011 0015 0032 0035 0068
неструктурированный	0001 0018 0051 0072 0089
неструктурировать	0051
нестыковка	0005
несуществующий	0018 0052 0084
несчастный	0003
нетерпеливый	0052 0086
нетерпение	0076
нетипичный	0089
нетленка	0026
нетология	0039
неточность	0086
неточный	0001 0051 0076 0083
нетрадиционный	0030
нетривиальный	0001 0011 0032 0045 0067
нетрудоспособность	0003
нету	0021 0059 0082
нетуториал	0054
неубивать	0052
неудача	0018 0067 0086 0097
неудачно	0071
неудачный	0011 0032 0045 0050
неудивительный	0061
неудобно	0045
неудобный	0001 0002 0013 0033
неудобство	0030
неужели	0034 0060 0086
неузнаваемый	0015 0076
неуклонно	0015
неукротимый	0076
неуместный	0018 0083
неуплата	0003
неуплаченный	0003
неупорядоченный	0050 0089
неупорядочить	0050
неуспех	0045
неуспешный	0035
неустойчивый	0022 0045
неутешительный	0057
неутомимый	0076 0083
неуязвимый	0015
нефтегаз	0034
нефтегазовый	0034
нефть	0018
нехватка	0002 0033 0050
нецелесообразный	0060
нечеловечески	0076
нечеловеческий	0076
нечто	0015 0021 0025 0077 0082 0088 0089 0090 0092 0093
нечёткий	0074
нечётный	0050 0052
неэффективный	0047 0049 0050 0076
неявно	0052 0057
неявный	0050 0052 0057
неясно	0055
неясность	0011 0032 0068
неясный	0076
нивелировать	0021 0082
нивелироваться	0005
нигде	0027 0071 0088
нидерланды	0006
ниже	0002 0003 0004 0005 0006 0008 0012 0017 0021 0022 0023 0026 0027 0033 0034 0035 0036 0041 0042 0044 0045 0050 0052 0054 0055 0058 0060 0063 0064 0067 0071 0074 0077 0078 0082 0085 0087 0089 0091 0093 0095 0097 0098 0099
нижеуказанный	0041
нижний	0022 0042 0045 0050 0060
низвести	0076
низкий	0005 0015 0017 0021 0022 0036 0050 0051 0052 0060 0067 0076 0087 0092 0097
низкооплачиваемый	0067
низкоуровневый	0045 0050 0055 0061 0065 0070 0095
низкоуровний	0046
никак	0021 0045 0053 0082 0084 0093
никакой	0005 0009 0023 0025 0026 0027 0034 0036 0045 0050 0053 0064 0066 0067 0071 0075 0076 0079 0084 0086 0093 0095 0099
никита	0087
никнейм	0021
николай	0024
николайчук	0076
николенко	0034
никто	0005 0009 0010 0013 0015 0026 0027 0034 0039 0057 0091 0096
никуда	0021 0027 0034 0059
никчёмный	0026
нисколько	0036
нит	0002 0033
ниточка	0076
нить	0076
ничто	0003 0015 0027 0039 0096
ниша	0005 0013
нишевый	0002 0005 0033 0070 0072
нищенский	0026
нк	0003
нобелевский	0015 0082
новаторский	0076
новация	0061
новенький	0039
новизна	0030 0061 0070 0090
новичков	0025
новичок	0008 0013 0015 0039 0052 0053 0059 0060 0067 0070 0076 0084 0085 0092 0097
нововведение	0049 0050 0061
новоградец	0053
новоиспечённый	0027
новомодный	0067
новорождённый	0022
новостной	0018 0024 0054 0075 0079
новость	0001 0002 0003 0004 0005 0006 0007 0008 0009 0010 0011 0012 0013 0014 0015 0016 0017 0018 0019 0020 0021 0022 0023 0024 0025 0026 0027 0028 0029 0030 0031 0032 0033 0034 0035 0036 0037 0038 0039 0040 0041 0042 0043 0044 0045 0046 0047 0048 0049 0050 0051 0052 0053 0054 0055 0056 0057 0058 0059 0060 0061 0062 0063 0064 0065 0066 0067 0068 0069 0070 0071 0072 0073 0074 0075 0076 0077 0078 0079 0080 0081 0082 0083 0084 0085 0086 0087 0088 0089 0090 0091 0092 0093 0094 0095 0096 0097 0098 0099 0100
новшество	0061
новый	0001 0004 0005 0006 0008 0009 0010 0012 0013 0015 0017 0018 0019 0022 0023 0024 0025 0027 0028 0029 0030 0031 0034 0035 0036 0037 0038 0039 0040 0041 0042 0043 0044 0045 0046 0047 0048 0049 0050 0051 0052 0053 0054 0055 0056 0059 0060 0061 0062 0063 0064 0065 0067 0068 0069 0070 0071 0072 0074 0075 0076 0077 0078 0079 0080 0081 0082 0083 0084 0086 0087 0088 0089 0093 0094 0095 0097 0098 0099 0100
нога	0009
ноготь	0076
нод	0038 0045 0056 0064
нода	0038 0041 0045 0056 0059 0063 0091
нож	0008 0069 0091
ной	0016 0037 0047 0049 0051 0057 0058 0060 0063 0067
ноль	0001 0003 0050 0052 0067 0093
номер	0008 0013 0016 0037 0045 0050 0051 0055 0057 0061 0072 0075 0076 0096 0097
номинал	0013 0034
номинальный	0075
норадреналин	0023
норма	0003 0005 0051 0083
нормализация	0008 0036 0051 0099
нормализовать	0099
нормально	0005 0009 0015 0021 0052 0056 0063 0067 0075 0095 0099
нормальный	0013 0021 0045 0051 0059 0066 0067 0089 0095
нормативный	0015
нос	0027
носитель	0013 0051 0092 0096
носить	0002 0013 0023 0033 0075 0086 0093
носиться	0046
нота	0001
нотариальный	0010
нотариус	0010
ноу	0027
ноутбук	0002 0003 0010 0028 0031 0033 0045 0063 0078 0086 0089
ночной	0005 0091
ночь	0015 0076 0077 0099
ношение	0002 0033
ноябрь	0001 0004 0010 0013 0015 0039
нпз	0018
нпф	0003
нравиться	0001 0002 0003 0005 0006 0007 0008 0009 0011 0012 0013 0014 0015 0018 0019 0022 0023 0024 0026 0028 0029 0030 0031 0032 0033 0034 0036 0052 0056 0067 0076 0080 0082 0086 0093 0099
нрд	0056
нудно	0021
нужда	0010 0011 0032 0035 0042 0047 0050 0061 0062 0074 0092
нуждаться	0047 0051 0055 0067 0076 0094
нужно	0001 0003 0004 0005 0006 0008 0010 0013 0015 0017 0018 0021 0026 0027 0030 0034 0035 0036 0037 0041 0042 0043 0044 0045 0047 0049 0050 0051 0052 0053 0055 0056 0057 0059 0060 0061 0062 0063 0064 0065 0066 0067 0069 0072 0073 0074 0075 0076 0077 0079 0080 0082 0083 0084 0085 0086 0089 0090 0091 0092 0095 0096 0097 0098 0100
нужный	0001 0002 0003 0005 0006 0008 0010 0013 0015 0016 0017 0021 0022 0025 0026 0027 0030 0033 0034 0035 0036 0037 0038 0040 0045 0047 0049 0050 0051 0052 0053 0054 0055 0056 0057 0059 0060 0062 0064 0065 0066 0067 0069 0071 0073 0074 0075 0076 0079 0082 0083 0084 0085 0087 0088 0089 0091 0092 0093 0095 0096 0099 0100
нуклеосинтез	0022
нулевой	0009 0027 0044 0050 0053 0061 0085
нуль	0008 0013 0027 0035 0036 0041 0045 0050 0051 0052 0053 0067 0070 0071 0078 0085 0095
нумерация	0056 0061
нынешний	0006 0015 0039
нью	0089
ньюэлла	0083
нэш	0082
нюанс	0005 0009 0011 0015 0032 0035 0039 0042 0046 0052 0071 0077 0083
о	0025 0042 0045 0064 0067 0086 0089
оба	0005 0007 0013 0025 0030 0036 0037 0038 0045 0046 0048 0049 0050 0051 0052 0055 0060 0075 0079 0083 0084 0090 0095 0097
обвал	0006 0018 0034
обвалиться	0034
обвесить	0035
обвешать	0035
обвинение	0019
обвинить	0019
обвинять	0076
обвязка	0045
обдумать	0076
обдумывать	0076 0090
обед	0086
обедать	0001
обеденный	0076
обезательный	0056
обезвредить	0099
обезопасить	0045
обеление	0003
обелить	0003
обернуть	0036 0048 0050 0084
обескураживать	0096
обеспечение	0003 0004 0012 0013 0015 0025 0035 0041 0042 0047 0050 0051 0053 0054 0059 0064 0065 0068 0070 0075 0076 0079 0086 0088 0092 0093 0094 0095
обеспечивать	0005 0006 0018 0026 0030 0035 0036 0038 0039 0041 0042 0047 0049 0050 0051 0054 0062 0064 0065 0068 0069 0070 0074 0079 0081 0089 0092 0094 0098 0099
обеспечиваться	0037 0051 0088
обеспечить	0006 0010 0016 0025 0026 0038 0041 0042 0045 0047 0050 0051 0061 0062 0064 0068 0079 0089 0091 0094
обеспокоить	0076
обеспокоиться	0086
обесцениваться	0090
обесцениться	0001
обещание	0005 0026 0037 0067 0072
обещать	0001 0003 0005 0018 0026 0027 0034 0057 0067 0068 0076 0095
обжарить	0086
обжимать	0027
обзавестись	0005 0092
обзор	0002 0003 0009 0011 0015 0018 0021 0023 0028 0030 0031 0032 0033 0035 0036 0042 0047 0049 0051 0055 0060 0061 0064 0067 0069 0070 0074 0079 0081 0085 0090 0091 0094
обзорный	0088
обидно	0095
обидчивый	0086
обиженный	0003
обилие	0053 0076
обитатель	0076
обиход	0060
обкатать	0039
обкатка	0061 0091
обкатывать	0047
облагать	0003
облагаться	0003
обладать	0022 0042 0047 0051 0064 0067 0070 0075 0076 0083 0089 0093 0095 0098
облако	0008 0016 0022 0035 0039 0042 0045 0046 0051 0064 0076 0087 0095
область	0002 0005 0010 0015 0019 0022 0025 0033 0034 0039 0040 0042 0050 0051 0052 0053 0055 0060 0067 0068 0071 0072 0075 0076 0082 0083 0089 0090 0093 0094 0095 0097 0098
облачность	0071
облачный	0002 0008 0010 0012 0014 0026 0033 0035 0038 0039 0042 0045 0047 0051 0059 0061 0063 0064 0070 0074 0076 0077 0079 0087 0088 0095
облегчать	0047 0050 0051 0054 0086
облегчение	0041 0050 0051 0070
облегчить	0063 0075 0083
облетать	0023
облигация	0034
облик	0086
обломок	0076
обман	0027 0076 0086
обмануть	0015 0054
обманчивый	0076
обманывать	0008 0060
обмен	0010 0024 0035 0037 0050 0051 0062 0070 0076 0079
обмениваться	0010 0019 0042 0050 0051 0063 0064 0065 0076 0089
обменник	0012
обмолвиться	0088
обнал	0003
обнале	0003
обнальщик	0003
обнаружение	0003 0012 0016 0017 0048 0050 0051 0062 0064 0075 0079 0089 0095 0100
обнаруживать	0017 0035 0047 0075 0076 0082 0089
обнаруживаться	0038
обнаружить	0009 0010 0012 0015 0016 0017 0021 0023 0025 0050 0051 0064 0075 0076 0083 0087 0090 0092 0096 0099 0100
обнимашка	0039
обнимка	0039
обновить	0001 0002 0003 0004 0005 0006 0007 0008 0009 0010 0011 0012 0013 0014 0015 0016 0017 0018 0019 0020 0021 0022 0023 0024 0025 0026 0027 0028 0029 0030 0031 0032 0033 0034 0035 0036 0037 0038 0039 0040 0041 0042 0043 0044 0045 0046 0047 0048 0049 0050 0051 0052 0053 0054 0055 0056 0057 0058 0059 0060 0061 0062 0063 0064 0065 0066 0067 0068 0069 0070 0071 0072 0073 0074 0075 0076 0077 0078 0079 0080 0081 0082 0083 0084 0085 0086 0087 0088 0089 0090 0091 0092 0093 0094 0095 0096 0097 0098 0099 0100
обновиться	0062
обновление	0001 0005 0015 0016 0025 0030 0035 0036 0041 0042 0047 0050 0051 0055 0056 0058 0059 0061 0064 0065 0070 0071 0079 0085 0087 0091 0099
обновлять	0005 0025 0036 0038 0041 0045 0049 0054 0064 0071 0083 0085 0091
обновляться	0001 0047
обнулить	0071
обнуляться	0062 0071
обнять	0020
обобщать	0015 0019 0076
обобщение	0042 0061 0089 0090 0094
обобщить	0057 0075
обобщённый	0036 0050
обогащать	0051
обогащаться	0034
обожать	0039
обозначать	0042 0052 0075 0084 0085
обозначаться	0061
обозначение	0041 0071 0085 0097
обозначить	0016 0023 0085 0093 0095
обои	0042
обойти	0004 0083 0100
обойтись	0004 0045 0047 0057 0075
оболочка	0016 0022 0051 0055 0060 0069 0074 0088
оборачивать	0036 0050 0052 0099
оборачиваться	0036
оборона	0099
оборонительный	0100
оборонный	0076
оборот	0014 0015 0034
оборотный	0034
оборудование	0003 0014 0035 0047 0050 0051 0064 0067 0070 0074 0076 0079 0087 0092
оборудовать	0051
обоснование	0086
обоснованный	0034 0086 0094
обосновать	0089
обрабатывать	0005 0008 0018 0036 0037 0038 0039 0042 0046 0047 0050 0051 0052 0054 0060 0061 0067 0068 0075 0084 0087 0089 0096
обрабатываться	0013 0050 0051 0061 0074 0099
обработать	0021 0036 0037 0050 0051 0075 0096
обработка	0002 0005 0013 0016 0018 0026 0029 0033 0036 0037 0038 0039 0044 0045 0047 0048 0050 0051 0052 0054 0057 0061 0062 0064 0067 0068 0071 0074 0075 0076 0080 0083 0087 0089 0092 0094 0097 0098
обработчик	0016 0045 0048 0050
образ	0005 0008 0010 0011 0015 0016 0022 0023 0025 0030 0032 0034 0035 0036 0037 0038 0039 0040 0041 0042 0044 0045 0046 0047 0050 0051 0055 0056 0057 0059 0061 0063 0064 0065 0066 0067 0068 0069 0070 0071 0073 0075 0076 0077 0079 0081 0082 0083 0084 0086 0087 0088 0089 0091 0092 0093 0094 0095 0096 0097
образец	0036 0063 0076 0083 0085 0086 0089
образный	0011 0032
образование	0007 0011 0015 0022 0027 0032 0053 0067 0068 0075 0083 0093
образовательный	0001 0002 0003 0004 0005 0006 0007 0008 0009 0010 0011 0012 0013 0014 0015 0016 0017 0018 0019 0020 0021 0022 0023 0024 0025 0026 0027 0028 0029 0030 0031 0032 0033 0034 0035 0036 0037 0038 0039 0040 0041 0042 0043 0044 0045 0046 0047 0048 0049 0050 0051 0052 0053 0054 0055 0056 0057 0058 0059 0060 0061 0062 0063 0064 0065 0066 0067 0068 0069 0070 0071 0072 0073 0074 0075 0076 0077 0078 0079 0080 0081 0082 0083 0084 0085 0086 0087 0088 0089 0090 0091 0092 0093 0094 0095 0096 0097 0098 0099 0100
образовать	0050
образоваться	0022
обрамлять	0036
обрасти	0075
обратимый	0061
обратить	0012 0016 0025 0034 0036 0039 0041 0043 0044 0045 0049 0050 0052 0058 0067 0068 0077 0085 0093 0097
обратиться	0010 0038 0039 0045 0052 0063 0067 0074 0084 0086 0095
обратно	0005 0027 0036 0039 0044 0050 0051 0055 0067 0090
обратный	0001 0005 0007 0015 0016 0017 0018 0021 0025 0034 0035 0036 0044 0049 0050 0051 0052 0055 0056 0061 0067 0071 0085 0090 0093 0095 0097 0100
обращать	0002 0015 0033 0050 0055 0064
обращаться	0005 0015 0025 0037 0045 0050 0051 0052 0059 0067 0069 0084 0088 0091 0095 0096
обращение	0010 0016 0040 0050 0051 0069 0084 0086 0096 0099
обрезка	0021
обременить	0039
обрести	0090
обрисовать	0039
обрушивать	0076
обрушить	0076
обслуживание	0005 0015 0027 0036 0042 0047 0051 0055 0068 0099
обслуживать	0045 0046 0047 0051 0063 0083 0099
обслуживаться	0083
обслуживающий	0051
обстоятельство	0021 0045 0076
обстоять	0075
обсудить	0017 0045 0049 0052 0060 0068 0079 0089 0091 0095 0098
обсуждать	0018 0039 0061 0072 0076 0081 0086
обсуждаться	0061 0068 0078
обсуждение	0016 0022 0026 0042 0051 0061 0068 0083 0089 0090 0093
обтекатель	0076
обуза	0076
обуславливаться	0051
обусловить	0045 0079 0083 0089
обучаемость	0018 0067
обучать	0008 0034 0036 0042 0068 0071 0075 0076 0083 0085 0089 0092 0093 0097
обучаться	0008 0018 0034 0036 0067 0068 0071 0075 0076 0082 0083 0085 0089 0097
обучение	0001 0003 0005 0006 0008 0010 0013 0015 0018 0020 0021 0034 0035 0036 0037 0039 0042 0054 0059 0061 0067 0068 0070 0071 0072 0074 0075 0076 0078 0082 0083 0085 0086 0087 0089 0093 0094 0097
обученный	0008 0021 0026 0034 0068 0087 0089 0097
обучить	0011 0021 0032 0036 0071 0072 0083 0085 0087 0089 0093
обучиться	0072 0082 0089 0093
обход	0050 0073 0095
обходить	0005
обходиться	0005 0027 0046 0099
обширный	0022 0036 0042 0058 0070 0076 0089 0097 0100
общаться	0006 0013 0015 0027 0036 0039 0041 0054 0062 0064 0065 0066 0082 0095
общедоступный	0018 0038 0051
общежитие	0051
общение	0006 0008 0013 0015 0020 0042 0054 0062 0065 0066 0076 0083 0090
общественность	0019 0051 0076 0083 0089
общественный	0010 0015 0083 0089
общество	0010 0068 0076 0086 0090
общий	0001 0002 0003 0004 0005 0006 0007 0008 0009 0010 0011 0012 0013 0014 0015 0016 0017 0018 0019 0020 0021 0022 0023 0024 0025 0026 0027 0028 0029 0030 0031 0032 0033 0034 0035 0036 0037 0038 0039 0040 0041 0042 0043 0044 0045 0046 0047 0048 0049 0050 0051 0052 0053 0054 0055 0056 0057 0058 0059 0060 0061 0062 0063 0064 0065 0066 0067 0068 0069 0070 0071 0072 0073 0074 0075 0076 0077 0078 0079 0080 0081 0082 0083 0084 0085 0086 0087 0088 0089 0090 0091 0092 0093 0094 0095 0096 0097 0098 0099 0100
общность	0051
объединение	0005 0024 0035 0036 0047 0050 0051 0075 0085 0089 0097 0098
объединить	0005 0025 0030 0036 0038 0042 0046 0047 0050 0051 0061 0062 0089 0093 0094 0097
объединять	0006 0036 0039 0047 0049 0051 0062 0068 0071 0089
объединяться	0036 0064 0097
объект	0002 0012 0022 0033 0036 0037 0038 0039 0040 0042 0043 0044 0045 0046 0049 0050 0051 0052 0059 0060 0061 0064 0067 0068 0071 0075 0076 0082 0088 0089 0093
объективно	0097
объективный	0034 0046
объектный	0005 0008 0045 0050 0051 0052 0061 0067
объявить	0006 0016 0050 0051 0055 0058 0061 0073 0091 0098
объявление	0005 0050 0051 0057 0098
объявлять	0003 0010 0050 0051 0098
объявляться	0034 0050
объяснение	0009 0042 0044 0056 0067 0068 0069 0076 0085 0089 0094
объяснимость	0068
объяснить	0015 0027 0050 0071 0086 0087 0088
объяснять	0013 0015 0037 0046 0052 0076 0082 0088 0090 0092 0095 0096
объясняться	0051 0088
объём	0002 0003 0004 0005 0006 0008 0009 0011 0015 0018 0021 0022 0024 0026 0032 0033 0034 0047 0049 0050 0051 0053 0057 0058 0064 0068 0070 0075 0076 0083 0084 0087 0089 0090 0094 0099
объёмный	0044 0057 0071 0088
обычно	0001 0003 0005 0006 0009 0010 0015 0022 0036 0039 0041 0042 0044 0045 0046 0049 0050 0051 0052 0059 0060 0061 0064 0065 0067 0069 0070 0071 0075 0079 0080 0081 0084 0085 0086 0089 0092 0093 0095 0096 0097 0100
обычный	0001 0002 0005 0006 0008 0011 0018 0020 0021 0025 0026 0032 0033 0037 0045 0050 0051 0052 0061 0063 0067 0071 0073 0076 0079 0083 0084 0089 0092 0096 0099
обьявление	0098
обьявляться	0098
обязанность	0003 0004 0039 0050 0051
обязательно	0002 0003 0004 0008 0010 0020 0033 0035 0045 0047 0050 0051 0052 0057 0067 0071 0074 0075 0083 0087 0093 0095 0096
обязательный	0003 0004 0008 0011 0018 0027 0032 0038 0050 0051 0052 0080 0084 0093 0095
обязательство	0001 0003 0034
обязать	0004 0010 0027 0043 0051 0075 0099
обязывать	0084
обёртка	0050 0059 0061 0092
ов	0037 0038 0048 0071 0091 0096
овал	0013
оверхед	0005 0099
овладеть	0036 0088
овощ	0086
овский	0077
оглавление	0002 0033 0088 0092
оглянуться	0061
ого	0090 0095
оговориться	0015 0021 0067
оговорка	0005 0063
огонь	0021 0076
огонёк	0039
огорчать	0076
ограничение	0002 0003 0004 0007 0010 0011 0013 0014 0018 0030 0032 0033 0037 0045 0046 0047 0048 0050 0051 0052 0057 0059 0061 0068 0073 0074 0076 0081 0083 0086 0088 0092 0094 0099 0100
ограниченность	0068
ограниченный	0002 0005 0010 0033 0050 0051 0067 0082 0089 0092 0094
ограничивать	0002 0005 0011 0014 0015 0022 0032 0033 0050 0051 0059 0061 0088 0091
ограничиваться	0017 0027
ограничительный	0050 0051
ограничить	0005 0010 0015 0017 0045 0046 0061 0071 0074 0076 0088 0092 0098
ограничиться	0010 0088
огромный	0001 0003 0013 0015 0018 0020 0021 0022 0023 0027 0034 0039 0046 0049 0051 0054 0061 0067 0068 0070 0071 0076 0086 0088 0089 0090 0092 0094 0095 0099
одевание	0086
одежда	0013 0086
одержимость	0009
один	0001 0002 0003 0004 0005 0006 0008 0009 0010 0011 0012 0013 0015 0017 0018 0021 0022 0023 0026 0027 0032 0033 0034 0035 0036 0037 0038 0039 0040 0041 0042 0043 0044 0045 0046 0047 0049 0050 0051 0052 0053 0054 0056 0057 0059 0060 0061 0062 0063 0064 0065 0067 0068 0069 0070 0071 0072 0073 0074 0075 0076 0077 0079 0082 0083 0084 0085 0086 0087 0088 0089 0090 0091 0092 0093 0095 0096 0098 0099 0100
одинаково	0035 0040 0043 0050 0069 0082 0084 0092
одинаковый	0003 0017 0020 0023 0043 0049 0050 0051 0055 0056 0060 0064 0075 0082 0085 0089 0092 0093 0096
одинарный	0050 0052
одиннадцать	0024
одинокий	0095
одиночество	0067 0076
одиночка	0007 0021 0050
одиночный	0048 0050 0061 0084 0098
однажды	0027 0076 0092 0094
однако	0004 0006 0010 0012 0016 0019 0021 0022 0025 0026 0027 0028 0031 0034 0037 0041 0042 0046 0047 0049 0050 0051 0052 0055 0057 0058 0060 0061 0065 0067 0068 0071 0075 0076 0079 0083 0086 0089 0092 0093 0094 0095 0096 0100
одноадресный	0051
одновременно	0001 0002 0004 0008 0013 0015 0022 0025 0029 0033 0036 0037 0039 0040 0042 0046 0047 0050 0051 0052 0061 0062 0065 0066 0067 0069 0082 0086 0097 0098
одновременность	0037
одновременный	0046 0050 0051 0087
однозначно	0006 0010 0023 0081
однозначный	0075
одноимённый	0022 0050 0079
одноклассовый	0089
однократно	0045
одномерный	0071
однообразный	0010
одноплатник	0092
одноплатный	0092
однопользовательский	0088
одноразовый	0045
однородный	0090
односвязный	0050
односимвольный	0029
односложный	0057
однослойный	0065
одностраничный	0095
однострочник	0057
однострочный	0052 0084 0090
одноэлементный	0025
одобрение	0048 0083
одобрить	0086
одобрять	0076
одуматься	0001
оживать	0076
оживить	0061
оживлять	0076
ожидание	0018 0021 0025 0038 0050 0051 0061 0062 0067 0083 0087
ожидать	0005 0008 0010 0015 0017 0018 0021 0025 0026 0034 0042 0045 0047 0050 0051 0052 0056 0057 0059 0061 0066 0075 0076 0082 0088
ожидаться	0005 0037 0042 0045 0050 0076
оз	0002 0033 0046 0051
озадачить	0088
озвучить	0026
озвучка	0019
оздоровительный	0086
озеленять	0076
озеро	0005
ознакомительный	0088
ознакомиться	0035 0038 0067 0069 0071 0078 0088
ознакомление	0045 0067 0078 0088
означать	0005 0010 0012 0017 0018 0021 0034 0036 0040 0041 0042 0044 0050 0051 0055 0059 0061 0064 0067 0076 0083 0085 0086 0089 0092 0093 0095 0098
означёт	0081
ой	0027 0076
оказать	0003
оказаться	0001 0005 0006 0009 0010 0013 0015 0016 0021 0025 0027 0034 0037 0043 0053 0057 0067 0068 0075 0076 0086 0089 0093 0094 0095 0100
оказывать	0068 0075 0083 0086
оказываться	0013 0018 0021 0036 0043 0057 0067 0071 0075 0091 0092 0094 0095
оканчивать	0022
оканчиваться	0045
оквэда	0004
океан	0021 0076
окей	0066
оклад	0003
окно	0002 0010 0033 0041 0052 0070 0074 0076
около	0003 0004 0010 0013 0015 0022 0023 0024 0026 0034 0037 0040 0053 0061 0067 0076 0086 0093 0095
околонулевой	0022
оконный	0041
окончание	0015 0027 0038
окончательно	0005 0061 0076
окончательный	0005 0055 0086 0100
окончить	0015 0088
окостенеть	0086
окрасить	0086
окраска	0013 0075
окрашиваться	0086
окрестность	0022 0091
округ	0076
округление	0052
округлить	0050
окружать	0022 0039
окружающий	0015 0022 0054 0076 0089 0093
окружение	0001 0035 0039 0042 0043 0045 0047 0050 0061 0064 0069 0070 0071 0079 0080 0081 0088 0091 0092 0095
окружить	0022 0076
окружность	0098
оксана	0007
оксфордский	0086
окт	0040 0046 0072
октябрь	0013 0016 0034 0076
окунуться	0042
окупаемость	0057 0087
окупать	0034
окупаться	0006 0087
окутать	0076
олег	0022
олень	0027
олива	0086
оливковый	0086
олимпиада	0067
олимпиадный	0067
олифер	0088
ольга	0035
ом	0034 0042 0044 0096
омниссия	0067
омп	0076
он	0001 0002 0015 0016 0018 0033 0035 0045 0047 0048 0050 0051 0067 0071 0079 0080 0089 0092 0093 0095 0096
она	0008 0010 0013 0014 0015 0018 0027 0035 0043 0045 0051 0053 0061 0075 0076
онбординг	0024 0039
онечный	0050
они	0003 0006 0010 0012 0013 0015 0021 0025 0027 0035 0042 0045 0046 0047 0050 0051 0052 0053 0054 0055 0059 0062 0063 0064 0065 0067 0068 0071 0075 0076 0077 0079 0085 0086 0089 0093 0095
онлайн	0007 0010 0011 0014 0021 0026 0027 0032 0051 0052 0053 0070 0089 0095
оно	0001 0002 0003 0015 0018 0021 0022 0027 0033 0035 0036 0042 0047 0050 0051 0053 0065 0066 0067 0068 0071 0072 0073 0075 0076 0079 0084 0086 0089 0091 0092 0093 0095 0096
ооо	0002 0003 0033
ооп	0043 0045 0050 0052
опасаться	0019 0086
опасение	0006 0076 0086
опасливый	0076
опасно	0045 0095
опасность	0007 0037 0076 0086
опасный	0015 0052 0076
опенсурс	0085
опера	0076
операнд	0050
оператив	0066
оперативно	0047
оперативный	0008 0041 0042 0047 0051 0052 0059 0060 0063 0070 0092
оператор	0017 0027 0036 0039 0042 0050 0051 0052 0055 0060 0061 0075 0096 0098 0099
операционист	0035
операционный	0005 0008 0017 0018 0019 0035 0040 0042 0045 0050 0051 0055 0058 0061 0062 0063 0065 0066 0070 0074 0076 0079 0088 0092 0095 0099
операция	0003 0005 0008 0016 0017 0018 0034 0035 0036 0037 0038 0042 0045 0047 0048 0049 0050 0051 0052 0055 0057 0061 0063 0068 0071 0075 0076 0085 0093 0096 0098 0099
опередить	0015 0076 0083
опережать	0011 0032 0034
оперировать	0001 0018 0071
опечататься	0091
опечатка	0017 0052
опираться	0021 0045 0060 0068 0083
описание	0002 0010 0027 0033 0035 0036 0040 0042 0044 0045 0050 0051 0054 0055 0057 0060 0061 0063 0065 0067 0068 0071 0074 0075 0076 0078 0080 0084 0088 0089 0091 0092 0093 0095 0096
описательный	0098
описать	0015 0016 0019 0026 0027 0030 0036 0038 0039 0041 0045 0046 0047 0049 0051 0059 0063 0064 0065 0069 0071 0072 0075 0076 0080 0088 0095 0097
описывать	0001 0009 0011 0015 0022 0032 0038 0039 0045 0050 0051 0059 0063 0064 0076 0079 0084 0089 0092 0095 0096
описываться	0045 0067 0069 0088 0097
оплата	0003 0010 0011 0032 0034 0051
оплатить	0010 0039 0076
оплачивать	0019
оплачиваться	0027
оповещение	0038 0050 0051
опоздание	0003
опорный	0075 0078
опосредованно	0022
оправдать	0018 0094
оправдывать	0010
оправляться	0076
определение	0008 0012 0018 0034 0042 0045 0049 0050 0051 0064 0069 0071 0075 0079 0082 0084 0087 0088 0089 0093 0095 0098
определимый	0036
определить	0001 0002 0005 0011 0012 0016 0022 0032 0033 0038 0050 0051 0052 0056 0070 0076 0082 0084 0086 0088 0089 0093 0097
определиться	0098
определять	0038 0041 0044 0045 0047 0050 0051 0071 0075 0076 0084 0085 0086 0087 0089 0093 0095 0099
определяться	0005 0022 0039 0040 0049 0050 0051 0052 0075 0084
определённо	0067 0086 0088
определённый	0002 0005 0010 0021 0027 0028 0029 0031 0033 0035 0036 0038 0040 0042 0047 0050 0051 0055 0061 0065 0067 0068 0074 0075 0079 0080 0082 0083 0084 0088 0089 0093 0095 0096 0098
опробовать	0035
опровергнуть	0011 0032 0075
опрос	0008 0009 0026 0030 0036 0089 0092
опросник	0009
опс	0039
опт	0090
оптимально	0006 0047 0087
оптимальность	0061 0085
оптимальный	0002 0023 0029 0033 0040 0047 0059 0075 0086 0087
оптимизатор	0008 0036 0060 0085 0093
оптимизация	0003 0004 0005 0010 0029 0035 0036 0037 0040 0042 0047 0048 0049 0050 0051 0057 0060 0061 0068 0070 0071 0072 0074 0076 0078 0085 0086 0087 0093
оптимизировать	0005 0008 0015 0018 0029 0040 0042 0047 0049 0050 0051 0060 0061 0069 0076 0079 0082 0084 0086 0087
оптимизироваться	0036 0060
оптимизм	0001
оптимистичный	0001 0076 0093
оптический	0051
опубликовать	0001 0009 0010 0021 0022 0029 0030 0036 0055 0061 0074 0076 0089 0093 0095
опускать	0071
опускаться	0007
опустеть	0076
опустить	0010 0084
опциональный	0045 0056 0069 0079 0087 0095 0098
опция	0030 0058 0059 0063 0084 0095 0096
опылять	0023
опыт	0001 0003 0005 0006 0007 0009 0010 0013 0015 0018 0023 0027 0030 0035 0038 0039 0041 0042 0043 0045 0047 0048 0050 0053 0059 0062 0064 0067 0068 0070 0074 0076 0083 0088 0089 0091 0093 0095 0099 0100
опытный	0013 0015 0030 0037 0039 0040 0046 0061 0070 0078 0083 0088
ор	0093
оранжевый	0086
орбита	0022
орбитальный	0051
орган	0004 0014 0026 0034 0076
организационно	0074
организационный	0062
организация	0001 0004 0005 0006 0009 0012 0015 0027 0034 0035 0036 0040 0042 0047 0050 0051 0061 0062 0069 0070 0074 0076 0086 0087 0089 0092 0098
организм	0090 0097
организовать	0001 0005 0027 0036 0037 0050 0051 0062 0076 0091
организовывать	0004 0051
органический	0076
орден	0039
ординальный	0009
оригинал	0005 0009 0012 0015 0016 0025 0026 0036 0051 0055 0058 0076 0081 0083 0085 0086 0089 0090 0094 0095 0097
оригинальный	0005 0016 0036 0039 0050 0051 0067 0073 0093 0095
ориентир	0013 0090
ориентировать	0011 0015 0032 0050 0051 0052 0061 0067 0070 0074 0089 0092 0094
ориентироваться	0015 0021 0061 0067 0076 0083 0086
ориентировочно	0021
орион	0022
оркестратор	0042 0063 0079
оркестрационный	0035
оркестрация	0001 0041 0042 0045 0047 0051 0064 0095 0100
оркестрированный	0095
оркестрировать	0001
оркестровка	0051
орнеласа	0088
ортогональный	0075
оружие	0015 0076
орфография	0012
ос	0002 0008 0033 0035 0051 0055 0059 0061 0063 0065 0066 0069 0070 0074 0077 0079 0080 0088 0092 0095
осваивать	0015 0064 0067 0089
осведомитель	0076
осведомлённость	0076
освежить	0040 0052
осветить	0070
освещать	0067
освещение	0086
освещённость	0054
освободить	0003 0049 0050 0051
освободиться	0047 0076
освобождать	0003 0040 0050 0069
освобождаться	0004 0040 0047 0050 0069
освобождение	0050 0061
освоение	0034 0053 0067
освоить	0008 0015 0034 0035 0045 0047 0054 0055 0067
освоиться	0039 0067
осенить	0086
осень	0022
осесть	0039
осечка	0013
осилить	0053 0071
осиротеть	0099
ослабить	0076
осложнение	0075
осмеливаться	0076
осмотр	0003
осмысление	0083
осмысливать	0076
осмыслить	0020 0045 0090
оснастить	0054
оснастка	0063
оснащать	0076
оснащение	0097
основа	0005 0008 0009 0012 0013 0015 0018 0021 0027 0030 0035 0036 0037 0038 0040 0042 0043 0044 0045 0046 0049 0050 0051 0052 0054 0055 0057 0059 0061 0063 0064 0065 0067 0068 0069 0070 0071 0072 0074 0075 0076 0078 0079 0083 0084 0086 0087 0088 0089 0090 0093 0095 0096 0098
основание	0003 0050 0061 0076 0089
основатель	0001 0006 0013 0093
основательно	0067
основательный	0067
основать	0007 0018 0023 0036 0050 0051 0055 0061 0064 0067 0068 0070 0072 0075 0079 0083 0086 0093 0094 0095
основное	0005 0010 0011 0027 0032 0038 0041 0043 0051 0055 0067 0072 0076 0089 0092
основной	0003 0004 0005 0010 0013 0029 0034 0035 0037 0038 0039 0044 0046 0047 0048 0050 0051 0052 0053 0054 0055 0061 0062 0064 0067 0068 0069 0070 0071 0074 0075 0079 0087 0088 0089 0092 0093 0095 0098
основный	0004 0006 0010 0011 0012 0013 0015 0018 0020 0023 0024 0030 0032 0035 0036 0039 0041 0042 0044 0045 0047 0050 0051 0052 0053 0055 0061 0063 0065 0066 0067 0070 0075 0078 0079 0080 0083 0084 0085 0087 0088 0089 0092 0098
основополагающий	0063
основываться	0015 0036 0038 0040 0044 0047 0049 0050 0064 0086 0093 0094
особенно	0002 0005 0006 0017 0018 0021 0026 0027 0030 0033 0035 0042 0045 0047 0048 0050 0051 0052 0057 0058 0059 0061 0067 0070 0074 0075 0076 0079 0083 0086 0091 0092 0094 0098
особенность	0003 0017 0018 0021 0029 0035 0040 0042 0045 0046 0047 0050 0053 0055 0057 0061 0063 0067 0070 0072 0074 0082 0083 0084 0087 0097 0098
особенный	0015 0053 0055 0067 0083 0088
особо	0005 0030 0034 0045 0071 0095
особый	0010 0011 0015 0021 0032 0043 0055 0058 0063 0067 0071 0072 0076 0083 0087 0094 0098
осознавать	0021 0034
осознание	0038 0083 0090
осознанно	0060 0099
осознанный	0006 0015 0030 0050 0070 0090 0099
осознать	0076 0093
оспорить	0003
оставаться	0003 0004 0005 0010 0017 0018 0022 0023 0024 0039 0040 0041 0046 0047 0050 0051 0052 0057 0059 0060 0061 0067 0068 0069 0071 0072 0074 0076 0081 0083 0085 0086 0088 0089 0091 0092 0093 0094 0100
оставить	0005 0027 0034 0045 0050 0052 0055 0057 0065 0076 0079 0088 0092 0095 0100
оставлять	0002 0005 0015 0033 0043 0045 0050 0067 0070
остальной	0001 0003 0004 0005 0006 0009 0011 0013 0015 0021 0027 0030 0032 0035 0036 0037 0038 0039 0040 0044 0045 0046 0049 0050 0051 0052 0053 0055 0056 0062 0063 0066 0067 0070 0071 0075 0076 0082 0084 0085 0086 0088 0089 0095 0096 0097 0099
останавливать	0029 0045 0048 0052 0069 0076
останавливаться	0027 0090
остановить	0015 0027 0045 0050 0051 0052 0063 0064 0069 0081 0095
остановиться	0013 0034 0043 0044 0045 0052
остановка	0008 0041 0050 0051 0061 0064 0069 0079 0084 0087
остаток	0016 0044 0052 0076 0095 0098
остаточный	0036
остаться	0001 0002 0003 0004 0005 0006 0007 0008 0009 0010 0011 0012 0013 0014 0015 0016 0017 0018 0019 0020 0021 0022 0023 0024 0025 0026 0027 0028 0029 0030 0031 0032 0033 0034 0035 0036 0037 0038 0039 0040 0041 0042 0043 0044 0045 0046 0047 0048 0049 0050 0051 0052 0053 0054 0055 0056 0057 0058 0059 0060 0061 0062 0063 0064 0065 0066 0067 0068 0069 0070 0071 0072 0073 0074 0075 0076 0077 0078 0079 0080 0081 0082 0083 0084 0085 0086 0087 0088 0089 0090 0091 0092 0093 0094 0095 0096 0097 0098 0099 0100
осторожно	0012 0050 0060 0069 0076 0099
осторожность	0050 0069 0084
осторожный	0001 0015 0050 0069
остриё	0046
остров	0089
острый	0036 0095
остыть	0076
осудить	0086
осуществить	0050 0063
осуществление	0083
осуществлять	0088
осуществляться	0040 0045 0050 0051 0059 0063 0079 0085 0093 0096 0098
ось	0097
осязаемый	0007
осётр	0026
от	0076
отбирать	0067 0083
отбор	0027
отборный	0069
отбрасывать	0022 0052 0076 0099
отбрасываться	0051 0076
отбросить	0013 0021 0051 0076 0097
отвергать	0076
отвергнуть	0083
отверстие	0002 0033
отвести	0035 0067 0088
ответ	0002 0003 0007 0010 0011 0015 0016 0020 0021 0027 0032 0033 0035 0036 0037 0043 0045 0046 0047 0048 0050 0051 0060 0061 0063 0067 0071 0075 0076 0082 0083 0084 0085 0086 0087 0088 0089 0090 0093 0095 0097
ответвление	0035 0076
ответить	0001 0003 0011 0013 0016 0021 0022 0023 0027 0032 0035 0049 0062 0067 0071 0085 0086 0087 0088 0093 0100
ответственность	0003 0007 0010 0015 0017 0034 0035 0039 0043 0050 0051 0063 0068 0085 0089
ответственный	0035 0042 0043 0051 0068 0083
отвечать	0008 0009 0013 0035 0037 0039 0041 0042 0047 0050 0051 0056 0059 0061 0064 0070 0074 0076 0084 0086 0087 0089 0092 0095 0100
отвлечься	0027
отводить	0051
отводиться	0050
отворачиваться	0076
отгадать	0052
отдавать	0045 0051 0060 0076 0083 0091 0096
отдаваться	0040 0046
отдалить	0071
отдалиться	0076
отдать	0027
отдача	0002 0033 0089
отдел	0005 0039 0042 0053 0076 0086 0089
отделение	0008 0039 0051 0075
отделить	0050 0082 0089
отделка	0042
отдельно	0002 0008 0021 0033 0035 0039 0040 0050 0067 0075 0091 0099
отдельность	0050 0051
отдельный	0004 0005 0008 0010 0013 0021 0022 0030 0035 0036 0037 0038 0039 0040 0041 0042 0043 0045 0047 0050 0051 0053 0055 0059 0060 0061 0062 0063 0064 0069 0071 0072 0073 0074 0075 0077 0079 0080 0082 0084 0086 0087 0088 0090 0091 0092 0095
отделять	0051
отделённый	0021
отдохнуть	0086
отдых	0086
отель	0089
отец	0083
отечественный	0004 0076
отзыв	0002 0033 0053 0065 0067 0071 0079 0083 0088 0095
отзывчивость	0050 0051
отзывчивый	0047
отказ	0005 0008 0047 0050 0051 0057 0067 0071 0085 0092
отказаться	0015 0019 0040 0047 0053 0061 0062
отказоустойчевость	0056
отказоустойчивость	0047 0051 0087
отказоустойчивый	0038 0047 0051 0056
отказываться	0005 0013 0015 0027 0035 0036 0063 0076
откалибровать	0093
откат	0070 0079
откатиться	0035
откатывать	0047 0070
откатываться	0005 0035 0050
откладывать	0015 0061
отклик	0002 0016 0027 0033 0092
отклонение	0025 0034 0036 0071 0075 0093
отклонить	0086
отклонять	0025 0051
отклоняться	0046 0089
отключать	0017 0023 0056 0069 0080
отключаться	0076
отключение	0041 0045 0051 0061 0063 0096
отключить	0012 0041 0056 0059 0065 0080
отключиться	0051 0096
открепить	0095
откровение	0088
откровенный	0011 0015 0032
открывать	0015 0027 0037 0040 0042 0048 0050 0051 0052 0059 0068 0076 0083 0084 0094 0095
открываться	0021 0067
открытие	0006 0010 0048 0052 0074 0089 0094
открытка	0090
открыто	0001 0061 0074
открытость	0050 0070 0074
открытый	0005 0010 0016 0021 0029 0038 0040 0042 0048 0049 0050 0051 0061 0074 0076 0079 0083 0088 0091 0092 0093 0095 0096 0098 0100
открыть	0007 0008 0010 0012 0015 0034 0039 0044 0045 0048 0050 0052 0053 0059 0060 0064 0065 0068 0074 0076 0077 0079 0085 0087 0093 0094 0095 0098
открыться	0045 0059
откуда	0011 0013 0026 0027 0032 0051 0055 0057 0061 0079 0088 0092 0095
откуп	0034
откусывать	0001
отлавливание	0050
отлавливать	0045 0050
отладить	0063 0067
отладка	0001 0005 0015 0030 0045 0046 0048 0050 0059 0063 0069 0098
отладочный	0045 0051 0092
отладчик	0055
отлаживать	0042 0060 0099
отличать	0045 0052 0060 0086 0089
отличаться	0009 0015 0022 0030 0038 0045 0050 0051 0060 0061 0062 0064 0070 0075 0082 0086 0088 0092 0095 0096
отличие	0010 0018 0022 0030 0034 0035 0036 0040 0044 0045 0047 0050 0051 0052 0053 0054 0055 0061 0065 0067 0070 0072 0074 0075 0076 0079 0082 0083 0084 0086 0088 0092 0095 0096 0099
отличительный	0097
отличить	0015 0084
отличник	0053
отлично	0005 0006 0009 0012 0013 0018 0027 0037 0046 0051 0052 0056 0066 0071 0085 0086 0095
отличный	0001 0002 0003 0005 0015 0030 0033 0034 0045 0050 0051 0052 0055 0060 0064 0067 0070 0071 0086 0087 0092 0095 0097
отложить	0040 0051 0061 0067
отмасштабироваться	0047
отматывать	0027
отмель	0076
отменить	0014 0037
отменять	0018 0027 0086
отменяться	0010
отметить	0016 0019 0021 0024 0026 0035 0039 0050 0064 0067 0071 0077 0079 0081 0088 0092 0095 0097
отметка	0021
отмечать	0023 0094
отмечаться	0062
отмонтировать	0080
отмотать	0027
отнесение	0075
отнести	0057
отнестись	0015 0067 0086
отнимать	0039
относительно	0010 0022 0034 0036 0041 0042 0045 0050 0071 0076 0082 0089 0090 0092 0095
относительный	0010 0025 0030 0036 0050 0084 0089
относиться	0001 0012 0015 0018 0027 0030 0034 0043 0045 0050 0051 0061 0072 0074 0075 0076 0083 0089 0095 0096 0098
отношение	0003 0004 0006 0009 0012 0015 0021 0023 0027 0034 0036 0039 0050 0055 0070 0072 0076 0083 0085 0086 0093
отображать	0021 0036 0042 0050 0051 0053 0063 0067 0069 0071 0082 0092 0093
отображаться	0042 0059 0091 0097
отображение	0002 0033 0047 0050 0051 0059 0075 0082 0097
отобразить	0058 0059 0067 0069 0081 0092 0093 0097
отобразиться	0059
отозвать	0017
отойти	0094
отопление	0051
отпечаток	0002 0033
отпор	0076
отправитель	0051 0090
отправить	0001 0002 0003 0004 0005 0006 0007 0008 0009 0010 0011 0012 0013 0014 0015 0016 0017 0018 0019 0020 0021 0022 0023 0024 0025 0026 0027 0028 0029 0030 0031 0032 0033 0034 0035 0036 0037 0038 0039 0040 0041 0042 0043 0044 0045 0046 0047 0048 0049 0050 0051 0052 0053 0054 0055 0056 0057 0058 0059 0060 0061 0062 0063 0064 0065 0066 0067 0068 0069 0070 0071 0072 0073 0074 0075 0076 0077 0078 0079 0080 0081 0082 0083 0084 0085 0086 0087 0088 0089 0090 0091 0092 0093 0094 0095 0096 0097 0098 0099 0100
отправиться	0005
отправка	0010 0012 0017 0051 0064 0090
отправлять	0003 0013 0016 0027 0046 0050 0051 0054 0071 0076 0086 0087
отправляться	0037 0051
отправной	0061
отпуск	0003 0044 0062 0086
отпускать	0027
отпускной	0003
отрабатывать	0005
отработать	0071
отработка	0067
отражать	0006 0011 0015 0032 0034 0036 0061 0078 0083 0086 0090 0093 0094
отражаться	0069 0075
отражение	0018 0050 0062 0076
отразить	0050
отразиться	0015 0027 0086
отраслевой	0012
отрасль	0015 0034 0039 0042 0047 0051 0068 0086 0089
отреагировать	0012 0042 0063
отредактировать	0012 0045 0056 0059 0063 0077
отрезок	0075
отремонтировать	0076
отрисовать	0062
отрицательно	0039 0085
отрицательность	0050
отрицательный	0021 0034 0036 0050 0057 0060 0071 0085
отрицать	0001 0015
отрыв	0046 0089
отсев	0027
отсек	0002 0033
отсечка	0022
отсечь	0021
отсеяться	0027
отсидеться	0076
отскок	0034
отследить	0005
отслеживание	0042 0051 0068
отслеживать	0006 0013 0015 0018 0035 0036 0039 0041 0049 0050 0051 0054 0061 0062 0064 0079 0089 0090
отслеживаться	0023 0070
отсоединение	0050
отсоединить	0036
отсортировать	0044 0050 0059
отсрочка	0004
отставать	0001 0005 0015 0076 0089
отстоять	0022
отступ	0030 0052 0057
отступление	0065
отсутствие	0002 0004 0016 0017 0021 0027 0033 0047 0051 0052 0059 0070 0074 0075 0089 0090 0093
отсутствовать	0005 0016 0017 0025 0045 0050 0051 0060 0067 0088 0089 0098
отсчёт	0052 0061
отсылать	0030 0045 0067
отсюда	0005 0018 0051 0057 0085 0090
оттачивать	0082
оттачиваться	0005 0034
оттенок	0075 0086
оттестировать	0006
оттуда	0013 0021 0036 0067 0077
отуса	0053
отфильтровать	0071
отход	0076
отходить	0015
отчаиваться	0067
отчасти	0076 0092
отчисление	0003 0004
отчёт	0001 0005 0009 0010 0012 0015 0016 0018 0025 0051 0053 0054 0062 0074 0086 0090 0099 0100
отчётность	0003 0004 0005 0018 0034 0083 0090
отягощать	0086
офигенный	0095
офис	0002 0003 0010 0013 0015 0027 0033 0039 0051 0076 0086
офисный	0002 0015 0033
офицер	0076
официально	0003 0013 0061 0095
официальный	0003 0004 0010 0018 0027 0030 0038 0040 0041 0049 0051 0052 0053 0059 0061 0070 0084 0091 0092 0095 0098
офлайн	0027 0045 0079
оформить	0001 0004 0067 0076 0088
оформление	0002 0010 0015 0033 0086 0090
оформлять	0003
охват	0001 0002 0003 0004 0005 0006 0007 0008 0009 0010 0011 0012 0013 0014 0015 0016 0017 0018 0019 0020 0021 0022 0023 0024 0025 0026 0027 0028 0029 0030 0031 0032 0033 0034 0035 0036 0037 0038 0039 0040 0041 0042 0043 0044 0045 0046 0047 0048 0049 0050 0051 0052 0053 0054 0055 0056 0057 0058 0059 0060 0061 0062 0063 0064 0065 0066 0067 0068 0069 0070 0071 0072 0073 0074 0075 0076 0077 0078 0079 0080 0081 0082 0083 0084 0085 0086 0087 0088 0089 0090 0091 0092 0093 0094 0095 0096 0097 0098 0099 0100
охватить	0006 0021 0035 0067
охватывать	0012 0039 0042 0067 0072
охлаждение	0002 0033 0051
охрана	0003 0008
охранник	0076
охреневать	0027
оценивать	0001 0010 0015 0018 0062 0076 0083 0086 0089 0094
оцениваться	0022
оценить	0002 0011 0016 0021 0032 0033 0049 0051 0053 0061 0067 0070 0076 0085 0086 0088 0095 0097
оценка	0001 0002 0009 0011 0015 0016 0018 0021 0032 0033 0034 0036 0051 0053 0061 0062 0067 0068 0075 0076 0078 0087 0088 0089 0094 0097 0099
очаговый	0022
очаровательный	0076 0086
очаровать	0086
очевидный	0011 0015 0030 0032 0034 0045 0048 0055 0057 0066 0067 0076 0095 0096
очень	0004 0005 0008 0009 0010 0011 0012 0013 0015 0020 0021 0025 0026 0027 0030 0032 0034 0035 0036 0037 0039 0040 0041 0043 0045 0049 0050 0051 0052 0053 0055 0057 0059 0061 0063 0065 0067 0069 0070 0071 0073 0076 0082 0083 0086 0088 0091 0092 0093 0095 0096 0097 0100
очепятка	0051
очередной	0001 0006 0027 0034 0061 0062 0072 0094
очередь	0008 0013 0015 0018 0021 0022 0030 0036 0037 0038 0040 0045 0046 0049 0050 0051 0055 0059 0061 0065 0067 0082 0086 0087 0088 0092 0093 0095 0097
очистить	0005 0038 0050 0059 0060
очиститься	0040
очистка	0050 0061 0069 0076 0089 0098
очищать	0040 0069
очищаться	0040 0084
очищение	0034 0040
очки	0089
очко	0052
очный	0027
ошеломлять	0015
ошибаться	0001 0003 0018 0083 0093
ошибиться	0010 0013 0015 0039 0052
ошибка	0001 0003 0005 0008 0011 0013 0015 0016 0025 0027 0029 0032 0035 0036 0040 0041 0042 0044 0045 0046 0047 0048 0049 0050 0051 0052 0053 0055 0056 0059 0062 0065 0066 0067 0068 0069 0071 0075 0076 0077 0079 0081 0083 0084 0085 0086 0093 0094 0095 0096 0097 0098
ошибочно	0011 0032 0083 0089
ошибочный	0064 0083 0089
оштрафовать	0003
ощутимо	0003 0009
ощутимый	0005 0053
ощутить	0090
ощущать	0023 0027 0090
ощущаться	0002 0015 0033
ощущение	0001 0019 0037 0071 0076 0088 0090 0095
паблик	0027
павел	0011 0032
павлов	0088
падаван	0095
падать	0002 0005 0009 0017 0018 0021 0027 0033 0034 0036 0040 0045 0047 0052 0064 0066 0076 0084 0087 0093 0095
падение	0001 0002 0006 0033 0034 0045 0087
паевой	0034
пазл	0082
пайп	0035
пайплайн	0005 0062
пайплайна	0005 0062 0067 0087
пакет	0030 0037 0038 0040 0041 0042 0044 0050 0051 0055 0056 0063 0070 0074 0079 0080 0082 0086 0088 0091 0092 0095 0098
пакетик	0086
пакетный	0051 0084 0092 0095
паковать	0066
палата	0076
палатка	0002 0033 0034
палец	0002 0033 0036 0041 0076 0086
палиндром	0050
палитра	0013 0086
палка	0027 0035
палочка	0018
палуба	0076
памятый	0045 0050
память	0002 0008 0013 0033 0035 0036 0037 0039 0040 0041 0045 0046 0047 0049 0050 0051 0052 0059 0060 0061 0063 0065 0066 0070 0071 0074 0076 0081 0082 0084 0086 0087 0088 0092 0095 0096 0098 0099
панамка	0039
панацея	0023 0050
пандемия	0006 0062 0076
пандора	0076
панель	0002 0028 0031 0033 0051 0059 0063 0074 0079 0098 0100
паника	0066 0076 0096
паниковать	0015 0018
пантеон	0039
пао	0004
папа	0001
папка	0003 0038 0040 0045 0046 0050 0052 0055 0064 0065 0084 0098
папочка	0026
паприка	0086
пара	0001 0002 0010 0015 0020 0021 0025 0026 0027 0033 0038 0043 0045 0047 0048 0049 0050 0051 0052 0055 0057 0064 0066 0067 0071 0082 0084 0086 0091 0092 0093 0095 0098 0099
парадигма	0007 0046 0047 0048 0061 0062 0094
парадигматический	0094
парадокс	0003
парадоксальный	0011 0027 0032
парализовать	0039
паралич	0086
параллелизм	0037 0051 0061 0096
параллель	0001
параллельно	0001 0009 0010 0024 0036 0037 0050 0053 0062 0067 0072 0075 0076 0090 0094
параллельный	0005 0008 0036 0037 0050 0051 0061 0070 0076 0087 0096
параметр	0008 0013 0016 0018 0025 0030 0034 0036 0038 0040 0041 0043 0044 0045 0047 0048 0050 0051 0052 0054 0055 0056 0058 0059 0061 0062 0071 0075 0080 0082 0083 0084 0085 0087 0088 0089 0092 0093 0094 0095 0096 0097 0098 0100
парень	0053
парето	0076
паритет	0005
парковка	0018 0027 0075
пароль	0010 0012 0038 0045 0050 0051 0052 0054 0063 0064 0079 0084 0088 0091 0096 0100
парсер	0052 0053 0084
парсим	0021
парсинга	0021 0053 0067
парсит	0060
парситься	0099
партизанский	0076
партиции	0005 0099
партиционирование	0010
партиционировать	0099
партиция	0005
партия	0013 0076
партнёр	0004 0006 0010 0015 0051
партнёрский	0006
партнёрство	0013
пассаж	0088
пассажир	0028 0031 0076
пассивный	0002 0015 0033
паста	0086
пасхалка	0052
патентованный	0002 0033
патоген	0076
патология	0094
патрик	0084
паттерн	0005 0017 0018 0021 0026 0030 0043 0050 0060 0068 0075 0084 0089 0099
патч	0045 0047 0061 0073 0092
патчить	0045
пауза	0010 0013 0045 0061 0076 0095 0096
паук	0076
паутина	0051
паутинка	0013
пафос	0071
пахнуть	0034
пацан	0013
пациент	0075 0076 0089
пачка	0096
паша	0013
пашот	0086
паять	0013
паёк	0098
пдн	0008
педагог	0083
пейдж	0093
пейзаж	0075
пекулярный	0022
пельмень	0082
пенсионный	0003 0034
пенсия	0003
пентагон	0076
пентест	0100
пентестер	0100
пеня	0003
пепел	0076
пер	0095
первичка	0003
первичный	0018 0039 0051 0063 0089 0093 0099
первобытный	0076
первоисточник	0018
первоклассный	0025 0037
первоначально	0051 0055 0086
первоначальный	0009 0010 0012 0025 0050 0051 0055 0076 0087 0093 0094
первооткрыватель	0089
первостепенный	0090
первый	0001 0002 0003 0004 0005 0006 0008 0009 0010 0011 0012 0013 0015 0016 0017 0018 0021 0022 0023 0026 0027 0030 0032 0033 0034 0035 0036 0038 0039 0040 0041 0043 0044 0045 0046 0047 0049 0050 0051 0052 0053 0054 0055 0056 0057 0059 0060 0061 0062 0063 0064 0065 0066 0067 0070 0071 0075 0076 0080 0081 0082 0083 0084 0085 0086 0087 0088 0089 0092 0093 0094 0095 0096 0097 0098 0099 0100
переадресация	0051
переаккредитация	0004
переаллокация	0049
перебирать	0049 0052 0071 0089
перебор	0049 0050 0051 0052 0071 0100
перебрать	0050 0052
переваливать	0035
переварить	0086
перевернуть	0034 0050
перевести	0005 0036 0038 0046 0062 0072 0076 0089 0095
перевестись	0011 0032
перевод	0003 0005 0009 0011 0012 0015 0016 0021 0025 0032 0036 0051 0055 0058 0062 0067 0068 0071 0074 0075 0076 0081 0083 0085 0086 0088 0089 0090 0093 0095 0097
переводить	0003 0005 0040 0062 0083
переводиться	0062
переводчик	0022 0025 0055 0071 0083 0088 0089
перевозка	0008 0079
переворачивание	0050
переворачивать	0049 0050
переворот	0076
перевыкатка	0045
переговорок	0013
переговоры	0013 0067
перегрев	0051
перегревать	0076
перегреться	0002 0033
перегружать	0010
перегрузить	0045 0050
перегрузка	0047 0050 0051
передаваемый	0050 0051 0091
передавать	0002 0013 0016 0033 0048 0050 0051 0061 0064 0068 0069 0072 0076 0083 0084 0085 0086 0091 0092
передаваться	0013 0016 0044 0050 0051 0091 0092
передать	0013 0015 0038 0041 0043 0044 0047 0050 0051 0052 0076 0080 0084 0085 0086 0095
передача	0008 0013 0027 0041 0043 0044 0045 0047 0050 0051 0052 0074 0076 0085 0086 0090 0091 0096
переделка	0013 0086
переделывать	0001 0013 0035
передний	0094
передовой	0036 0050 0061 0070 0076 0083 0095
передумать	0053
передышка	0086
переезд	0005
переезжать	0077
переехать	0010 0026 0039 0053 0061 0062
переживать	0045 0090
пережить	0086 0099
перезагружать	0079 0080
перезагрузить	0041 0063 0077 0079 0098
перезагрузиться	0073 0080
перезагрузка	0011 0032 0041 0051 0056 0073 0080 0091 0096
перезаписать	0005 0051 0084
перезаписывать	0005 0071
перезапись	0005
перезапуск	0059 0060 0069 0079 0084 0096
перезапускать	0047 0064 0084 0100
перезапускаться	0059 0067
перезапустить	0001 0045 0059 0069 0092 0095
перезапуститься	0045
переизбыток	0027
переиздаваться	0088
переименование	0005
переименовать	0003 0099
переименовывать	0099
переиспользование	0043 0048 0050
переиспользовать	0037 0043 0050 0057 0060 0062
переиспользуемость	0050
перейти	0001 0002 0003 0004 0005 0006 0007 0008 0009 0010 0011 0012 0013 0014 0015 0016 0017 0018 0019 0020 0021 0022 0023 0024 0025 0026 0027 0028 0029 0030 0031 0032 0033 0034 0035 0036 0037 0038 0039 0040 0041 0042 0043 0044 0045 0046 0047 0048 0049 0050 0051 0052 0053 0054 0055 0056 0057 0058 0059 0060 0061 0062 0063 0064 0065 0066 0067 0068 0069 0070 0071 0072 0073 0074 0075 0076 0077 0078 0079 0080 0081 0082 0083 0084 0085 0086 0087 0088 0089 0090 0091 0092 0093 0094 0095 0096 0097 0098 0099 0100
переквалификация	0003 0083
переквалифицировать	0003
переквалифицироваться	0015 0053
переключатель	0055
переключать	0099
переключаться	0059 0069 0076 0087
переключение	0002 0028 0031 0033 0050 0051 0062 0096
переключить	0045 0059 0062 0074 0099
переключиться	0045 0055
перекомпилировать	0050 0061
перекрасить	0008 0086
перекрыть	0005 0062 0077
перекус	0086
перелистать	0026
перелопачивать	0092
перемена	0040 0086
переменный	0009 0021 0025 0035 0037 0040 0041 0043 0044 0045 0050 0051 0052 0055 0058 0060 0061 0064 0065 0069 0071 0073 0075 0079 0080 0081 0084 0085 0088 0089 0091 0092 0093 0097 0098
переместить	0050 0051
перемешать	0057
перемешивание	0022 0052
перемешиваться	0036
перемещать	0008 0040 0050 0051 0064 0076
перемещаться	0008 0012 0040 0051 0097
перемещение	0012 0051 0088
перемножаться	0036
перемножение	0071
перемычка	0013
перемёный	0098
переназначить	0097 0098
перенаправить	0024 0045 0047 0051 0059 0064 0065
перенаправление	0038 0051 0065 0088 0095
перенаправлять	0016 0050 0051 0065 0095
перенаправляться	0051
перенастраивать	0092
перенасытить	0094
перенасыщение	0051
перенести	0005 0011 0015 0027 0032 0053 0075 0079 0080
перенестись	0083
перенос	0005 0025 0045 0052 0057 0080 0084
переносимость	0005 0045 0050 0061
переносить	0047 0050 0053 0061 0076 0080 0084 0092
переобучение	0082
переобъявлять	0051
переопределение	0050 0084 0095
переопределить	0044 0050 0073 0084
переопределять	0050 0084
переопределяться	0050 0084
переосмыслить	0015
переоснастить	0097
переоснащение	0097
перепарсиваться	0099
переписать	0052 0085
переписка	0003 0010 0026
переписывание	0074
переписывать	0005
переплата	0002 0011 0032 0033
переплачивать	0002 0033
переподключаться	0096
переполнение	0036 0040
переполнить	0076
переполох	0093
переправить	0076
перепробовать	0077
перепроверить	0013 0050 0086
перепрограммирование	0018
перепрыгивать	0071
перепутать	0011 0032
перерабатываться	0035
переработать	0062
переработка	0049
переразвести	0013
перераспределение	0047
перераспределить	0050
перераспределять	0047
перерасти	0076
перерыв	0053 0055 0077 0086
пересадить	0027
пересаживать	0076
пересборка	0005 0069 0077 0087
пересекать	0051
пересекаться	0038 0072
пересечение	0075
пересечь	0099
пересказ	0007 0017
переслать	0015 0034 0042 0061 0079
пересмотр	0061
пересмотреть	0003 0067
пересобирать	0005 0035
пересобрать	0063 0069
пересоздавать	0045
пересоздание	0045 0099
пересоздать	0045 0069
пересоздаться	0059
переставать	0009 0018 0022 0045 0051 0082 0084 0090
переставить	0034
перестановка	0050
перестать	0001 0027 0061 0071 0072 0077 0083 0095 0100
перестраивать	0015 0076
перестроиться	0001 0015
пересчитать	0003 0057
пересчитываться	0062
пересчёт	0034
пересылать	0041 0051
пересылка	0041 0051
перетаскивать	0091
перетасовывать	0076
перетекать	0022
перетечь	0036
переустановить	0059
переустановка	0070 0080
переучиваться	0062
перефразировать	0015
перехват	0025 0050
перехватить	0050 0052 0091 0092
перехватывать	0050 0052
перехватываться	0050 0051
перехеширование	0049
переход	0001 0003 0005 0015 0025 0039 0042 0044 0047 0048 0051 0055 0061 0062 0063 0070 0076 0079 0083 0089
переходить	0008 0015 0022 0038 0039 0044 0049 0052 0057 0066 0067 0076 0079 0086 0088 0093 0095
переходник	0002 0033
переходный	0045
переходящий	0070
перец	0086
перечень	0004 0010 0062 0093
перечисление	0016 0045 0050 0051 0061 0088
перечисленный	0050 0067 0092
перечислимый	0050
перечислить	0007 0010 0045 0050 0055 0067 0096
перечислять	0051
период	0003 0017 0039 0045 0047 0051 0061 0070
периодически	0013 0022 0034 0047 0082
периодический	0087
периодичность	0022 0045
периферийный	0051 0074
периферия	0022 0076 0092
перо	0045
персистентность	0050
персистентный	0045
персонаж	0008 0076
персонал	0003 0027 0051 0076
персонализация	0018 0068 0076
персонализировать	0089
персональный	0068 0074 0076 0087 0096
перспектива	0006 0013 0015 0035 0051 0061 0067 0068 0094
перспективный	0042 0046 0047 0094
перформанс	0035
перцептрон	0036 0071
песня	0083
песочница	0001 0002 0003 0004 0005 0006 0007 0008 0009 0010 0011 0012 0013 0014 0015 0016 0017 0018 0019 0020 0021 0022 0023 0024 0025 0026 0027 0028 0029 0030 0031 0032 0033 0034 0035 0036 0037 0038 0039 0040 0041 0042 0043 0044 0045 0046 0047 0048 0049 0050 0051 0052 0053 0054 0055 0056 0057 0058 0059 0060 0061 0062 0063 0064 0065 0066 0067 0068 0069 0070 0071 0072 0073 0074 0075 0076 0077 0078 0079 0080 0081 0082 0083 0084 0085 0086 0087 0088 0089 0090 0091 0092 0093 0094 0095 0096 0097 0098 0099 0100
пессимизм	0068
пессимист	0093
песчаный	0076
петлить	0001 0002 0033
петля	0001 0051
петров	0068
петь	0039
печальный	0057
печатать	0002 0013 0033 0034 0049 0052 0058 0066 0076 0087
печатный	0013 0034 0090
печать	0002 0008 0033 0045 0081 0098
печь	0051
пешеход	0036
пешком	0039
пи	0045 0052
пиарить	0042
пиво	0053
пивоварня	0053
пик	0034 0047
пикантный	0028 0031
пикет	0076
пиковый	0046 0061
пиксел	0071
пиксель	0002 0028 0031 0033 0071
пилот	0013 0076
пилотироваться	0035
пилотный	0039
пинг	0056 0095
пингвин	0046
пинок	0007
пинта	0086
пионер	0083
пирог	0008 0076 0084
пирсинг	0027
писатель	0086
писательство	0015
писать	0001 0004 0005 0010 0013 0015 0020 0022 0027 0034 0035 0037 0042 0043 0045 0046 0047 0049 0050 0052 0053 0057 0060 0061 0065 0066 0067 0069 0071 0072 0075 0076 0083 0084 0086 0088 0090 0091 0095 0096 0098
писаться	0035 0040 0046 0052 0065
пистолет	0022
письмо	0010 0012 0015 0026 0071 0074 0075 0076 0086 0089 0090
питание	0003 0012 0023 0051 0092
питер	0088
питон	0095
питонистый	0027
питонический	0052
питч	0001
пить	0023 0053
пиф	0034
пихать	0071
пицца	0037
пк	0059 0063 0065 0067 0074 0077 0080 0092
плав	0006
плавать	0005 0008 0036 0047 0050 0093 0098 0099
плавно	0049 0076 0077
плавный	0001 0002 0030 0033 0045
плагин	0038 0045 0051 0056 0074
плакат	0076
план	0003 0006 0009 0010 0013 0015 0021 0026 0051 0053 0062 0067 0074 0076 0086 0089 0091 0093 0094 0099
планета	0015 0022 0075 0076
планетарный	0022
планирование	0005 0035 0042 0051 0062 0081 0086
планировать	0005 0006 0010 0015 0027 0035 0050 0051 0052 0056 0061 0076 0086 0089
планироваться	0038
планировщик	0038 0051 0056 0064 0092
планк	0015
планка	0006 0061
плановый	0004 0062
планшет	0002 0033
планшетный	0002 0033
пластика	0013
пластиковый	0002 0013 0033 0076
пластина	0013
плата	0004 0008 0010 0013 0061 0092
платить	0001 0003 0004 0005 0008 0015 0027 0034 0039 0046 0049 0051 0053 0055 0067 0071 0076 0095
платиться	0003 0027
платно	0067
платность	0067
платный	0010 0011 0015 0020 0032 0038 0039 0045 0055 0067 0079
плато	0005 0076
платформа	0001 0005 0008 0010 0014 0017 0018 0024 0035 0038 0039 0040 0041 0042 0047 0050 0051 0054 0055 0057 0061 0062 0067 0069 0070 0074 0079 0084 0087 0092 0095 0100
платформенный	0005
платформозависимый	0092
платёж	0003 0008 0010
платёжеспособность	0075
платёжный	0091
плацдарм	0012
плач	0010
плашка	0024
плейбук	0039 0047
плейлист	0067 0084
плейсхолдер	0050
плексигласовый	0076
племя	0076
пленарный	0014
плесень	0076
плечо	0002 0004 0006 0028 0031 0033 0083 0092
плитка	0086
плодить	0045 0060
плойка	0027
плоскоземельщик	0082
плоскость	0051 0074 0075
плотник	0039
плотно	0041 0076
плотность	0022 0075
плотный	0067 0093
плохо	0001 0005 0009 0011 0021 0032 0046 0048 0052 0053 0057 0067 0075 0076 0095
плохой	0001 0005 0009 0018 0027 0034 0035 0037 0049 0051 0052 0060 0075 0076 0083 0084 0086 0087 0091 0093 0100
площадка	0076
площадь	0051 0071 0075 0098
плутон	0022
плюс	0001 0002 0003 0007 0013 0018 0020 0021 0027 0033 0037 0040 0042 0045 0047 0051 0053 0067 0088 0091 0092 0093 0100
плюсик	0067
плюсовать	0071
плюшевый	0027
плюшка	0027
плёнка	0028 0031
побайтовый	0060
победа	0005 0052 0057 0067 0076
победитель	0046 0052
победить	0005 0059 0076 0088 0089
побежать	0006
побеждать	0003 0005
побитовый	0050
поблагодарить	0013 0025 0039 0088
поблизости	0022
побочный	0015 0049 0050 0082 0090
побудить	0076
побуждать	0047 0086
повар	0008
поведение	0013 0017 0018 0025 0035 0036 0039 0041 0045 0050 0051 0052 0054 0060 0061 0064 0068 0069 0071 0076 0083 0086 0089 0090 0096 0099
повезти	0027 0067 0071 0093
повелитель	0039 0083
поверить	0015 0076
повернуть	0050 0071
поверх	0002 0005 0033 0038 0040 0045 0046 0051 0055 0076 0079 0084
поверхностно	0067 0076
поверхностный	0049 0050 0076 0088
поверхность	0022 0034 0057
повесить	0013 0060
повествование	0088 0095
повести	0061 0096
повеять	0026
повзрослеть	0020
повидаться	0027
повлечь	0068
повлиять	0012 0039 0041 0047 0051 0071 0079 0082 0086 0095
повод	0003 0004 0006 0027 0034 0050 0051 0071 0083 0086 0090
поворот	0076
повредить	0034 0092
повреждение	0051
повседневный	0002 0020 0033 0052 0068 0069 0070 0076 0083 0086 0088
повсеместный	0027 0079
повсюду	0099
повтор	0011 0032 0079
повторение	0039 0049 0050 0052 0057 0067 0088 0089
повторимый	0055 0059
повторить	0011 0016 0017 0032 0036 0052 0053 0057 0059 0060 0066 0067 0083
повториться	0010
повторно	0050 0051 0061 0077 0092
повторный	0005 0011 0017 0032 0037 0048 0050 0051 0056 0059 0061 0076 0089 0095
повторяемость	0057 0079
повторять	0001 0015 0026 0036 0043 0045 0050 0052 0053 0057 0064 0071 0076 0082
повторяться	0013 0036 0050 0051 0055 0060 0071 0076 0082 0083 0084 0089 0090 0093 0097
повысить	0003 0009 0035 0047 0050 0051 0068 0071
повышать	0018 0023 0025 0027 0035 0047 0050 0068 0071 0076 0079 0094
повышаться	0050
повышение	0036 0042 0050 0051 0061 0068 0079 0083 0089 0094
повышенный	0050 0063 0082
погашать	0017 0034
погибнуть	0008 0067
поглощать	0022
поглощаться	0034
поглощение	0034 0086
поговорить	0015 0035 0040 0042 0046 0054 0063 0068 0071 0072 0079 0085 0086 0089 0091 0095 0097 0098
погода	0018 0068
погоня	0090
пограничный	0076
погрешность	0008 0018 0021 0075
погружать	0030 0051
погружаться	0030 0039 0071 0076 0092
погружение	0046 0049
погрузиться	0034 0046 0063 0067 0069 0071 0088 0093
погуглила	0010
пода	0041 0045 0047 0056 0059 0063 0064
подавать	0004 0010 0036 0071
подаваться	0036 0046 0057 0071
подавлять	0015 0060
подарить	0090
подарок	0003 0020
подать	0004 0019 0041 0045 0047 0059 0064 0071 0085 0086 0093
податься	0067
подача	0004 0008 0010 0016 0082 0092
подбирать	0011 0032 0071 0090 0093
подбираться	0027
подбор	0011 0032 0075 0093
подбородок	0076
подбрасывание	0086
подбрасывать	0076
подвал	0076
подвергать	0071 0076 0082
подвергаться	0093 0097
подверженный	0021 0050 0068
подвид	0071
подвисать	0100
подвиснуть	0069 0100
подводить	0051 0055 0062 0079 0083 0088
подводный	0048 0071 0076 0087
подглядывание	0028 0031
подгонка	0075 0093
подгонять	0027
подготавливать	0038
подготовительный	0037 0062
подготовить	0003 0005 0010 0030 0038 0040 0041 0043 0045 0051 0064 0076 0086 0092 0097
подготовиться	0053 0067 0082 0089
подготовка	0004 0010 0011 0017 0021 0032 0038 0040 0042 0046 0053 0056 0061 0064 0066 0067 0070 0083 0086 0087 0088 0089 0093
подгружать	0061 0091
поддаваться	0050
поддать	0027
подделка	0012
подделывать	0010
поддельный	0051
поддержание	0005 0050 0083
поддержать	0007 0061
поддерживаемость	0009 0043
поддерживать	0002 0003 0005 0008 0009 0024 0025 0033 0035 0036 0039 0042 0043 0044 0045 0047 0050 0051 0061 0062 0063 0064 0070 0074 0083 0084 0087 0091 0092 0095 0096 0099
поддерживаться	0005 0022 0038 0046 0050 0051 0061 0074 0080 0084 0088 0089 0092 0095
поддержка	0001 0002 0003 0004 0005 0006 0007 0008 0009 0010 0011 0012 0013 0014 0015 0016 0017 0018 0019 0020 0021 0022 0023 0024 0025 0026 0027 0028 0029 0030 0031 0032 0033 0034 0035 0036 0037 0038 0039 0040 0041 0042 0043 0044 0045 0046 0047 0048 0049 0050 0051 0052 0053 0054 0055 0056 0057 0058 0059 0060 0061 0062 0063 0064 0065 0066 0067 0068 0069 0070 0071 0072 0073 0074 0075 0076 0077 0078 0079 0080 0081 0082 0083 0084 0085 0086 0087 0088 0089 0090 0091 0092 0093 0094 0095 0096 0097 0098 0099 0100
поддиректория	0084 0098
поддомен	0087
поделать	0045
поделить	0004 0052 0095
поделиться	0010 0015 0020 0027 0053 0064 0077 0086 0091 0095 0098 0099
поделка	0001
подешеветь	0006 0034
поджарить	0076
поджать	0057
поджечь	0076
поджимать	0053
подземный	0076
подкаст	0019
подкачка	0002 0033 0051
подкласс	0004 0043 0050
подключать	0002 0013 0033 0038 0045 0051 0052 0059 0067 0069 0074 0095
подключаться	0013 0034 0045 0051 0095 0096 0098
подключение	0008 0010 0012 0041 0042 0045 0046 0048 0051 0059 0063 0065 0069 0070 0074 0075 0083 0095 0096 0098
подключить	0001 0012 0013 0045 0047 0051 0052 0065 0069 0092 0095 0096
подключиться	0008 0045 0051 0059 0069 0095 0096 0100
подкоманда	0048
подкорректировать	0067 0093
подкрепить	0079
подкрепление	0018 0036 0067 0089
подлинность	0076
подлинный	0083 0094
подмена	0003 0051
подметить	0057
подмножество	0089 0097
подмодуль	0097
поднаправление	0072
поднимать	0003 0006 0041 0045 0052 0065 0076 0083 0091 0100
подниматься	0015 0045 0081 0091 0095
поднятие	0045
поднять	0045 0059 0069 0095
подняться	0013 0047
подобие	0057 0076 0086
подобласть	0068
подобно	0022 0025 0064 0076 0083 0086
подобный	0001 0021 0022 0023 0025 0026 0027 0047 0052 0074 0075 0076 0077 0081 0082 0083 0087 0089 0090 0093 0095 0096 0100
подобрать	0011 0018 0032 0036 0062 0071 0093
подобраться	0027 0043
подовый	0045 0056 0059 0063 0064
подогнать	0093
подождать	0001 0037 0038 0045 0056 0059 0095
подозревать	0045 0076
подозрение	0076
подозрительный	0004 0076
подойти	0001 0013 0039 0043 0051 0052 0065 0067 0071 0086 0095
подом	0045 0048
подоспеть	0027
подписант	0017
подписать	0003 0004 0053 0071
подписаться	0001 0002 0003 0004 0005 0006 0007 0008 0009 0010 0011 0012 0013 0014 0015 0016 0017 0018 0019 0020 0021 0022 0023 0024 0025 0026 0027 0028 0029 0030 0031 0032 0033 0034 0035 0036 0037 0038 0039 0040 0041 0042 0043 0044 0045 0046 0047 0048 0049 0050 0051 0052 0053 0054 0055 0056 0057 0058 0059 0060 0061 0062 0063 0064 0065 0066 0067 0068 0069 0070 0071 0072 0073 0074 0075 0076 0077 0078 0079 0080 0081 0082 0083 0084 0085 0086 0087 0088 0089 0090 0091 0092 0093 0094 0095 0096 0097 0098 0099 0100
подписка	0001 0010 0011 0014 0020 0032 0034 0061 0069
подписчик	0024 0051
подписывать	0017 0051 0054 0071 0076
подписываться	0003 0023 0026 0072 0085 0090 0093
подпись	0017 0061
подпроцесс	0050
подработать	0035
подражание	0050
подраздел	0068 0088
подразделение	0012 0027 0028 0031 0035 0042 0074 0076
подразделять	0071
подразумевать	0045 0050 0089 0096
подрасти	0021
подробно	0012 0016 0022 0035 0045 0067 0069 0075 0079 0087 0092 0095 0096
подробность	0044 0088
подробный	0004 0010 0011 0013 0022 0025 0032 0035 0041 0042 0044 0051 0055 0058 0059 0063 0064 0067 0069 0070 0078 0088 0089 0092 0093 0095 0096
подружиться	0063
подрумяниться	0086
подряд	0003 0008 0030 0035 0036 0045 0084 0095
подрядчик	0003 0072 0076
подсветить	0100
подсветка	0030 0074
подсеть	0012 0038 0041 0051
подсистема	0051 0053 0063
подсказать	0052 0077 0086
подсказка	0011 0025 0032 0036 0049 0055 0067 0074 0100
подслово	0008 0036
подсоединить	0095
подспорье	0053
подставить	0036 0093
подставка	0002 0033
подставлять	0016
подстановка	0050 0052 0084 0088
подстрекать	0076
подстричься	0086
подстроить	0089
подстрока	0050 0057
подступиться	0063 0067 0089
подсчитываться	0051
подсчёт	0049 0050 0093
подтвердить	0004 0005 0016 0023 0028 0031 0041 0061 0075 0081
подтвердиться	0011 0032
подтверждать	0003 0004 0009 0011 0016 0026 0027 0032 0051 0076
подтверждаться	0042
подтверждение	0003 0004 0010 0016 0026 0051 0069 0076
подтип	0050
подтолкнуть	0061 0073
подтыкать	0096
подтягивать	0005 0067
подтягиваться	0045 0046
подтянуть	0005 0067
подумать	0010 0013 0015 0035 0049 0051 0053 0055 0076 0077 0086 0095
подуматься	0027
подучивать	0067
подхалим	0086
подхватить	0086
подход	0001 0005 0006 0009 0018 0030 0034 0035 0037 0039 0042 0043 0046 0047 0048 0050 0051 0057 0061 0062 0063 0067 0068 0070 0072 0073 0074 0075 0079 0082 0083 0087 0089 0090 0091 0092 0093 0094 0095 0097
подходить	0002 0005 0011 0013 0015 0032 0033 0035 0039 0042 0044 0045 0046 0049 0050 0051 0052 0060 0067 0070 0075 0086 0088 0095
подходящий	0010 0011 0015 0022 0032 0043 0045 0050 0052 0070 0071 0075 0076 0084 0092 0093 0095 0097
подчеркнуть	0015 0019 0027 0036
подчинение	0003
подчинённый	0051
подчёркивание	0060
подчёркивать	0009 0051
подъём	0013 0034
подытожить	0042
подёргивание	0091
поездка	0002 0008 0013 0015 0033 0086
поехать	0013 0020 0027 0037 0039 0052 0063 0078 0095
пожадничать	0060
пожаловать	0045 0052 0057 0060 0088 0093
пожаловаться	0086
пожалуй	0015 0027 0065 0067 0079 0092
пожалуйста	0008 0009 0025 0026 0036 0039 0095
пожар	0039 0076
пожарный	0034 0076
пожелать	0076 0093
пожертвовать	0017
пожимать	0015
позади	0088
позвать	0013
позволить	0012 0015 0016 0023 0028 0031 0035 0041 0042 0043 0046 0047 0049 0051 0055 0061 0062 0072 0076 0079 0086 0089 0092 0093 0094 0095 0097
позволять	0002 0003 0005 0008 0009 0011 0015 0016 0017 0018 0021 0022 0024 0025 0028 0030 0031 0032 0033 0035 0036 0037 0038 0041 0042 0045 0046 0047 0049 0050 0051 0052 0054 0055 0057 0058 0059 0061 0062 0063 0064 0065 0068 0069 0070 0073 0074 0076 0079 0081 0082 0084 0088 0089 0091 0092 0094 0095 0096 0097 0098 0100
позвонить	0013 0055 0093
позднии	0061
поздний	0010 0022 0037 0040 0050 0055 0056 0061 0063 0067 0071 0076 0078 0079 0084 0085 0086 0095 0099
поздно	0006 0015 0039 0040 0067 0094
поздороваться	0013
поздравить	0041
поздравление	0090
поздравлять	0041 0052 0056 0063 0093 0095 0097
позитивный	0013 0088
позиционирование	0036
позиционировать	0015 0100
позиционный	0036 0052
позиция	0001 0005 0006 0011 0013 0017 0027 0032 0034 0036 0042 0049 0050 0076 0086 0093 0095
познавательный	0016
познавать	0039
познакомить	0089
познакомиться	0037 0039 0067 0088
познание	0036 0076 0090 0094
поиграть	0061 0085 0095
поиграться	0095
поиск	0001 0002 0003 0004 0005 0006 0007 0008 0009 0010 0011 0012 0013 0014 0015 0016 0017 0018 0019 0020 0021 0022 0023 0024 0025 0026 0027 0028 0029 0030 0031 0032 0033 0034 0035 0036 0037 0038 0039 0040 0041 0042 0043 0044 0045 0046 0047 0048 0049 0050 0051 0052 0053 0054 0055 0056 0057 0058 0059 0060 0061 0062 0063 0064 0065 0066 0067 0068 0069 0070 0071 0072 0073 0074 0075 0076 0077 0078 0079 0080 0081 0082 0083 0084 0085 0086 0087 0088 0089 0090 0091 0092 0093 0094 0095 0096 0097 0098 0099 0100
поискать	0012 0067
поисковик	0011 0032
поисковый	0011 0015 0032 0051 0086 0089
поймать	0001 0012 0050 0076
пойти	0003 0010 0013 0021 0027 0039 0046 0049 0052 0053 0060 0067 0076 0086 0095 0097 0100
пока	0002 0005 0008 0012 0013 0015 0018 0020 0021 0027 0033 0034 0035 0036 0037 0039 0040 0045 0046 0049 0050 0051 0052 0056 0059 0060 0063 0065 0066 0067 0071 0072 0074 0076 0077 0079 0081 0083 0086 0089 0090 0093 0095 0100
показ	0010 0059
показание	0003 0071
показатель	0002 0013 0015 0018 0022 0024 0033 0034 0039 0051 0062 0075 0076 0086 0089 0093 0097
показательный	0011 0032 0075
показать	0001 0002 0003 0004 0005 0006 0007 0008 0009 0010 0011 0012 0013 0015 0016 0017 0018 0019 0020 0021 0022 0023 0024 0025 0026 0027 0030 0032 0033 0034 0035 0036 0037 0038 0039 0040 0041 0042 0043 0044 0045 0046 0047 0048 0049 0050 0051 0052 0053 0054 0055 0056 0057 0058 0059 0060 0061 0062 0063 0064 0065 0066 0067 0068 0069 0070 0071 0072 0073 0074 0075 0076 0077 0078 0079 0080 0081 0082 0083 0084 0085 0086 0087 0088 0089 0090 0091 0092 0093 0094 0095 0096 0097 0098 0099 0100
показаться	0010 0015 0023 0027 0028 0031 0036 0041 0051 0057 0070 0076 0086 0088 0093 0095 0098
показывать	0001 0002 0003 0004 0010 0011 0012 0013 0017 0018 0022 0025 0030 0032 0033 0034 0036 0038 0042 0045 0048 0050 0052 0056 0058 0059 0061 0063 0064 0069 0071 0073 0083 0086 0087 0090 0099
показываться	0044
покемон	0036
покидать	0022
покинуть	0036 0061
поклейка	0042
поковыряться	0095
покой	0001 0008 0015 0039
поколение	0002 0015 0022 0033 0040 0061 0076
покопаться	0001
покорение	0039
покормить	0052
покрасить	0086
покрывать	0002 0033 0046 0060 0067
покрытие	0002 0009 0010 0033 0035 0051
покрыть	0035 0067 0069
покупатель	0013 0034 0089
покупательный	0034
покупать	0006 0008 0013 0024 0034 0035 0053
покупка	0002 0013 0024 0033 0051 0061 0067 0086 0089
пол	0052 0075 0082 0085 0089
полагать	0010 0051 0083
полагаться	0005 0010 0015 0041 0051 0055 0060 0076 0083 0086 0089 0094
полгода	0001 0005 0009 0015 0067 0071 0075
полдень	0027 0076
поле	0016 0021 0025 0027 0038 0040 0043 0044 0045 0050 0051 0058 0061 0062 0073 0074 0076 0080 0082 0098
полезно	0001 0020 0035 0045 0047 0050 0051 0061 0067 0069 0078 0079 0084 0088 0091 0093 0095
полезность	0089
полезный	0002 0003 0010 0015 0016 0018 0023 0027 0033 0034 0035 0036 0037 0038 0041 0044 0045 0047 0048 0049 0050 0051 0052 0053 0054 0055 0057 0058 0059 0060 0061 0062 0063 0064 0067 0068 0069 0070 0072 0075 0076 0079 0084 0086 0088 0089 0090 0095 0099
полезть	0092
полениться	0067
ползать	0039
полив	0054
полигон	0070
полиморфизм	0050 0052 0098
полиморфный	0050
полировочный	0061
полис	0003
полистать	0067
политик	0051 0091 0096
политика	0001 0005 0010 0012 0034 0038 0042 0045 0051 0055 0061 0070 0076 0087 0091
политический	0005 0024 0055 0076
полка	0008 0049 0076
полметра	0082
полно	0079
полномасштабный	0076
полносвязный	0071 0093
полностью	0003 0005 0009 0010 0022 0028 0031 0035 0036 0037 0038 0040 0043 0045 0046 0047 0049 0050 0051 0052 0059 0061 0062 0063 0065 0067 0070 0071 0074 0076 0079 0082 0083 0087 0088 0092 0093 0100
полнота	0043 0087
полнотекстовый	0045
полнофункциональный	0005 0030 0063 0087
полноценный	0001 0005 0009 0011 0032 0047 0048 0050 0061 0063 0065 0069 0076 0079 0091 0092 0100
полноэкранный	0074
полный	0002 0003 0005 0011 0015 0016 0017 0018 0021 0027 0032 0033 0035 0036 0039 0040 0042 0044 0046 0047 0048 0049 0050 0051 0052 0055 0056 0057 0059 0061 0063 0067 0068 0070 0071 0074 0076 0079 0080 0085 0086 0087 0091 0092 0093 0095 0097 0099
половина	0027 0039 0040 0050 0057 0067 0076 0082 0096
половинный	0008
положение	0002 0003 0015 0033 0050
положительно	0039 0085
положительный	0009 0021 0034 0036 0050 0068 0075 0076 0085
положить	0013 0027 0044 0086 0096
поломка	0039 0070
полоса	0008 0034
полоска	0086
полотенце	0076
полотно	0045 0052
полочка	0035 0039 0067
полтора	0001 0067 0082
полугодие	0003 0017
полуготовый	0051
полуденный	0076
полупроводник	0006
полуструктурировать	0051
полутораметровый	0082
получатель	0010 0051 0090
получать	0001 0003 0004 0008 0009 0010 0011 0014 0015 0016 0017 0021 0026 0027 0032 0034 0036 0037 0041 0042 0043 0046 0048 0050 0051 0052 0053 0054 0055 0059 0060 0061 0062 0063 0064 0067 0071 0075 0076 0084 0085 0086 0087 0089 0090 0091 0092 0093 0095 0096 0099
получаться	0006 0011 0021 0032 0034 0036 0038 0043 0045 0050 0053 0057 0060 0067 0077 0082 0088 0090 0092 0093
получение	0004 0008 0012 0015 0018 0025 0035 0036 0042 0043 0049 0050 0051 0052 0053 0059 0063 0067 0069 0075 0079 0085 0087 0088 0089 0093 0095 0097 0100
получить	0003 0004 0005 0007 0008 0010 0011 0012 0013 0015 0016 0017 0018 0021 0025 0026 0028 0031 0032 0036 0037 0039 0040 0041 0042 0043 0044 0045 0046 0047 0048 0049 0050 0051 0052 0053 0054 0055 0056 0057 0059 0060 0061 0062 0063 0064 0065 0066 0067 0068 0071 0072 0074 0075 0076 0079 0081 0082 0083 0084 0085 0086 0088 0089 0090 0091 0093 0095 0100
получиться	0001 0010 0011 0013 0015 0021 0032 0035 0036 0038 0044 0049 0053 0056 0060 0061 0063 0067 0071 0075 0080 0088 0095
польза	0002 0004 0011 0017 0018 0023 0032 0033 0034 0035 0036 0047 0054 0075 0086 0088 0089 0094 0095
пользователь	0002 0005 0006 0008 0009 0010 0011 0012 0014 0015 0016 0017 0018 0019 0021 0024 0025 0026 0027 0030 0032 0033 0034 0035 0036 0037 0038 0039 0041 0042 0044 0045 0046 0047 0048 0050 0051 0052 0054 0055 0056 0058 0060 0061 0063 0064 0065 0066 0068 0069 0070 0071 0073 0074 0076 0079 0080 0081 0082 0083 0084 0085 0086 0088 0089 0091 0094 0095 0096 0097 0099 0100
пользовательский	0010 0015 0035 0038 0047 0050 0051 0059 0061 0066 0070 0074 0095
пользоваться	0003 0004 0013 0015 0018 0020 0027 0038 0042 0045 0054 0057 0060 0067 0071 0077 0079 0091 0096
полюс	0079
полёт	0046 0052 0055 0060
помалкивать	0005
поменять	0016 0045 0056
поменяться	0004 0050
помереть	0027
поместить	0012 0022 0050 0055 0095
поместиться	0050
пометить	0025 0050 0051
помеха	0051
помешательство	0082
помешать	0011 0032 0039 0062
помещать	0049 0050 0071 0073
помещаться	0012 0035 0067 0089 0092
помещение	0042 0086
помидор	0086
помимо	0012 0021 0038 0039 0040 0045 0051 0055 0061 0065 0070 0078 0096 0097
помирать	0027
помнить	0001 0006 0015 0035 0036 0042 0045 0050 0051 0056 0057 0060 0067 0069 0076 0084 0085 0091 0093 0094 0095
помниться	0096
помогать	0001 0004 0005 0009 0011 0013 0015 0019 0023 0025 0030 0032 0035 0036 0037 0039 0043 0047 0049 0050 0051 0054 0060 0061 0063 0064 0068 0074 0075 0076 0079 0082 0083 0086 0089 0093 0095 0097
помочь	0001 0003 0007 0012 0013 0015 0023 0025 0027 0030 0037 0039 0041 0042 0043 0045 0047 0049 0051 0053 0054 0061 0062 0063 0067 0068 0070 0071 0076 0077 0083 0085 0086 0088 0091 0092 0095 0100
помощник	0006 0034 0057 0068 0074 0075 0076 0086 0089 0100
помощь	0001 0003 0005 0006 0009 0010 0011 0012 0015 0016 0022 0025 0030 0032 0034 0035 0036 0038 0040 0041 0042 0043 0047 0049 0050 0051 0053 0054 0055 0056 0058 0059 0060 0062 0063 0064 0065 0067 0068 0069 0071 0072 0074 0075 0076 0079 0081 0083 0084 0086 0088 0089 0090 0092 0094 0095 0097 0098 0100
помпезно	0061
помучиться	0100
помыкать	0076
помыть	0052
понаблюдать	0063
понадобиться	0013 0046 0049 0052 0067 0076 0084 0085 0090 0093 0095
понаписать	0053
понарошку	0067
поначалу	0055 0067 0071 0076
понедельник	0015 0026 0050
понемногу	0067
понижение	0067 0071
понизить	0004 0034 0036
понимание	0001 0006 0009 0011 0013 0015 0018 0027 0032 0035 0036 0037 0039 0041 0042 0046 0049 0050 0051 0053 0054 0059 0060 0061 0063 0065 0067 0068 0069 0070 0071 0072 0079 0083 0087 0089 0092 0093 0094
понимать	0001 0005 0008 0009 0011 0013 0015 0018 0023 0027 0032 0034 0035 0036 0039 0044 0045 0046 0047 0050 0051 0053 0054 0059 0061 0067 0068 0071 0072 0076 0082 0083 0084 0085 0089 0090 0093 0095 0096 0098
пониматься	0011 0032 0067 0088 0089
понравиться	0010 0012 0013 0043 0067 0086 0089 0095
понятие	0003 0008 0015 0021 0037 0042 0050 0051 0064 0072 0075 0076 0082 0086 0092 0093 0095 0096
понятно	0013 0034 0035 0039 0045 0046 0067 0071 0073 0077 0082 0088 0092 0095 0096
понятный	0005 0006 0013 0015 0026 0034 0039 0040 0041 0043 0046 0049 0050 0051 0054 0062 0067 0070 0071 0082 0090 0092 0094 0095 0096
понять	0008 0010 0011 0012 0013 0015 0021 0023 0026 0027 0032 0037 0039 0044 0045 0046 0047 0051 0053 0054 0055 0060 0061 0062 0065 0067 0070 0071 0074 0075 0076 0079 0082 0083 0084 0085 0086 0088 0089 0092 0093 0095
пообучать	0034
пообщаться	0059
поочерёдно	0071
поощрять	0051 0052 0061
попадание	0035 0051 0070 0086
попадать	0004 0013 0021 0027 0040 0050 0052 0060 0065 0067 0070 0072 0084 0089 0092 0096
попадаться	0053
попасть	0001 0011 0012 0013 0021 0032 0034 0035 0038 0039 0040 0045 0051 0053 0061 0065 0083 0084 0088 0091 0096
попасться	0027 0095 0100
попингуй	0095
поплыть	0011 0032
пополам	0001
пополнить	0100
поправимый	0045 0099
поправить	0039 0045 0071
попрактиковаться	0067
попробовать	0010 0012 0013 0015 0020 0022 0027 0034 0035 0036 0039 0042 0045 0052 0053 0054 0055 0057 0060 0063 0067 0074 0093 0095 0100
попросить	0001 0002 0003 0004 0005 0006 0007 0008 0009 0010 0011 0012 0013 0014 0015 0016 0017 0018 0019 0020 0021 0022 0023 0024 0025 0026 0027 0028 0029 0030 0031 0032 0033 0034 0035 0036 0037 0038 0039 0040 0041 0042 0043 0044 0045 0046 0047 0048 0049 0050 0051 0052 0053 0054 0055 0056 0057 0058 0059 0060 0061 0062 0063 0064 0065 0066 0067 0068 0069 0070 0071 0072 0073 0074 0075 0076 0077 0078 0079 0080 0081 0082 0083 0084 0085 0086 0087 0088 0089 0090 0091 0092 0093 0094 0095 0096 0097 0098 0099 0100
попросту	0047 0067 0088
попугай	0039
популяризироваться	0083
популярность	0005 0046 0047 0061 0067 0089 0095
популярный	0011 0012 0021 0022 0023 0032 0036 0040 0045 0046 0047 0049 0050 0051 0058 0067 0068 0070 0071 0076 0078 0079 0082 0083 0085 0086 0088 0089 0090 0091 0092 0095 0098 0100
популяция	0076 0082
попутно	0039
попытаться	0005 0010 0012 0016 0022 0027 0045 0049 0050 0052 0071
попытка	0003 0005 0011 0012 0013 0015 0016 0018 0032 0044 0045 0050 0052 0055 0057 0061 0065 0067 0071 0074 0081 0084 0085 0088 0090 0093 0095 0096 0100
пора	0001 0027 0034 0036 0037 0039 0040 0045 0050 0051 0052 0055 0061 0067 0071 0076 0077 0086 0090 0091 0093 0095
поработать	0093
порабощение	0076
порадовать	0011 0032 0086
поражать	0021 0088
поражение	0009 0076
поразвлекаться	0067
поразить	0015 0083 0086
порассуждать	0074 0077
порекомендовать	0071 0086
порестартить	0045
порог	0001 0003 0005 0017 0040 0050 0051 0052 0060 0067 0076 0092
пороговый	0005 0051
порода	0075
породить	0045 0050 0076
порождать	0005 0016 0040 0043 0045 0050 0075
порой	0046
порт	0002 0008 0010 0012 0016 0033 0038 0045 0046 0051 0056 0059 0063 0064 0065 0069 0079 0084 0087 0095 0099 0100
портал	0012 0027 0096
портативность	0079 0095
портативный	0051
портить	0013 0067
портовый	0002 0033
португалия	0067
портфель	0006 0018 0072 0076
портфолио	0067
поругаться	0013
поручить	0076 0086
порция	0009
порядковый	0045 0050 0075
порядок	0004 0010 0013 0015 0017 0025 0034 0036 0038 0043 0044 0045 0047 0049 0050 0051 0052 0055 0060 0064 0071 0076 0079 0084 0090 0093
посвятить	0015 0026 0027 0028 0031 0040 0045 0067 0095
посев	0083
посекундный	0051
посетитель	0050 0089
посетить	0055
посещение	0010
посимвольный	0057
посинение	0071
поскольку	0010 0011 0019 0022 0023 0025 0032 0034 0036 0040 0041 0042 0045 0047 0050 0051 0055 0057 0074 0075 0076 0079 0081 0083 0085 0086 0088 0092 0094 0096 0097
послание	0090
послать	0005 0013 0095
последний	0001 0002 0003 0005 0006 0008 0010 0015 0017 0018 0019 0020 0021 0022 0025 0027 0033 0034 0038 0040 0041 0044 0049 0050 0051 0052 0053 0055 0056 0057 0058 0060 0061 0062 0067 0069 0071 0076 0078 0079 0080 0083 0084 0085 0089 0092 0093 0095 0097 0099 0100
последовательно	0016 0036 0040 0044 0050 0063 0075 0081 0084
последовательность	0007 0022 0036 0047 0049 0050 0051 0052 0057 0059 0067 0068 0093 0098
последовательный	0050 0051 0076 0088 0096
последовать	0055
последствие	0010 0034 0038 0041 0042 0050 0051 0061 0068 0075 0076
последующий	0004 0010 0016 0022 0040 0049 0050 0051 0053 0061 0067 0075 0079 0093 0095 0097 0100
послесловие	0067
послужить	0067 0072 0076
послушать	0013
послушно	0095
послушный	0018
посмотреть	0007 0008 0009 0011 0013 0015 0020 0025 0027 0030 0032 0034 0036 0037 0038 0043 0044 0045 0046 0049 0053 0055 0059 0061 0062 0063 0064 0065 0067 0071 0073 0080 0081 0083 0084 0085 0086 0092 0095 0097 0098
пособие	0003 0067 0095
посоветовать	0042 0088
посоветоваться	0086
посох	0039
поспорить	0001 0088
посредник	0011 0032 0051 0066
посредством	0016 0043 0045 0050 0051 0075 0093 0094
пост	0006 0012 0036 0067 0073 0076 0085 0089
поставить	0002 0005 0013 0015 0018 0023 0027 0033 0039 0045 0052 0057 0064 0076 0088 0092 0093 0100
поставка	0018 0035 0042 0047 0068 0076
поставлять	0013 0061
поставляться	0058 0070
поставщик	0012 0018 0047 0051 0055 0061
постановка	0001 0015 0042 0067
постараться	0010 0021 0037 0049 0052 0060 0067 0071 0092 0093 0095
постепенно	0021 0022 0035 0036 0045 0047 0061 0062 0067 0071 0076 0089 0095
постепенный	0015 0045 0076
постижение	0088
постмортема	0099
посторонний	0027
постоянно	0005 0015 0020 0035 0040 0047 0051 0054 0067 0083 0085 0086 0087 0089
постоянный	0001 0002 0005 0010 0012 0013 0015 0033 0041 0042 0047 0050 0051 0053 0056 0059 0061 0064 0068 0079 0081 0083 0086 0095 0096 0099 0100
пострадать	0051
построение	0006 0015 0023 0035 0042 0043 0045 0050 0051 0061 0063 0072 0079 0082 0084 0087 0093 0097
построить	0005 0011 0015 0018 0032 0035 0038 0045 0046 0051 0062 0063 0066 0071 0076 0079 0082 0084 0085 0087 0095 0097
построчно	0040 0052 0071 0079
поступать	0014 0016 0051 0063 0075 0093
поступить	0015 0016 0051 0071
поступление	0003
поступок	0076 0086
постучаться	0015
посчитать	0002 0003 0006 0018 0033 0057 0060 0071 0076 0082 0097
посыл	0026
посылать	0076
пот	0086
потемнение	0086
потенциал	0006 0015 0068 0083 0089 0094
потенциально	0018 0036 0051 0057 0076 0094
потенциальный	0010 0012 0016 0018 0022 0035 0050 0051 0059 0062 0068 0075 0086 0089
потерпеть	0027 0086
потеря	0002 0003 0006 0008 0010 0017 0021 0033 0036 0048 0050 0051 0057 0069 0071 0083 0085 0093
потерянный	0099
потерять	0003 0006 0008 0010 0013 0015 0018 0037 0051 0052 0073 0083
потестить	0039
потихонечку	0027
потихоньку	0082
поток	0001 0002 0003 0004 0005 0006 0007 0008 0009 0010 0011 0012 0013 0014 0015 0016 0017 0018 0019 0020 0021 0022 0023 0024 0025 0026 0027 0028 0029 0030 0031 0032 0033 0034 0035 0036 0037 0038 0039 0040 0041 0042 0043 0044 0045 0046 0047 0048 0049 0050 0051 0052 0053 0054 0055 0056 0057 0058 0059 0060 0061 0062 0063 0064 0065 0066 0067 0068 0069 0070 0071 0072 0073 0074 0075 0076 0077 0078 0079 0080 0081 0082 0083 0084 0085 0086 0087 0088 0089 0090 0091 0092 0093 0094 0095 0096 0097 0098 0099 0100
потокобезопасность	0050
потокобезопасный	0037 0040 0050
потоковый	0050 0051 0083 0088
потолок	0052 0099
потомок	0036 0050 0076
потратить	0005 0008 0010 0013 0015 0021 0034 0048 0051 0053 0067 0077 0083 0090 0091
потребитель	0089 0096
потребительский	0010 0076 0086
потребление	0005 0008 0023 0036 0045 0050 0060 0061 0090
потреблять	0002 0005 0023 0033 0046 0047 0050 0051 0092
потребность	0005 0042 0045 0046 0047 0050 0051 0054 0079 0080 0086 0094 0095
потребовать	0005 0038 0041 0042 0047 0061 0062 0083
потребоваться	0008 0015 0025 0045 0047 0051 0052 0053 0061 0063 0067 0071 0076 0090 0095
потренироваться	0067
потрогать	0035
потрясать	0093
потрясающе	0093
потрясение	0015
потрясти	0015
потусоваться	0027
потянуть	0034
поупражняться	0067
поучаствовать	0057
поучать	0086
пофантазировать	0046
похитить	0017
походить	0086
похоже	0009 0027 0045 0051 0055 0060 0061 0076 0082 0083 0085 0086
похожесть	0071
похожий	0001 0002 0003 0004 0005 0006 0007 0008 0009 0010 0011 0012 0013 0015 0016 0017 0018 0020 0021 0022 0023 0025 0026 0027 0028 0030 0031 0032 0033 0034 0035 0036 0037 0038 0039 0040 0041 0042 0043 0044 0045 0046 0047 0048 0049 0050 0051 0052 0053 0054 0055 0056 0057 0058 0059 0060 0061 0062 0063 0064 0065 0066 0067 0068 0069 0070 0071 0072 0073 0074 0075 0076 0077 0078 0079 0080 0081 0082 0083 0084 0085 0086 0087 0088 0089 0090 0091 0092 0093 0094 0095 0096 0097 0098 0099 0100
похороны	0090
почва	0054 0076 0090
почему	0001 0002 0003 0005 0006 0007 0009 0010 0015 0017 0018 0020 0021 0022 0023 0027 0030 0033 0036 0040 0042 0044 0047 0048 0049 0050 0051 0052 0054 0055 0059 0060 0061 0062 0065 0071 0074 0079 0082 0083 0085 0086 0088 0089 0095 0096 0099
почерк	0002 0033
почерпнуть	0071
почивать	0061
почистить	0011 0032
почитать	0009 0034 0051 0071 0095
почта	0002 0012 0014 0026 0033 0051 0074 0075 0076
почтатех	0026
почтение	0027
почтовый	0010 0012 0079
почувствовать	0015 0063 0071 0086
почёсывание	0076
пошагово	0035 0059
пошаговый	0056 0076 0089
пошатнуться	0013
пошить	0075
пощадить	0045
пощупать	0045 0060 0063
поэкспериментировать	0010 0036 0085
поэтапно	0043 0061
поэтапный	0045
поэтому	0005 0006 0010 0011 0013 0015 0018 0021 0022 0032 0034 0036 0037 0038 0039 0040 0041 0044 0045 0049 0050 0051 0052 0053 0055 0057 0060 0061 0062 0064 0065 0066 0067 0071 0075 0076 0077 0079 0082 0083 0084 0086 0089 0090 0091 0092 0093 0095 0097 0098 0100
появиться	0004 0006 0013 0015 0027 0034 0035 0045 0047 0055 0059 0061 0063 0067 0070 0071 0076 0083 0088 0095 0100
появление	0006 0015 0018 0027 0040 0042 0047 0055 0061 0072 0081 0083 0089 0092 0095 0096
появляться	0001 0015 0027 0028 0031 0035 0036 0051 0059 0061 0063 0064 0067 0074 0076 0079 0083 0086 0088 0090 0092 0098
пояс	0047 0050 0099
пояснение	0011 0032 0036 0056 0071 0074 0080 0097
пояснить	0003 0027 0067
пр	0067 0075
пра	0095
правда	0011 0015 0018 0032 0034 0039 0045 0046 0051 0052 0063 0067 0071 0076 0085 0088 0095 0099
правдоподобно	0036
правдоподобный	0018 0036 0076 0083
правило	0001 0004 0009 0010 0015 0018 0021 0022 0036 0038 0042 0044 0045 0046 0049 0050 0051 0052 0055 0060 0062 0067 0068 0072 0075 0076 0082 0084 0085 0089 0092 0093 0095 0099
правильно	0001 0004 0005 0010 0013 0015 0025 0026 0027 0035 0037 0041 0045 0046 0050 0052 0055 0056 0057 0074 0076 0083 0089 0091 0099
правильность	0015 0084
правильный	0001 0003 0015 0016 0017 0027 0030 0035 0036 0037 0039 0041 0045 0050 0051 0052 0054 0055 0057 0058 0059 0064 0067 0075 0076 0079 0082 0085 0086 0087 0089 0093 0095
правитель	0076
правительственный	0076
правительство	0003 0004 0010 0015 0076
править	0001 0009
правка	0015 0021 0047 0095
право	0001 0003 0004 0005 0006 0010 0016 0021 0026 0039 0041 0048 0051 0055 0060 0063 0065 0068 0076 0079 0086 0087 0088 0091 0095
правовой	0003 0068
правый	0001 0015 0027 0037 0041 0042 0052 0071 0093
прагматизм	0005 0070
прагматичный	0005
праздник	0003
практик	0067
практика	0002 0005 0009 0015 0018 0022 0026 0027 0033 0035 0037 0039 0040 0042 0045 0047 0049 0050 0051 0052 0053 0055 0057 0059 0061 0062 0063 0067 0069 0071 0072 0075 0079 0089 0090 0091 0092 0093 0094 0095 0096 0100
практиковать	0009 0010
практикум	0001 0002 0003 0004 0005 0006 0007 0008 0009 0010 0011 0012 0013 0014 0015 0016 0017 0018 0019 0020 0021 0022 0023 0024 0025 0026 0027 0028 0029 0030 0031 0032 0033 0034 0035 0036 0037 0038 0039 0040 0041 0042 0043 0044 0045 0046 0047 0048 0049 0050 0051 0052 0053 0054 0055 0056 0057 0058 0059 0060 0061 0062 0063 0064 0065 0066 0067 0068 0069 0070 0071 0072 0073 0074 0075 0076 0077 0078 0079 0080 0081 0082 0083 0084 0085 0086 0087 0088 0089 0090 0091 0092 0093 0094 0095 0096 0097 0098 0099 0100
практически	0015 0022 0044 0045 0049 0055 0061 0062 0063 0065 0067 0070 0074 0076 0082 0083 0089 0095 0096
практический	0001 0003 0011 0017 0027 0032 0035 0048 0049 0050 0053 0055 0059 0067 0070 0074 0075 0079 0087 0089 0091 0093 0095 0097
практично	0037
практичность	0011 0032
практичный	0011 0032 0083
пратта	0029
превзойти	0006
превосходить	0011 0015 0032 0087 0090
превосходство	0011 0032 0090
превосходящий	0015
превратить	0013 0030 0038 0041 0048 0049 0050 0051 0052 0086 0089 0090
превратиться	0001 0005 0015 0034 0039 0049 0053 0062 0071 0076 0083 0086 0090
превращать	0002 0018 0021 0033 0048 0052 0061 0076
превращаться	0001 0009 0021 0022 0036 0061 0076 0089
превращение	0020 0022 0036 0048 0089
превысить	0017
превышать	0003 0004 0005 0009 0022 0034 0045 0046 0051 0075 0081
превышение	0003 0005
превью	0030 0047 0055
предательский	0076
предать	0016
предварительно	0009 0038 0051 0053 0064 0091
предварительный	0002 0011 0032 0033 0041 0051 0055 0061 0067 0074 0080 0085 0089 0093 0097
предвещать	0094
предвзятость	0068 0083
предвзятый	0083
предвидение	0089
предел	0003 0005 0011 0015 0021 0022 0027 0032 0038 0044 0045 0050 0051 0057 0060 0065 0067 0072 0076 0081 0094 0095 0096
предельно	0045 0052 0069 0090
предельный	0022
предиктивной	0018 0089
предиктивный	0018 0089
предисловие	0067
предлагать	0002 0005 0010 0011 0013 0018 0027 0032 0033 0036 0038 0042 0047 0049 0050 0053 0055 0059 0063 0067 0068 0070 0076 0079 0086 0088 0090 0091 0092 0094 0095
предлагаться	0038 0055
предложение	0011 0015 0025 0027 0032 0042 0051 0061 0071 0076 0086 0088 0089 0090 0095
предложить	0003 0011 0013 0030 0032 0034 0042 0050 0055 0067 0073 0086 0089 0090 0093 0100
предложный	0089
предмет	0010 0016 0023 0049 0051 0062 0067 0075 0083
предметный	0005 0034 0051 0053 0071 0075 0089
предназначение	0095
предназначить	0015 0016 0026 0035 0037 0038 0040 0041 0050 0051 0061 0065 0067 0083 0085
преднастроить	0008 0048 0061
предобучение	0034
предобученный	0008 0036
предок	0071
предоплата	0008
предоставить	0004 0008 0010 0016 0023 0025 0027 0039 0041 0042 0043 0050 0051 0055 0058 0070 0075 0076 0084 0086 0095
предоставление	0004 0006 0010 0026 0042 0047 0050 0051 0055 0070 0075 0076 0098
предоставлять	0004 0012 0016 0018 0025 0035 0037 0043 0045 0046 0047 0050 0051 0054 0055 0061 0063 0064 0068 0070 0072 0074 0079 0084 0086 0087 0089 0093 0095 0096
предоставляться	0010 0075
предостережение	0067
предосторожность	0051
предотвратить	0039 0041 0042 0051 0076
предотвращать	0016 0036 0050 0051
предотвращение	0042 0050 0051 0056 0068
предполагать	0001 0010 0015 0022 0023 0041 0042 0050 0051 0075 0081 0085
предполагаться	0011 0026 0032 0034 0073
предположение	0011 0032 0075 0083
предположим	0027 0057 0075 0085
предположительно	0089
предположить	0026 0037 0056 0057 0088
предпоследний	0053
предпочесть	0051 0084
предпочитать	0005 0012 0049 0061 0076 0084 0099
предпочтение	0009 0030 0040 0046 0051 0070 0083 0085
предпочтительно	0084 0089
предпочтительный	0047 0050 0051 0069 0070 0084
предприниматель	0003 0013
предпринимательский	0010
предпринимать	0012 0023 0090
предприниматься	0088
предпринять	0010 0012 0015 0034 0075
предприятие	0006 0012 0047 0083 0088
предпрод	0035
предрассудок	0083
предсказание	0015 0018 0036 0068 0071 0075 0076 0082 0085 0093 0094
предсказатель	0076
предсказательный	0086
предсказать	0015 0036 0060 0071 0072 0076 0085 0093 0097
предсказуемость	0050 0070
предсказуемый	0003 0008 0009 0015 0040 0041 0047 0050 0051 0061 0076 0085 0087
предсказывать	0018 0036 0068 0071 0075 0076 0082 0085 0093
представимый	0042 0043 0046 0049 0079 0082 0085 0092 0093
представитель	0015 0019 0022 0035 0070 0076 0092 0096
представить	0011 0012 0015 0016 0018 0021 0028 0031 0032 0034 0037 0038 0039 0040 0041 0042 0045 0048 0049 0050 0052 0054 0057 0061 0063 0064 0065 0072 0076 0078 0079 0083 0084 0085 0093 0095
представление	0005 0010 0011 0022 0032 0036 0038 0039 0040 0041 0042 0045 0046 0050 0051 0054 0055 0057 0063 0071 0079 0088 0093 0094 0098 0100
представлять	0017 0018 0025 0034 0036 0039 0042 0045 0047 0048 0049 0050 0051 0058 0061 0063 0064 0065 0067 0068 0071 0072 0075 0076 0079 0082 0083 0084 0085 0086 0088 0093 0094 0097 0098
представляться	0050 0084
предстоять	0027 0034 0045 0075 0083 0085 0089 0092 0099
предубеждение	0083
предупредить	0026 0076 0086
предупреждать	0005 0015 0025
предупреждение	0009 0025 0042 0048 0055 0059 0061 0077
предусматривать	0075
предусмотреть	0010 0015 0068 0092
предустановленный	0038 0070 0095
предшественник	0075
предшествовать	0004
предъявлять	0047
предыдущий	0002 0004 0006 0015 0024 0025 0027 0033 0034 0035 0036 0038 0040 0042 0043 0044 0045 0047 0049 0050 0051 0055 0056 0061 0063 0064 0067 0068 0071 0073 0076 0079 0081 0084 0085 0088 0089 0093 0095
предыстория	0012 0095
прежде	0003 0010 0034 0035 0036 0040 0041 0043 0045 0051 0052 0053 0060 0061 0063 0067 0070 0072 0076 0079 0085 0086 0088
прежний	0005 0018 0025 0027 0051 0055 0059 0061 0076 0077 0083 0089 0092 0100
презентация	0002 0020 0028 0031 0033 0067 0089
презенташка	0027
презентовать	0045
президент	0024 0076
преимущественно	0002 0005 0033 0074
преимущество	0001 0002 0005 0011 0015 0018 0032 0033 0035 0037 0040 0042 0045 0046 0047 0049 0050 0051 0055 0062 0068 0070 0074 0075 0076 0082 0086 0087 0089 0092 0095 0097
прекрасно	0001 0026 0027 0036 0059 0083 0093
прекрасный	0030
прекратить	0010
прекратиться	0052
прекращать	0051
прекращаться	0008
прелесть	0026 0096
прелюдия	0025
премиальный	0002 0011 0013 0032 0033
премиум	0002 0033 0087
премия	0003 0015 0016 0018 0082
пренебрегать	0035
пренебрежительно	0015
пренебречь	0043
преобразить	0035
преобразование	0015 0025 0036 0040 0049 0050 0051 0052 0061 0075 0085 0089 0090 0093
преобразовать	0002 0033 0036 0040 0049 0050 0051 0052 0071 0072 0075 0076 0089 0093 0098
преобразоваться	0051
преобразовывать	0043 0051 0053 0061 0093
преобразовываться	0093
преодолевать	0022 0094
преодоление	0094
преодолеть	0035 0042 0067 0068 0089 0094
препарат	0075 0094 0097
препод	0072
преподавание	0004 0067 0083
преподаватель	0002 0033 0067 0083
преподавать	0027
преподносить	0093
препятствие	0015 0042 0089
препятствовать	0018
прервать	0037 0050
прерваться	0008
пререндеренный	0045
прерывание	0008 0037 0050 0051 0084
прерывать	0052
прерываться	0076
преследовать	0038 0070
пресс	0024
престарелый	0076
престижный	0027
преступление	0003
преступный	0076
претендовать	0026 0051 0075 0077 0088
претензия	0018
преувеличение	0015
преувеличивать	0001 0015
преувеличить	0005 0086
преуменьшение	0015
преуспевать	0083
преференция	0004
префикс	0041 0044 0050 0055
прецедент	0075
прибавить	0052
прибавлять	0093
прибавляться	0053
прибегать	0021 0071
приближать	0053
приближаться	0015 0022 0076 0087
приближение	0011 0032 0034 0067 0076 0093 0094
приближённо	0093
приблизительно	0027
приблизительный	0046 0067 0089
приблизить	0039 0095
приблизиться	0089
прибыль	0003 0004 0034 0035 0075 0086
прибыльный	0076
приватность	0002 0033 0068 0070 0074
приватный	0016 0017 0044 0045 0050 0051 0054 0091
приведение	0005 0025 0050 0052 0057
приверженность	0070
привести	0012 0015 0016 0019 0021 0023 0024 0025 0026 0027 0034 0036 0038 0039 0041 0044 0045 0047 0050 0051 0055 0057 0058 0063 0064 0065 0067 0068 0069 0071 0079 0083 0085 0086 0088 0089 0090 0093 0096 0097 0098 0099
привет	0020 0030 0037 0039 0044 0047 0052 0056 0065 0066 0068 0071 0080 0084 0093 0100
приветственный	0038
приветствие	0051
приветствовать	0086
приветствоваться	0055 0070 0077
привилегия	0012 0041 0051 0063 0065 0079 0100
привлекательно	0088
привлекательный	0042 0070 0086 0089
привлекать	0003 0004 0034 0036 0039 0054 0076 0083
привлекаться	0003
привлечение	0019 0034
привлечь	0006 0010 0027
привнесение	0094
привносить	0089
привод	0051
приводить	0007 0018 0021 0022 0023 0036 0042 0045 0050 0051 0052 0055 0057 0069 0070 0082 0086 0094 0095
приводиться	0036 0044 0088
привозить	0076
привратник	0051
привыкание	0002 0033
привыкать	0015
привыкнуть	0005 0015 0039 0060 0067 0070 0089
привычка	0015 0019 0020 0023 0067
привычно	0001 0095
привычный	0009 0011 0018 0030 0032 0039 0043 0045 0069 0088 0092
привязать	0027 0044 0061
привязка	0005 0050 0075 0091
привязывать	0004 0038
привязываться	0045 0050
пригласительный	0067
приглашать	0039 0067
приглашаться	0027
приглашение	0006 0010 0039 0067
приглушить	0086
приглядеться	0057
приговор	0006
пригодиться	0039 0043 0044 0045 0051 0052 0067
приготовить	0037 0086
приготовиться	0067
приготовление	0009 0082 0086
придание	0036
придать	0090
придерживаться	0005 0042 0050 0051 0055 0062 0070 0083
придумать	0011 0013 0018 0027 0030 0032 0039 0057 0071 0086 0089 0095 0096
придумывание	0011 0032
придумывать	0036 0098
приезжать	0013
приемлемый	0005 0010 0071 0087
приехать	0086
прижиться	0005
призвать	0011 0022 0032 0076 0083 0094 0095
призма	0003
признаваться	0027
признак	0003 0006 0015 0018 0034 0050 0068 0072 0075 0076 0080 0084 0085 0096
признаковый	0075
признание	0010 0058 0086
признательный	0051 0069
признать	0001 0017 0061 0076 0090
призовой	0067
призрак	0003 0005 0076
призывать	0014
прийти	0003 0005 0010 0016 0027 0034 0039 0043 0050 0053 0055 0057 0062 0065 0067 0071 0075 0076 0085 0093
прийтись	0003 0004 0005 0010 0011 0013 0021 0024 0026 0027 0032 0035 0038 0039 0040 0045 0046 0050 0051 0053 0062 0067 0071 0077 0089 0091 0092 0095 0099 0100
приказ	0076
прикасаться	0026 0076
прикидка	0067
прикинуть	0010 0046 0057
прикипать	0023
прикладной	0018 0042 0045 0051 0052 0067
приключение	0039 0067
прикол	0036 0082
прикольный	0027
прикрепить	0013 0095
прикрепляться	0038
прикрутить	0066
прикрытие	0049
прилететь	0092
прилив	0023 0076 0090
приливный	0076
прилично	0005 0027
приличный	0045 0053 0067 0086
приложение	0002 0003 0005 0009 0010 0014 0015 0016 0028 0031 0033 0035 0037 0038 0039 0040 0041 0042 0043 0045 0046 0047 0048 0049 0050 0051 0054 0059 0060 0061 0062 0063 0064 0065 0066 0067 0068 0069 0070 0072 0073 0074 0076 0077 0079 0084 0086 0088 0089 0091 0095 0098 0099 0100
приложить	0004 0039 0067 0088
прим	0095
приманка	0067 0076
применение	0004 0005 0013 0015 0018 0030 0034 0035 0036 0040 0042 0050 0051 0063 0064 0067 0068 0075 0076 0080 0083 0089 0092 0094 0097
применимость	0075
применимый	0018 0021 0036 0050 0055 0059 0080 0082
применительно	0051 0075
применить	0011 0032 0037 0041 0050 0051 0057 0059 0061 0064 0068 0071 0084 0089 0097
применять	0004 0012 0019 0028 0031 0036 0038 0041 0043 0045 0050 0051 0054 0057 0061 0068 0069 0076 0088 0089 0093
применяться	0004 0018 0028 0031 0050 0051 0055 0063 0068 0075 0080 0089 0097 0098
пример	0001 0003 0005 0007 0012 0013 0015 0018 0022 0027 0030 0034 0035 0036 0037 0038 0039 0040 0042 0043 0044 0045 0046 0047 0048 0049 0050 0051 0052 0054 0055 0056 0057 0058 0059 0060 0063 0065 0067 0068 0069 0071 0072 0073 0075 0079 0080 0082 0083 0084 0085 0086 0087 0088 0089 0090 0091 0093 0095 0096 0097 0098 0099
примерно	0003 0010 0011 0012 0015 0021 0022 0027 0032 0036 0039 0049 0050 0053 0056 0057 0059 0067 0071 0075 0076 0083 0088 0093 0095
примерный	0005 0021 0049 0050 0067
примерочный	0086
примерять	0086
примесь	0022
примечание	0016 0025 0041 0055 0063 0082 0093
примечательный	0063
примирить	0057
примитив	0040 0050 0061
примитивный	0009 0039 0040 0050 0066 0071 0083
примонтировать	0045
примыкать	0067
принадлежать	0004 0050 0067 0089 0096 0097 0098
принадлежащий	0050 0081
принести	0005 0015 0019 0034 0046 0047 0055 0061 0094
принимать	0004 0010 0011 0013 0015 0016 0026 0027 0032 0036 0038 0044 0045 0049 0050 0051 0052 0057 0059 0061 0065 0068 0071 0072 0076 0080 0083 0084 0085 0086 0089 0093 0094 0095 0098
приниматься	0068 0075 0086
приносить	0018 0023 0047 0086 0089 0093 0096
принта	0086
принтер	0013
принудительно	0050 0052 0060 0069 0071
принудительный	0025 0050 0051 0059 0069
принцип	0011 0012 0027 0032 0035 0039 0040 0042 0050 0052 0057 0060 0061 0062 0067 0068 0069 0070 0071 0074 0075 0079 0082 0088 0089 0091 0093 0094 0095 0096
принципиально	0013 0050 0082 0094
принципиальный	0082 0086
принятие	0007 0009 0015 0018 0044 0048 0051 0068 0070 0075 0083 0086 0089 0094 0098
принять	0003 0005 0007 0015 0016 0027 0034 0039 0061 0068 0071 0082 0084 0086 0089 0096 0099
приняться	0053
приобрести	0061 0088
приобретать	0068
приобретение	0053 0076 0083
приобщение	0083
приоритет	0013 0024 0050 0051 0062 0076 0080 0087 0088 0090
приоритетный	0039 0051
приоритизация	0051
приостанавливать	0050
приостановить	0010 0019 0051
приостановка	0051
припарковать	0027
приписать	0018
приправа	0086
припрятать	0076
приравнять	0003
природа	0006 0050 0082 0090 0094 0096
природный	0039
прирождённый	0076
прирост	0024 0046
присваивание	0036 0037 0052 0057 0067
присваивать	0036 0050 0051 0069 0097 0098
присваиваться	0021 0036 0042 0097
присвоение	0018 0021 0097 0098 0099
присвоить	0016 0038 0050 0052 0079 0081 0097
прислать	0006 0013 0016 0027 0067
прислушиваться	0067
присматривать	0071
присмотр	0076
присмотреться	0093
присоединение	0041 0051 0056
присоединить	0041
присоединиться	0017 0024 0056
присоединять	0056
присоединяться	0036 0053 0076
приспособить	0011 0032
приспособленец	0060
приспустить	0045
пристав	0003
пристально	0076
приступать	0056 0071
приступить	0010 0038 0041 0067 0085
присутствие	0015 0027 0050 0068 0076
присутствовать	0035 0038 0040 0044 0050 0051 0067 0075 0088 0089
присущий	0036
присылать	0003 0067
притвориться	0076
притворяться	0076
приток	0006
приучиться	0015
приход	0027 0088
приходить	0010 0013 0015 0026 0035 0047 0051 0057 0067 0075 0076 0086 0093 0096
приходиться	0003 0006 0010 0013 0024 0035 0046 0047 0049 0051 0053 0055 0062 0088 0092 0093 0095
приходящий	0075
прихоть	0045
прицел	0046
причастность	0086
причастный	0014 0027
причина	0006 0007 0015 0017 0018 0021 0022 0023 0027 0030 0039 0041 0042 0045 0048 0049 0050 0051 0055 0059 0063 0067 0071 0074 0075 0076 0082 0083 0086 0087 0095 0096
причинение	0050
причинный	0023 0068
причислять	0093
причём	0001 0003 0004 0006 0009 0027 0030 0034 0035 0045 0051 0075 0091
причёска	0086
пришлёпывать	0096
приятельский	0011 0032
приятно	0039 0054 0067
приятный	0002 0004 0021 0033 0034 0039 0041 0057
приём	0023 0048 0051 0053 0057 0067 0083 0086 0088
приёмник	0051
проактивный	0089
проанализировать	0023 0027 0060 0075
проба	0045 0063 0071 0093
пробегать	0050 0071
пробежать	0053 0090
пробел	0005 0010 0038 0050 0052 0057 0059 0060 0067 0084 0090
пробивать	0021
пробиваться	0020
пробирование	0049
проблема	0002 0003 0005 0006 0007 0009 0011 0012 0013 0015 0016 0017 0018 0021 0023 0025 0026 0027 0030 0032 0033 0036 0037 0038 0039 0041 0042 0045 0046 0047 0048 0049 0050 0051 0052 0055 0056 0059 0061 0062 0065 0067 0068 0070 0071 0075 0076 0077 0079 0082 0083 0086 0087 0089 0090 0094 0095 0099 0100
проблематичный	0050
проблемный	0095
пробный	0049
пробовать	0013 0015 0020 0048 0057 0071 0092 0096 0097
пробрасывать	0038 0059 0063 0069
проброс	0059 0063 0069
пробросить	0059 0069
пробудить	0092
пробуждать	0030
провайдер	0006 0008 0011 0032 0039 0045 0051 0059 0064 0074 0095
провал	0005 0013 0034 0053 0076
провалидированный	0043
провалидировать	0084
провалить	0007
провалиться	0005 0010 0013 0067 0089
проведение	0004 0012 0015 0016 0038 0042 0046 0076
проверить	0002 0003 0005 0008 0010 0011 0012 0017 0018 0025 0030 0032 0033 0038 0039 0040 0041 0045 0048 0049 0050 0051 0052 0055 0056 0057 0058 0059 0060 0063 0064 0069 0070 0073 0076 0079 0080 0081 0086 0087 0094 0095 0098 0099 0100
проверка	0003 0004 0005 0007 0010 0011 0012 0015 0016 0017 0018 0021 0025 0032 0035 0038 0040 0041 0042 0043 0048 0049 0050 0051 0052 0056 0057 0058 0059 0062 0063 0064 0067 0075 0081 0083 0084 0087 0095 0100
провернуть	0027
проверочный	0057
проверять	0001 0003 0004 0008 0010 0013 0016 0017 0018 0021 0026 0037 0038 0039 0043 0044 0045 0047 0048 0049 0050 0051 0052 0056 0059 0060 0061 0073 0076 0083 0087 0091 0092 0099 0100
проверяться	0004 0009 0017 0040 0044 0051 0084
провести	0007 0012 0013 0016 0021 0035 0042 0043 0047 0050 0054 0055 0060 0062 0075 0076 0079 0086 0087 0088 0090 0100
провизия	0095
провод	0027 0076
проводить	0004 0005 0009 0010 0013 0015 0021 0027 0036 0038 0039 0047 0060 0062 0063 0075 0076 0083 0084 0086 0089 0092
проводиться	0004 0009 0016 0039 0063
проводник	0007
проводы	0027 0042
провокационный	0088
прогиб	0076
прогнать	0067 0100
прогноз	0001 0009 0015 0018 0026 0034 0036 0068 0072 0075 0076 0083 0089 0094 0097
прогнозирование	0018 0068 0072 0075 0076 0086 0089 0097
прогнозировать	0018 0035 0076 0089 0097
проговаривать	0026
проголосовать	0008 0009 0026 0036
прогон	0035 0076
прогонять	0036 0071
программа	0001 0002 0003 0004 0005 0006 0007 0008 0009 0010 0011 0012 0013 0014 0015 0016 0017 0018 0019 0020 0021 0022 0023 0024 0025 0026 0027 0028 0029 0030 0031 0032 0033 0034 0035 0036 0037 0038 0039 0040 0041 0042 0043 0044 0045 0046 0047 0048 0049 0050 0051 0052 0053 0054 0055 0056 0057 0058 0059 0060 0061 0062 0063 0064 0065 0066 0067 0068 0069 0070 0071 0072 0073 0074 0075 0076 0077 0078 0079 0080 0081 0082 0083 0084 0085 0086 0087 0088 0089 0090 0091 0092 0093 0094 0095 0096 0097 0098 0099 0100
программирование	0002 0008 0015 0021 0025 0027 0033 0037 0040 0042 0043 0045 0048 0050 0051 0052 0053 0054 0055 0057 0061 0066 0067 0068 0070 0076 0082 0085 0087 0089 0092 0093 0098
программировать	0067 0089
программист	0001 0002 0015 0018 0033 0034 0042 0044 0049 0050 0052 0053 0054 0060 0061 0067 0071 0075 0076 0092
программно	0008 0051
программный	0013 0015 0025 0035 0041 0042 0047 0050 0051 0053 0054 0059 0064 0065 0067 0070 0075 0076 0079 0086 0088 0092 0093 0094 0095
прогрев	0008
прогресс	0008 0015 0068 0071 0076 0082 0089 0094 0095
прогрессивный	0003
прогулка	0086
прогуляться	0063
прод	0035 0091 0099
продавать	0003 0006 0007 0013 0034 0035 0072
продаваться	0002 0007 0033
продавец	0013 0034
продажа	0002 0003 0007 0013 0018 0033 0034 0035 0089
продажник	0027
продаксить	0005 0035 0036 0061 0094 0095
продакт	0027
продакшен	0005 0008 0057 0061 0069 0077 0095 0099
продакшн	0035 0039 0045 0061 0067
продакшний	0045
продакшный	0035 0039 0045
продасспорт	0039
продать	0034 0089
продвигать	0011 0032 0042 0070
продвигаться	0010 0015 0076
продвижение	0011 0032 0042 0053 0076 0089
продвинуть	0005 0007 0048 0051 0061 0067 0069 0071 0078 0083 0087 0091 0092 0093 0094
продвинуться	0074
проделать	0066 0093 0095
продемонстрировать	0015 0016 0038 0095
проджект	0035
продиктовать	0090
продление	0089
продлить	0002 0033
продлиться	0015
продовой	0099
продолжать	0003 0009 0012 0013 0015 0022 0025 0026 0027 0036 0039 0041 0042 0043 0045 0048 0050 0051 0052 0059 0061 0067 0068 0069 0076 0082 0083 0086 0095
продолжаться	0022 0075 0081
продолжение	0011 0032 0034 0036 0050 0061 0074 0091 0092
продолжительность	0015 0051
продолжительный	0095
продолжить	0015 0027 0041 0042 0044 0045 0050 0051 0052 0061 0063 0066 0067 0071 0076 0082 0084 0085 0092 0095 0100
продолжиться	0001
продсап	0039
продсапорт	0039
продсаппорт	0039
продукт	0001 0005 0006 0007 0008 0012 0013 0015 0018 0027 0028 0030 0031 0035 0043 0047 0051 0053 0054 0061 0062 0068 0072 0074 0076 0079 0082 0086 0089 0090 0092 0100
продуктивность	0009 0023
продуктивный	0002 0033 0035 0069 0089
продуктовый	0062 0076
продукция	0042 0096
продумать	0007 0049 0086
продюсер	0007
продя	0001 0005 0061 0062
проезд	0053
проезжать	0076 0093
проект	0001 0002 0003 0004 0005 0006 0007 0008 0009 0010 0011 0012 0013 0014 0015 0016 0017 0018 0019 0020 0021 0022 0023 0024 0025 0026 0027 0028 0029 0030 0031 0032 0033 0034 0035 0036 0037 0038 0039 0040 0041 0042 0043 0044 0045 0046 0047 0048 0049 0050 0051 0052 0053 0054 0055 0056 0057 0058 0059 0060 0061 0062 0063 0064 0065 0066 0067 0068 0069 0070 0071 0072 0073 0074 0075 0076 0077 0078 0079 0080 0081 0082 0083 0084 0085 0086 0087 0088 0089 0090 0091 0092 0093 0094 0095 0096 0097 0098 0099 0100
проектирование	0001 0005 0016 0038 0042 0043 0045 0050 0067 0099
проектировать	0001
проектный	0005 0013 0039 0062
проектор	0002 0033
проекция	0036
проесть	0076
проецирование	0036
проецироваться	0036
проживание	0010
прожить	0061
прозвучать	0001 0076
прозрачность	0010 0046 0068 0083 0094
прозрачный	0003 0016 0041 0047 0061 0066 0096
проиграть	0057 0076
проигрывать	0011 0032 0076
произведение	0036 0051 0085
произвести	0009 0013 0038 0057 0063 0079 0088 0093 0095
производитель	0002 0013 0016 0033 0051 0066 0070 0092
производительность	0002 0005 0008 0025 0029 0033 0040 0041 0042 0046 0047 0049 0050 0051 0060 0061 0062 0068 0070 0074 0076 0079 0082 0083 0087 0090 0094 0097 0099
производительный	0046 0050 0061
производить	0034 0036 0038 0040 0043 0045 0049 0050 0075 0076 0093 0095 0097
производиться	0013 0037 0038 0050 0056
производная	0050 0070 0085
производный	0036 0050 0051 0053 0067 0070 0071 0085
производственный	0035 0036 0042 0051 0061 0068 0076
производство	0006 0008 0013 0042 0068 0076
произвольно	0085
произвольный	0038 0045 0053 0079 0082 0093
произнести	0039 0076 0086
произносить	0019 0076
произойти	0005 0006 0010 0012 0014 0015 0017 0027 0034 0036 0039 0040 0045 0049 0050 0051 0052 0059 0062 0065 0076 0081 0082 0083 0085 0089 0092 0093 0094 0095 0099
проиллюстрировать	0012
проиндексировать	0051
проинициализировать	0050
проистекать	0089
происходить	0001 0005 0006 0009 0015 0017 0021 0022 0027 0034 0035 0036 0037 0039 0040 0042 0044 0045 0047 0048 0049 0050 0051 0052 0055 0056 0059 0060 0061 0062 0065 0067 0074 0076 0077 0081 0082 0083 0084 0085 0088 0092 0093 0095 0096 0097
происхождение	0022 0045
пройти	0001 0002 0004 0010 0015 0017 0018 0020 0027 0030 0033 0035 0041 0043 0049 0050 0053 0057 0061 0062 0065 0067 0071 0075 0076 0078 0079 0082 0084 0092 0095 0100
пройтись	0036 0049 0098 0099 0100
прокатить	0071
прокатывать	0027
прокачать	0090
прокладывать	0076
проклятый	0045
проконсультировать	0010
проконсультироваться	0067
прокрустов	0057
прокрутка	0002 0033
прокручивание	0086
прокручивать	0030 0076
проксим	0022
проксить	0016 0038 0042 0050 0051 0059 0064 0088 0100
прокуратура	0003
пролежать	0021
проливать	0055
пролистать	0088
пролить	0012
промахнуться	0052
промежуток	0015 0051
промежуточный	0001 0005 0008 0045 0050 0051 0061 0087 0093
промокод	0043
промпт	0001 0008 0011 0018 0032 0036 0067 0083 0087
промптаха	0008
промптом	0036
промышленность	0068 0076 0083
промышленный	0006 0034 0035 0036 0045 0047 0067 0076 0083 0092
проникать	0013 0022 0054 0076
проникновение	0070
проникнуть	0016 0067
проникнуться	0061
проницаемый	0022
пронумеровать	0049
проп	0018
пропаганда	0076 0083
пропасть	0040 0045 0053
пропекание	0091
пропинговать	0065
прописанный	0056
прописать	0003 0041 0045 0072
прописывать	0071 0096
прописываться	0063
проповедовать	0086
пропорционально	0090
проприетарный	0005 0008 0018 0045 0070 0074 0088 0091
пропуск	0017 0029 0052 0069
пропускание	0008
пропускать	0023 0051 0052 0056 0071 0099
пропускаться	0085
пропускной	0037 0051
пропустить	0003 0010 0011 0018 0026 0032 0053 0057 0067 0069 0080 0082 0085 0090 0095 0099
прорабатывать	0035
проработать	0010 0052 0062
проработка	0035 0061
прорезать	0045
прорешать	0067
прорыв	0034 0053 0071 0087 0089 0094
прорываться	0076
просадка	0018
просаживаться	0034
просачиваться	0076
просветитель	0022
просесть	0060
просидеть	0067
просить	0017 0027 0057 0058 0066
проситься	0026 0096
проскальзывание	0018
проскальзывать	0076
просканировать	0016 0100
проскочить	0034
проследить	0016 0061
прослушать	0013
прослушивание	0019
прослушивать	0016 0051 0076
просматривать	0010 0012 0021 0051 0059 0076 0079 0098
просмотр	0002 0012 0021 0024 0026 0028 0030 0031 0033 0042 0044 0045 0051 0058 0061 0067 0069 0074 0079 0084 0098
просмотреть	0012 0044 0051 0058 0059 0067 0082
проснуться	0076
проспект	0034
проставить	0065 0071
проставлять	0062 0071
простаивать	0047
простейшее	0038 0041 0045 0063 0065 0067 0071 0072
простенький	0053 0071 0096
простираться	0022
простить	0027
просто	0001 0002 0003 0004 0005 0006 0007 0009 0010 0011 0013 0015 0018 0020 0021 0025 0026 0027 0030 0032 0033 0034 0035 0036 0037 0039 0042 0044 0045 0046 0047 0049 0050 0051 0052 0053 0055 0057 0058 0059 0060 0061 0062 0063 0064 0065 0066 0067 0071 0072 0074 0075 0076 0079 0081 0082 0083 0085 0086 0088 0089 0091 0092 0093 0094 0095 0096 0097 0099 0100
простой	0001 0002 0003 0005 0007 0008 0009 0010 0011 0013 0015 0016 0018 0020 0021 0022 0023 0025 0026 0027 0030 0032 0033 0034 0035 0036 0037 0038 0039 0040 0041 0042 0043 0044 0045 0046 0047 0048 0049 0050 0051 0052 0053 0054 0055 0056 0057 0059 0060 0061 0062 0063 0064 0065 0066 0067 0068 0070 0071 0072 0073 0075 0076 0077 0079 0081 0082 0083 0084 0085 0086 0087 0088 0089 0090 0091 0092 0093 0094 0095 0096 0097 0098 0099 0100
простор	0067
простота	0012 0043 0045 0046 0050 0051 0054 0063 0070 0079 0085 0093 0095
пространственный	0050 0075
пространство	0002 0018 0033 0036 0041 0042 0045 0050 0051 0059 0060 0063 0064 0066 0067 0071 0075 0076 0079 0092 0095
прострелить	0076
просуществовать	0022
просчитать	0075
протекать	0022
протест	0014 0076
протестировать	0011 0025 0032 0035 0067 0076 0089
против	0002 0005 0008 0009 0012 0014 0019 0033 0034 0035 0060 0086 0099
противник	0076
противный	0050 0076 0083 0094
противодействовать	0012
противоположность	0051
противоположный	0046 0050 0051 0061
противопоставление	0005
противоправный	0019
противоречивый	0051 0053 0067 0083 0088
противоречие	0076
противоречить	0050
противостоять	0051
протирать	0034
протокол	0013 0017 0045 0048 0051 0088 0096
протоколировать	0013
прототип	0013 0050
прототипирование	0061 0087
протуберанец	0022
протухлый	0027
протяжение	0022 0061 0072 0082 0083 0093 0095
протянуть	0076
проф	0067
профес	0093
профессионал	0002 0006 0015 0018 0033 0045 0088 0089 0097
профессионализм	0027
профессиональный	0002 0006 0019 0021 0033 0039 0053 0067 0086 0088
профессия	0002 0015 0027 0033 0039 0042 0054 0075 0083
профессор	0027 0076 0086
профи	0003 0039 0052
профилировать	0061
профиль	0012 0017 0023 0027 0042 0059 0086
профильный	0004
проформа	0004
прохладный	0027
проход	0021 0036 0040 0049 0050 0085 0093
проходимость	0086
проходимый	0050
проходить	0001 0002 0003 0004 0017 0027 0033 0034 0036 0041 0047 0050 0051 0060 0061 0067 0068 0070 0075 0093
проходиться	0050
прохождение	0004 0035 0036 0051 0053 0067 0093 0095
процветать	0015
процедура	0004 0010 0012 0041 0051 0062 0064 0071 0075 0089 0090
процедурный	0050 0052
процент	0001 0003 0009 0013 0018 0034 0035 0045 0051 0067 0083 0087 0089
процентиль	0076
процентный	0075 0086
процесс	0003 0004 0005 0006 0008 0010 0011 0012 0013 0015 0016 0017 0018 0022 0023 0026 0027 0032 0034 0035 0036 0038 0039 0040 0041 0042 0043 0044 0045 0047 0048 0049 0050 0051 0052 0053 0054 0056 0059 0060 0061 0062 0063 0066 0067 0068 0069 0070 0071 0074 0075 0076 0078 0079 0081 0082 0083 0084 0085 0087 0088 0089 0090 0092 0093 0094 0095 0096 0097
процессор	0002 0008 0029 0033 0040 0051 0059 0063 0066 0074 0076 0081 0092
процессорный	0066 0092
прочее	0013 0027 0051 0055 0092 0093
прочесть	0039
прочий	0004 0025 0026 0027 0038 0041 0045 0057 0062 0092
прочитать	0005 0010 0013 0015 0018 0034 0050 0051 0052 0053 0060 0064 0067 0071 0076 0082 0085 0086 0090 0091 0095 0100
прочить	0027 0091
прочность	0002 0033
прочный	0002 0033
прочтение	0001 0002 0003 0004 0005 0006 0007 0008 0009 0010 0011 0012 0013 0014 0015 0016 0017 0018 0019 0020 0021 0022 0023 0024 0025 0026 0027 0028 0029 0030 0031 0032 0033 0034 0035 0036 0037 0038 0039 0040 0041 0042 0043 0044 0045 0046 0047 0048 0049 0050 0051 0052 0053 0054 0055 0056 0057 0058 0059 0060 0061 0062 0063 0064 0065 0066 0067 0068 0069 0070 0071 0072 0073 0074 0075 0076 0077 0078 0079 0080 0081 0082 0083 0084 0085 0086 0087 0088 0089 0090 0091 0092 0093 0094 0095 0096 0097 0098 0099 0100
прочувствовать	0042
прошедшее	0024 0055 0075 0081
прошествие	0075
прошивка	0013 0076 0092
прошлогодний	0034
прошлое	0003 0022 0023 0034 0036 0071 0086
прошлый	0004 0010 0015 0018 0020 0043 0051 0055 0061 0062 0074 0083 0084 0095
прощать	0052
прощаться	0063
проэксплуатировать	0016
проявить	0027 0076 0083
проявиться	0023
проявление	0082
проявлять	0027
проявляться	0035 0051
прояснить	0076 0095
прри	0095
пружина	0002 0033
прунинга	0005
прыгать	0039
прыгнуть	0044
прям	0020 0027 0086
прямо	0001 0015 0016 0024 0027 0037 0045 0048 0050 0052 0060 0061 0063 0064 0066 0067 0074 0076 0084 0087 0091 0093 0100
прямой	0001 0003 0005 0016 0036 0044 0047 0048 0049 0050 0051 0060 0062 0067 0075 0076 0085 0092 0093 0099 0100
прямолинейность	0086
прямоугольник	0013 0050
прямоугольный	0075
пряник	0039
прятать	0045
прятаться	0076
псевдокод	0052
псевдоним	0052 0057 0088
псевдослучайный	0061
псевдотаблица	0051
псевдотерминал	0069
псевдоэлемент	0030
психика	0090
психоделик	0090
психология	0012 0024
птица	0086 0089
пу	0004
публика	0076
публикация	0001 0002 0003 0004 0005 0006 0007 0008 0009 0010 0011 0012 0013 0014 0015 0016 0017 0018 0019 0020 0021 0022 0023 0024 0025 0026 0027 0028 0029 0030 0031 0032 0033 0034 0035 0036 0037 0038 0039 0040 0041 0042 0043 0044 0045 0046 0047 0048 0049 0050 0051 0052 0053 0054 0055 0056 0057 0058 0059 0060 0061 0062 0063 0064 0065 0066 0067 0068 0069 0070 0071 0072 0073 0074 0075 0076 0077 0078 0079 0080 0081 0082 0083 0084 0085 0086 0087 0088 0089 0090 0091 0092 0093 0094 0095 0096 0097 0098 0099 0100
публикета	0096
публиковать	0005 0021 0061 0069 0095
публиковаться	0086
публично	0001 0015 0051 0095
публичный	0006 0008 0012 0016 0018 0044 0050 0051 0054 0076 0084 0087 0091 0095
пугать	0076
пугаться	0083
пугающе	0001 0036 0076
пузырь	0006 0034
пузырёк	0050
пузыть	0034
пул	0017 0022 0037 0038 0044 0046 0048 0050 0060 0070
пулемёт	0076
пулинга	0099
пуллить	0045
пульс	0075
пульсация	0022
пульсировать	0022 0039
пункт	0004 0008 0015 0018 0027 0038 0041 0051 0057 0063 0065 0079 0086
пунктик	0027
пуск	0052
пускать	0060
пустить	0027 0056 0073 0088
пустой	0016 0040 0048 0049 0050 0051 0052 0059 0073 0076 0080 0084 0090 0095 0099
пустота	0053
пустышка	0005 0076
пусть	0003 0005 0034 0036 0042 0057 0060 0066 0085
путан	0053
путаница	0025 0041 0050 0051 0076
путать	0018 0052 0060 0092
путаться	0082
путеводитель	0079
путевой	0003
путешествие	0076 0095
путин	0076
путь	0005 0007 0010 0013 0015 0016 0018 0022 0025 0027 0029 0030 0036 0038 0039 0042 0043 0044 0045 0049 0050 0051 0053 0056 0058 0059 0061 0062 0063 0065 0067 0069 0076 0077 0078 0080 0084 0086 0088 0092 0093 0095 0096 0097 0098 0100
путём	0010 0016 0035 0042 0050 0051 0056 0075 0081 0085 0094 0098 0100
пух	0076
пушить	0045
пушка	0030
пчела	0023
пшеница	0086
пылесос	0034
пылесосить	0027
пыль	0022 0039
пытаться	0005 0009 0011 0012 0015 0018 0021 0026 0027 0032 0036 0040 0045 0046 0050 0051 0052 0053 0059 0060 0071 0076 0082 0083 0084 0097
пытка	0054
пятецким	0089
пятилетний	0015
пятиминутка	0047
пятнадцать	0018
пятница	0090
пять	0001 0011 0015 0018 0032 0039 0042 0045 0047 0050 0053 0057 0061 0086 0089 0090 0095 0096 0099
пятьсот	0004
раб	0051 0074
работа	0001 0002 0003 0005 0006 0008 0009 0010 0011 0012 0013 0014 0015 0017 0018 0019 0020 0021 0023 0024 0025 0026 0027 0030 0032 0033 0034 0035 0036 0037 0038 0039 0040 0041 0042 0043 0044 0045 0046 0047 0048 0049 0050 0051 0052 0053 0054 0057 0059 0060 0061 0062 0063 0064 0065 0066 0067 0068 0069 0070 0071 0072 0074 0076 0079 0080 0083 0084 0086 0087 0088 0089 0090 0092 0093 0094 0095 0096 0098 0099 0100
работать	0001 0002 0003 0005 0008 0009 0010 0011 0013 0015 0016 0017 0018 0020 0021 0025 0026 0027 0030 0032 0033 0034 0035 0036 0037 0038 0039 0040 0041 0042 0044 0045 0046 0047 0049 0050 0051 0052 0053 0054 0055 0056 0057 0059 0060 0061 0062 0063 0064 0065 0066 0067 0068 0069 0070 0071 0072 0073 0074 0075 0076 0077 0079 0080 0082 0083 0084 0085 0086 0087 0088 0089 0090 0091 0092 0093 0095 0096 0098 0099 0100
работаться	0009
работник	0002 0003 0004 0015 0033 0076
работодатель	0003 0053 0075
работоспособность	0023 0038 0042 0050 0051 0059 0064 0079 0084 0092 0095
работоспособный	0051
рабочий	0001 0002 0003 0005 0008 0012 0013 0015 0016 0020 0025 0030 0033 0035 0041 0042 0045 0047 0049 0051 0052 0053 0055 0057 0059 0061 0063 0064 0066 0067 0069 0070 0074 0076 0077 0079 0083 0084 0086 0088 0089 0091 0092 0095 0097 0098 0100
равенство	0050 0060 0064
равно	0006 0010 0013 0015 0016 0021 0023 0044 0046 0050 0052 0061 0067 0071 0076 0084 0085 0098
равновесие	0022 0090
равномерно	0049
равный	0003 0036 0038 0041 0044 0050 0052 0057 0060 0071 0081 0085 0093 0097
рад	0017 0059 0061 0074 0095 0098
рада	0025 0086
ради	0006 0034 0035 0036 0045 0060 0088 0090 0093 0099
радикально	0034 0076
радикальный	0015
радиоведущий	0019
радиоприёмник	0051 0076
радиостанция	0019
радиус	0009 0022 0098
радоваться	0004
радость	0043 0076
раз	0001 0003 0004 0005 0006 0008 0009 0013 0024 0027 0034 0036 0043 0045 0046 0053 0057 0067 0076 0080 0082 0086 0087 0090 0093 0095
разархивировать	0055 0084
разбалансировать	0034
разбивать	0087 0095
разбиваться	0008 0036 0051
разбивка	0013 0080
разбиение	0089
разбирать	0030 0036 0037 0067
разбираться	0005 0010 0013 0015 0027 0037 0040 0042 0045 0053 0067 0088 0093 0099
разбитый	0040 0050 0051 0067 0075 0084
разбить	0001 0009 0038 0050 0071 0085 0089 0092
разбиться	0005
разблокирование	0050
разблокировать	0050 0076
разбор	0003 0012 0017 0042 0050 0052 0056 0060 0067 0069 0090
разброс	0005
разбросать	0005 0076
разведка	0012 0016 0075 0076 0100
разведочный	0076
разведывательный	0076
развенчать	0083
развернуть	0010 0013 0035 0039 0042 0045 0047 0051 0063 0064 0065 0076 0088 0095
развернуться	0039
развертыванияпрограммный	0042
разветвление	0051
разветвляться	0036
развеять	0046 0049 0076
развивать	0006 0009 0013 0042 0061 0074
развиваться	0006 0010 0015 0020 0022 0027 0035 0042 0061 0063 0076 0087 0094
развивающийся	0022 0061 0086 0089
развилка	0043
развитие	0003 0004 0006 0010 0013 0015 0022 0023 0024 0035 0042 0046 0047 0061 0062 0063 0068 0071 0072 0075 0076 0079 0083 0088 0089 0094
развитой	0005
развить	0061 0062
развиться	0006 0072 0090
развлекательный	0024 0068 0089
развлечение	0024 0068 0076 0090
разворачивание	0041 0045 0062
разворачивать	0010 0013 0035 0042 0045 0047 0064 0091
разворачиваться	0047 0063
разворот	0052
развязка	0026
развёртывание	0010 0015 0030 0035 0036 0041 0042 0045 0047 0051 0059 0062 0063 0064 0065 0069 0074 0076 0079 0087 0089 0095
развёртывать	0051 0076
развёртываться	0065
разгадка	0060
разглядеть	0006
разглядывание	0086
разглядывать	0076
разгневать	0076
разговаривать	0067 0086
разговор	0003 0013 0030 0042 0061 0071 0072 0076 0079 0086 0090 0093
разговорный	0036
разграничить	0050
разгребание	0027
разгребать	0027
разгром	0046
раздавить	0076
раздача	0091
раздел	0001 0002 0003 0004 0005 0006 0007 0008 0009 0010 0011 0012 0013 0014 0015 0016 0017 0018 0019 0020 0021 0022 0023 0024 0025 0026 0027 0028 0029 0030 0031 0032 0033 0034 0035 0036 0037 0038 0039 0040 0041 0042 0043 0044 0045 0046 0047 0048 0049 0050 0051 0052 0053 0054 0055 0056 0057 0058 0059 0060 0061 0062 0063 0064 0065 0066 0067 0068 0069 0070 0071 0072 0073 0074 0075 0076 0077 0078 0079 0080 0081 0082 0083 0084 0085 0086 0087 0088 0089 0090 0091 0092 0093 0094 0095 0096 0097 0098 0099 0100
разделение	0005 0042 0050 0051 0075 0089 0097
разделитель	0036 0038 0057 0059 0084 0099
разделить	0013 0018 0023 0036 0038 0042 0043 0050 0051 0064 0067 0075 0079 0082 0084 0088 0095 0097
разделиться	0005
раздельный	0002 0005 0033 0097
разделять	0013 0030 0037 0039 0050 0061 0070 0075 0076 0084
разделяться	0036 0050 0072
раздражать	0086
раздражающий	0015 0030
раздробить	0074
раздувание	0009 0061
раздувать	0034
раздумывать	0027
раздутие	0027
раздутый	0027
разжатие	0057
разжать	0057
разжевать	0030
разжёвывать	0071
разлетаться	0076
различать	0018 0034 0042 0050
различаться	0044 0045 0051 0089
различение	0050
различие	0027 0036 0042 0045 0047 0050 0051 0055 0060 0070 0075 0079 0083 0088 0089 0092
различить	0072
различный	0010 0012 0016 0022 0025 0035 0039 0040 0041 0042 0043 0044 0046 0047 0050 0051 0054 0055 0057 0062 0063 0068 0070 0074 0075 0077 0079 0080 0081 0083 0086 0087 0088 0089 0092 0093 0098
разложение	0075
разложить	0008 0035 0038 0039 0041 0075
размазать	0043
размер	0002 0003 0005 0006 0008 0011 0013 0016 0022 0023 0030 0032 0033 0036 0040 0044 0045 0046 0049 0050 0051 0052 0057 0058 0059 0061 0064 0069 0070 0071 0075 0076 0079 0087 0089 0093 0097 0098
размерность	0025 0036 0050 0067 0071 0075 0087 0093
разместить	0012 0045 0058 0070 0076 0084 0095
разметить	0034 0071 0072 0089
разметка	0034 0071 0080 0089
размечтаться	0034
размещать	0010 0076 0079
размещаться	0040 0050
размещение	0008 0038 0051 0087
размываться	0009
размытый	0011 0032
размышление	0036 0076
размышлять	0076 0086
размягчиться	0086
разнесение	0013
разниться	0005
разница	0001 0002 0003 0009 0015 0023 0025 0033 0035 0037 0042 0046 0050 0051 0053 0055 0062 0071 0075 0076 0082 0084 0087 0089 0092 0093 0095 0098 0099
разновидность	0077
разногласие	0042
разнообразие	0011 0021 0032 0050 0051 0070
разнообразный	0018 0034 0036 0039 0063 0067 0082 0089
разнородный	0051
разность	0021 0093
разный	0001 0005 0011 0013 0016 0017 0021 0023 0026 0027 0030 0032 0034 0035 0036 0037 0040 0042 0043 0045 0047 0049 0050 0051 0052 0053 0055 0057 0059 0060 0061 0062 0063 0064 0066 0067 0070 0071 0072 0074 0075 0076 0077 0079 0082 0083 0084 0086 0087 0089 0090 0091 0092 0095 0096 0098 0099
разоблачение	0036
разобрать	0004 0005 0017 0022 0027 0030 0036 0037 0040 0043 0047 0049 0052 0059 0067 0087 0092 0093 0095 0098
разобраться	0001 0003 0011 0013 0016 0022 0027 0032 0036 0037 0042 0045 0046 0051 0052 0053 0056 0060 0061 0063 0066 0067 0071 0072 0074 0079 0080 0084 0085 0091 0092 0093 0095
разовый	0003 0013 0069 0095
разогнать	0034
разогнаться	0061
разогрев	0036 0046
разогреть	0036 0061
разом	0045
разослать	0067
разочарование	0005 0006 0018 0021
разочаровать	0011 0018 0032
разрабатывать	0004 0035 0047 0050 0051 0068 0070 0075 0076 0083 0084 0092 0095
разрабатываться	0051 0070 0075 0094
разработать	0013 0014 0015 0034 0042 0047 0050 0051 0062 0070 0076 0086 0089 0093 0098
разработка	0001 0002 0005 0009 0010 0015 0018 0027 0029 0030 0033 0034 0035 0038 0039 0040 0041 0042 0045 0046 0047 0048 0050 0051 0053 0054 0055 0061 0062 0064 0066 0067 0068 0069 0070 0074 0076 0082 0083 0088 0089 0093 0094 0095 0098
разработчик	0001 0002 0005 0009 0010 0011 0015 0018 0026 0027 0030 0032 0033 0035 0037 0039 0040 0041 0042 0043 0045 0046 0047 0048 0050 0051 0052 0053 0054 0055 0057 0059 0060 0061 0062 0063 0064 0067 0068 0069 0070 0071 0074 0076 0077 0079 0083 0084 0088 0091 0092 0095 0098
разрез	0023
разрезание	0008
разрешать	0042 0048
разрешение	0002 0005 0010 0016 0019 0033 0040 0042 0049 0051 0076
разрешительный	0051
разрешить	0011 0016 0019 0032 0045 0051 0052 0053 0086
разрозненный	0035 0038 0088 0089 0092
разруливать	0066
разрушать	0076
разрушаться	0076
разрушение	0076
разрушительно	0076
разрушительный	0051 0076
разрыв	0005 0015 0034 0081
разрывать	0071
разрываться	0084
разряд	0002 0033 0050
разрядка	0002 0033
разряжать	0002 0033
разряжаться	0002 0033
разум	0076 0082 0089 0090
разумеется	0018 0027 0061 0067 0071 0091 0096
разумный	0015 0018 0057 0071
разучиться	0090
разъярённый	0027
разъяснение	0074 0095
разъясняться	0088
разъём	0002 0033
разыменование	0098
разыменовать	0051
район	0022 0027 0075 0076
райя	0022
рак	0015 0075 0093
ракета	0001 0052 0076
рамка	0006 0013 0014 0015 0023 0035 0043 0045 0046 0047 0050 0051 0061 0062 0067 0068 0072 0075 0076 0083 0086 0092 0093 0095
ран	0003
ранг	0025
рандомизировать	0009
рандомный	0099
ранее	0003 0016 0022 0024 0025 0028 0031 0034 0035 0036 0039 0042 0045 0049 0053 0061 0062 0063 0069 0076 0080 0082 0083 0085 0086 0093 0095 0096 0097
ранжирование	0018 0089
ранжировать	0089
ранний	0001 0005 0012 0015 0017 0021 0022 0025 0027 0034 0035 0036 0039 0042 0044 0045 0047 0050 0062 0067 0076 0077 0083 0085 0087 0088 0089 0095
рано	0006 0015 0040 0067 0094
рантайм	0030 0041 0046 0061 0069 0091
раса	0076
раскалить	0022
раскатка	0035
раскатывать	0045
раскладка	0002 0033
раскладывать	0067
раскладываться	0075
раскодирование	0057
раскопка	0038
раскрутить	0007
раскручивать	0076
раскрывать	0004
раскрываться	0005
раскрытие	0004 0016 0050 0084 0086
раскрыть	0059 0068 0076 0092
раскусить	0034
распадаться	0076 0082
распаковать	0038 0055 0056 0098
распаковка	0055 0057 0061
распаковываться	0056 0084
распечатать	0058 0097
распил	0008
расписание	0035 0047 0086
расписывать	0026
расписываться	0026
расплывчатый	0089
распознавание	0034 0068 0071 0072 0075 0083 0087 0089 0094
распознаватель	0025 0034
распознавать	0034 0068 0071 0075 0082 0089
распознать	0013 0071 0075
располагать	0069
располагаться	0045 0063
расположение	0051 0054 0098
расположить	0022 0046 0050 0064 0080
распоряжение	0051 0075 0092
распределение	0009 0029 0035 0036 0038 0047 0050 0051 0062 0067 0075 0089
распределитель	0051
распределить	0036 0047 0051 0075 0076
распределиться	0005
распределять	0017 0039 0045 0047 0049 0051 0059 0064 0079
распределяться	0009 0022 0051
распределённый	0010 0038 0047 0051 0053 0061 0065 0075 0076 0099
распродажа	0006 0011 0020 0032 0034
распространение	0018 0036 0067 0068 0070 0071 0072 0076 0085 0086 0089 0093
распространить	0008 0022 0035 0036 0040 0042 0045 0050 0051 0068 0070 0076 0079 0083 0086 0095
распространиться	0034 0076
распространять	0036 0050 0051 0055 0061 0076 0095
распространяться	0015 0047 0051 0062 0076
распутывать	0012
распылить	0076
расселла	0022
рассеяние	0097
рассказ	0027 0067 0083 0086 0088
рассказать	0001 0003 0006 0014 0015 0022 0024 0027 0030 0038 0039 0045 0046 0047 0050 0054 0061 0065 0067 0076 0084 0086 0092 0093 0096 0100
рассказывать	0015 0027 0030 0045 0062 0063 0064 0071 0076 0084 0086
рассказываться	0044 0067 0088
расслабиться	0067 0086
расслабление	0086
расследование	0005 0012 0019 0083
расследовать	0012
рассматривать	0022 0025 0027 0045 0051 0067 0075 0076 0079 0088 0089 0093
рассматриваться	0037 0051 0067 0075
рассмотрение	0010 0069 0079
рассмотреть	0022 0035 0036 0037 0038 0040 0042 0044 0047 0050 0051 0055 0057 0061 0063 0067 0068 0071 0075 0079 0084 0085 0090 0092 0093 0095 0098
рассортировать	0045
расставить	0001
расставлять	0076
расстояние	0010 0015 0026 0051 0075 0076 0082
расстраиваться	0001 0004 0085
расстрел	0076
расстроить	0086
рассудительность	0015
рассуждать	0001 0076 0089
рассуждение	0071 0076 0082 0083 0087 0089 0094
рассчитать	0047 0053 0067 0071 0088 0092 0097
рассчитывать	0047 0076 0089
рассчитываться	0037 0044
рассылать	0067
рассылка	0035 0051 0055
растворимость	0097
растворяться	0076
растение	0054 0076
расти	0001 0005 0008 0018 0021 0022 0027 0034 0037 0039 0042 0043 0047 0049 0051 0052 0061 0067 0068 0076 0090 0095
растяжка	0086
растянуться	0010 0021 0034
расход	0003 0005 0009 0010 0015 0034 0037 0047 0050 0051 0053 0057 0060 0061 0068 0087 0092
расходование	0035
расходовать	0034 0076 0100
расходоваться	0010
расхождение	0062
расцвет	0034
расчёт	0002 0004 0005 0008 0010 0018 0021 0022 0033 0037 0061 0062 0067 0071 0075 0085 0087 0094
расчётный	0071
расшаренный	0095
расширение	0010 0011 0018 0032 0040 0041 0050 0051 0052 0055 0061 0062 0073 0074 0076 0083 0098
расширить	0004 0009 0011 0012 0025 0027 0029 0032 0050 0051 0052 0061 0070 0076 0083 0086 0087
расшириться	0075
расширяемость	0051
расширять	0001 0012 0035 0044 0050 0051 0060 0061 0068 0070 0076 0083
расширяться	0040 0075 0076
расшифровать	0012 0076 0087
расшифровка	0013 0056 0088
расшифровывать	0013 0051
расшифровываться	0036 0051
раунд	0027 0061
рахан	0011 0032
рахим	0095
рацион	0023
рационализация	0015
рационально	0084
рациональный	0006
рб	0011 0032
реагирование	0012 0042
реагировать	0039 0042 0047 0051 0064 0092
реактивный	0046 0089
реакция	0001 0005 0022 0076 0083 0086
реализация	0004 0005 0010 0018 0025 0036 0040 0042 0043 0044 0045 0046 0048 0049 0050 0051 0060 0061 0075 0076 0078 0079 0082 0087 0089 0091 0093 0098
реализовать	0005 0025 0035 0036 0038 0040 0044 0045 0047 0048 0049 0050 0051 0052 0053 0061 0063 0072 0076 0082 0085 0089 0093 0094 0098
реализоваться	0026 0044 0050 0061
реализовывать	0021 0025 0034 0039 0050 0051
реализовываться	0039
реалистичный	0076 0083
реалия	0007
реально	0001 0003 0004 0005 0009 0013 0015 0017 0018 0027 0039 0053 0059 0066 0067
реальность	0003 0005 0008 0015 0018 0021 0067 0076 0082 0083 0089 0094
реальный	0001 0002 0003 0005 0009 0011 0013 0015 0018 0030 0032 0033 0035 0036 0037 0043 0044 0045 0046 0047 0048 0050 0051 0053 0055 0059 0061 0062 0066 0067 0069 0071 0072 0074 0075 0076 0079 0082 0083 0085 0087 0089 0092 0094 0095 0097 0099
ребрендинг	0005
ребро	0010
ребята	0012 0013 0027 0039
ребёнок	0001 0003 0010 0013 0015 0027 0039 0053 0054 0076 0082 0083 0086
ревить	0001 0009 0035 0093
революционный	0027 0087
революция	0001 0005 0020 0034 0047 0072 0076 0083 0087 0094
ревьюер	0001
ревьюить	0001
регалия	0027
регион	0004 0022 0027 0040 0047 0095
региональный	0003 0004 0039 0047
регистр	0010 0050 0061 0084 0092 0095 0098
регистратор	0011 0032 0055
регистрация	0001 0002 0003 0004 0005 0006 0007 0008 0009 0010 0011 0012 0013 0014 0015 0016 0017 0018 0019 0020 0021 0022 0023 0024 0025 0026 0027 0028 0029 0030 0031 0032 0033 0034 0035 0036 0037 0038 0039 0040 0041 0042 0043 0044 0045 0046 0047 0048 0049 0050 0051 0052 0053 0054 0055 0056 0057 0058 0059 0060 0061 0062 0063 0064 0065 0066 0067 0068 0069 0070 0071 0072 0073 0074 0075 0076 0077 0078 0079 0080 0081 0082 0083 0084 0085 0086 0087 0088 0089 0090 0091 0092 0093 0094 0095 0096 0097 0098 0099 0100
регистрировать	0010 0051
регистрироваться	0016 0095
регламент	0026
регламентировать	0060 0063
регресс	0035
регрессионный	0021 0042 0075 0078 0097
регрессия	0009 0023 0067 0068 0071 0075 0078 0089 0097
регрессор	0097
регрессора	0097
регрессором	0097
регулирование	0068 0076 0089
регулировать	0002 0033 0068
регулироваться	0010
регулярно	0003 0010 0015 0027 0034 0067 0069
регулярный	0003 0005 0010 0029 0034 0047 0051 0061 0070 0083 0088
регулятор	0018 0035
регуляторный	0018
редактирование	0041 0063 0088
редактировать	0038 0063 0065 0079 0090
редактироваться	0077
редактор	0011 0032 0044 0045 0047 0052 0059 0069 0074 0075 0076 0087 0088 0095 0098
редакция	0025 0061
редис	0069
редкий	0005 0012 0036 0047 0049 0061 0075
редко	0005 0036 0047 0049 0050 0060 0067 0069 0083
редкость	0067
реестр	0003 0004 0010 0012 0035 0050 0051 0062 0079 0091
режим	0002 0005 0011 0012 0018 0028 0031 0032 0033 0034 0039 0045 0050 0052 0055 0060 0062 0065 0067 0069 0070 0074 0080 0086 0088 0092 0095 0096
резерв	0017 0051
резервирование	0008 0047 0051
резервный	0016 0051 0087 0092
резистор	0013
резкий	0001 0024 0047 0049 0051
резко	0022 0045 0047 0076
резонный	0065
результат	0001 0003 0004 0005 0006 0007 0008 0009 0011 0012 0015 0017 0018 0019 0021 0022 0025 0026 0027 0030 0032 0034 0035 0036 0037 0038 0041 0043 0044 0045 0046 0047 0048 0049 0050 0051 0052 0053 0055 0057 0058 0059 0060 0061 0065 0067 0068 0071 0072 0075 0076 0079 0082 0083 0085 0086 0087 0088 0089 0090 0092 0093 0094 0096 0097 0098 0100
результативный	0083
результатировать	0093
результирующий	0049
резюме	0027 0067 0074 0088 0090 0093
резюмировать	0019 0042 0072
реинвестировать	0076
рейс	0008 0089
рейтинг	0001 0002 0003 0004 0005 0006 0007 0008 0009 0010 0011 0012 0013 0014 0015 0016 0017 0018 0019 0020 0021 0022 0023 0024 0025 0026 0027 0028 0029 0030 0031 0032 0033 0034 0035 0036 0037 0038 0039 0040 0041 0042 0043 0044 0045 0046 0047 0048 0049 0050 0051 0052 0053 0054 0055 0056 0057 0058 0059 0060 0061 0062 0063 0064 0065 0066 0067 0068 0069 0070 0071 0072 0073 0074 0075 0076 0077 0078 0079 0080 0081 0082 0083 0084 0085 0086 0087 0088 0089 0090 0091 0092 0093 0094 0095 0096 0097 0098 0099 0100
река	0076
реквест	0045
реквизит	0095
реклама	0001 0002 0003 0004 0005 0006 0007 0008 0009 0010 0011 0012 0013 0014 0015 0016 0017 0018 0019 0020 0021 0022 0023 0024 0025 0026 0027 0028 0029 0030 0031 0032 0033 0034 0035 0036 0037 0038 0039 0040 0041 0042 0043 0044 0045 0046 0047 0048 0049 0050 0051 0052 0053 0054 0055 0056 0057 0058 0059 0060 0061 0062 0063 0064 0065 0066 0067 0068 0069 0070 0071 0072 0073 0074 0075 0076 0077 0078 0079 0080 0081 0082 0083 0084 0085 0086 0087 0088 0089 0090 0091 0092 0093 0094 0095 0096 0097 0098 0099 0100
рекламный	0001 0004 0005 0028 0031 0047 0075
рекомендательный	0068
рекомендация	0002 0007 0013 0017 0025 0027 0030 0033 0041 0042 0050 0055 0067 0083 0084 0086 0087 0089
рекомендовать	0002 0011 0026 0027 0032 0033 0034 0036 0053 0055 0063 0067 0070 0085 0086 0089 0092
рекомендоваться	0011 0032 0041 0050 0051 0052 0063 0067 0070 0074 0080 0084 0087 0092 0098
рекорд	0002 0013 0033 0052
рекордный	0002 0033 0034
рекрут	0076
рекрутер	0054
рекуррентный	0068 0071 0085
рекурсивный	0016 0029 0036 0040 0063
релевантность	0051 0087
релевантный	0011 0032 0039 0054 0061 0067 0087
релиз	0010 0015 0029 0030 0035 0038 0039 0045 0046 0050 0061 0062 0070 0076 0087 0095
релизный	0035 0039 0061
релизныть	0050
релоадит	0091
рельс	0007
реляционный	0050 0051 0098
ремарка	0039
ремикс	0051
ремонт	0003 0042
рендеринг	0002 0008 0033
рендерить	0002 0033
рендрать	0002 0033
рента	0076
реперный	0027
репетитор	0015
реплика	0038 0045 0051 0064
репликасет	0045
репликационный	0064
репликация	0005 0010 0038 0051 0064
репо	0091
репозиторий	0017 0021 0035 0038 0045 0046 0051 0054 0056 0062 0063 0064 0067 0069 0070 0076 0079 0080 0084 0087 0091 0092 0095 0098
репорт	0090
репортаж	0030
репортинг	0062
репортинговый	0035
репутационный	0013
реранжирование	0087
реранжировать	0087
респондент	0009
республика	0076
рестарт	0045 0091
рестартит	0045
рестартовать	0045
ресторан	0008 0013 0015 0065
ресурс	0005 0008 0012 0013 0017 0029 0035 0036 0037 0038 0040 0041 0042 0045 0046 0047 0050 0051 0056 0059 0061 0063 0064 0065 0067 0068 0070 0071 0076 0079 0081 0082 0088 0089 0091 0092 0095
ресурсозатратность	0075
ресурсозатратный	0079
ресурсоёмкий	0047
ресурсоёмкость	0050 0092
ретейлер	0018 0024
ретрая	0045
ретроспектива	0035 0061
рефакторинг	0009 0010 0017
рефлексивность	0050
рефлексия	0010 0061
реформа	0003
рецепт	0002 0008 0009 0030 0033 0076 0092
рецептор	0023 0090
рецессия	0034
речевой	0013 0019
речь	0006 0009 0013 0015 0034 0035 0047 0050 0051 0053 0067 0068 0071 0072 0075 0076 0083 0086 0087 0088 0089 0090 0092 0100
решать	0001 0002 0005 0015 0016 0018 0020 0030 0033 0034 0035 0036 0038 0039 0043 0045 0048 0049 0050 0051 0056 0059 0064 0066 0067 0068 0069 0071 0072 0075 0076 0082 0083 0086 0089 0092 0093
решаться	0039 0045 0050 0061 0062 0067 0077 0092
решающий	0006 0051 0067 0068 0083
решение	0001 0003 0005 0006 0007 0009 0011 0013 0014 0015 0018 0025 0026 0027 0029 0030 0032 0034 0035 0036 0037 0038 0039 0040 0042 0044 0045 0046 0047 0048 0049 0050 0051 0052 0057 0059 0061 0062 0067 0068 0070 0072 0073 0074 0075 0076 0077 0078 0079 0082 0083 0086 0087 0089 0091 0092 0093 0094 0095 0096 0097 0098 0099 0100
решить	0003 0005 0008 0009 0010 0011 0013 0015 0026 0027 0032 0035 0039 0040 0041 0045 0046 0047 0049 0050 0051 0053 0060 0061 0064 0065 0066 0067 0071 0075 0077 0079 0083 0086 0089 0092 0093 0095 0097 0100
решиться	0027 0067 0086
решётка	0016 0084
рик	0077
рис	0012 0067 0086
риск	0003 0005 0006 0008 0009 0010 0013 0017 0018 0023 0034 0035 0041 0042 0047 0050 0051 0053 0061 0062 0068 0075 0076 0079 0086 0089 0094 0099
риска	0003 0023
рискованный	0001 0007 0010
рисковать	0001 0003 0076
рисовать	0003 0013 0050 0071 0076
рисунок	0012 0022 0059 0063 0071 0075
ритейл	0005 0013
ритм	0061
риторический	0083
ритуал	0039
ричард	0090
рки	0009
ркн	0014
роадмап	0062
роадмэп	0004
роб	0098
роберт	0098
робот	0003 0015 0034 0068 0071 0076 0086
роботизированный	0008 0076 0090
робототехника	0068 0076 0089
ровно	0026 0027 0045 0059 0067 0092
род	0022 0035 0042 0051 0054 0057 0076 0082 0090 0091 0093
родимый	0091
родитель	0010 0076 0086 0099
родительский	0044 0050 0081 0084 0095
родиться	0039 0062 0082
родный	0023 0076 0080
родственный	0043 0097
родство	0003
роды	0003
рождать	0027
рождаться	0022 0082 0090
рождение	0003 0050 0061 0090
розетка	0002 0027 0033
розничный	0006 0015 0027 0083
рой	0039
ролбэк	0005
ролевый	0009
ролик	0002 0028 0031 0033
роль	0001 0006 0011 0015 0023 0027 0032 0035 0036 0038 0042 0045 0050 0051 0054 0065 0067 0068 0075 0083 0089 0094 0099
роман	0028 0031 0063 0089
романтик	0027
роскомнадзор	0014
роскошь	0092
российский	0004 0011 0014 0020 0027 0032 0035 0047 0061 0074 0076 0087 0089
россия	0002 0004 0006 0010 0011 0013 0014 0020 0026 0032 0033 0039 0053 0067 0076 0077
россиянин	0011 0032
росстат	0003
рост	0001 0005 0018 0024 0027 0034 0036 0042 0047 0049 0051 0054 0061 0070 0075 0076 0079 0083 0085 0089 0090 0095
роструд	0003
ротация	0062 0091
роутер	0016
роутинг	0045 0087
роутит	0045
роутить	0045
рсв	0003
руб	0003 0004 0011 0032
рубашка	0051 0075 0076
рубеж	0067 0099
рубикон	0090
рубильник	0062
рубль	0002 0003 0004 0011 0013 0032 0033 0046 0067
рубрика	0075
ругаться	0013
рука	0001 0002 0003 0007 0015 0027 0033 0039 0045 0047 0052 0053 0057 0067 0071 0076 0077 0083 0086 0088 0089 0092 0096
руководитель	0001 0027 0053 0064 0076 0089
руководить	0001 0048
руководство	0001 0003 0005 0025 0034 0035 0036 0041 0042 0048 0053 0055 0056 0067 0076 0083 0085 0088 0089 0092 0095 0096 0097
руководствоваться	0082
руководящий	0089
рукописный	0002 0033
рукопожатие	0051
рулевой	0064
рулить	0091
руль	0001
руслан	0019
русский	0011 0032 0036 0039 0044 0052 0053 0064 0067 0071 0087 0093
русскоязычный	0011 0025 0032 0067 0087
рустам	0061
рутина	0001 0007 0039 0052 0086
рутинный	0015 0018 0048 0068 0087 0100
рухнуть	0066
ручка	0013 0035 0085
ручной	0002 0005 0008 0033 0036 0039 0040 0042 0045 0048 0050 0052 0062 0087 0092 0095 0100
рф	0003 0004 0006 0008 0011 0014 0032 0077 0087
рыба	0086
рынок	0003 0005 0006 0010 0011 0013 0015 0018 0026 0027 0032 0034 0035 0039 0042 0047 0053 0054 0061 0068 0072 0074 0089
рыночный	0018 0034 0068 0075
рычаг	0036 0089
рюкзак	0013
рюмин	0013
рябь	0076
ряд	0004 0015 0016 0018 0039 0042 0045 0046 0050 0051 0062 0067 0071 0075
рядовой	0039
рядом	0001 0010 0011 0026 0032 0045 0057 0058 0061 0067 0076 0086 0093
рядышком	0071
сад	0076
садиться	0027
саентистый	0089
сайдкара	0091
сайентист	0005
саймон	0083
сайт	0001 0002 0003 0004 0005 0006 0007 0008 0009 0010 0011 0012 0013 0014 0015 0016 0017 0018 0019 0020 0021 0022 0023 0024 0025 0026 0027 0028 0029 0030 0031 0032 0033 0034 0035 0036 0037 0038 0039 0040 0041 0042 0043 0044 0045 0046 0047 0048 0049 0050 0051 0052 0053 0054 0055 0056 0057 0058 0059 0060 0061 0062 0063 0064 0065 0066 0067 0068 0069 0070 0071 0072 0073 0074 0075 0076 0077 0078 0079 0080 0081 0082 0083 0084 0085 0086 0087 0088 0089 0090 0091 0092 0093 0094 0095 0096 0097 0098 0099 0100
сайфан	0064
салат	0086
салуесть	0045
сам	0001 0003 0004 0005 0006 0009 0010 0011 0013 0015 0016 0018 0021 0022 0026 0027 0032 0035 0036 0038 0039 0040 0042 0043 0045 0046 0047 0049 0050 0051 0052 0053 0054 0055 0057 0060 0061 0062 0063 0065 0067 0071 0072 0075 0076 0079 0081 0082 0083 0084 0085 0086 0088 0089 0090 0091 0092 0093 0095 0096 0097
саммарь	0018
самовоспроизводящийся	0076
самовосстановление	0051
самодеятельность	0045
самозанятой	0003
самозанятость	0003
самозанятый	0003
самокоррекция	0087
самолёт	0013 0076
самолётик	0082
самообразование	0063
самообучать	0071
самообучающийся	0018 0067
самооптимизация	0061
самоподдержание	0047
самоподписать	0063
саморазвитие	0067
самосовершенствование	0076 0086
самосовершенствоваться	0083
самосовершенствующийся	0083
самосознание	0083
самостоятельно	0001 0010 0015 0021 0038 0047 0050 0051 0052 0053 0054 0063 0064 0067 0068 0086 0095
самостоятельный	0001 0016 0043 0050 0057 0063 0067 0068 0075 0083 0092
самоубийственный	0076
самоулучшение	0001
самуэль	0089
самый	0001 0002 0003 0004 0005 0006 0007 0009 0010 0011 0012 0013 0015 0016 0018 0020 0021 0022 0023 0025 0026 0027 0032 0033 0034 0035 0036 0037 0039 0040 0041 0042 0045 0046 0049 0050 0051 0052 0053 0054 0055 0056 0059 0060 0061 0063 0065 0066 0067 0068 0070 0071 0072 0075 0076 0077 0079 0083 0085 0086 0088 0089 0091 0092 0093 0094 0095 0096 0097
сан	0034 0076 0089
сандра	0086
сани	0004
санитарный	0003
санкционировать	0076
санкционный	0100
санкция	0002 0013 0033
сантех	0034
сантехник	0042
сарказм	0083
сатурн	0022
сафари	0027
сахар	0050
саша	0039
сбер	0008 0020
сбережение	0015
сбивать	0025
сбить	0076
сблизить	0042
сбой	0014 0016 0027 0035 0041 0042 0047 0048 0051 0052 0064 0071 0083 0092 0099
сбойный	0096
сбор	0012 0018 0021 0040 0051 0068 0072 0076 0089
сборка	0001 0013 0030 0035 0040 0042 0043 0045 0050 0051 0052 0055 0060 0061 0062 0063 0065 0066 0069 0070 0073 0076 0077 0079 0084 0087 0091 0092 0095 0098
сборник	0067
сборочный	0092
сборщик	0040 0050 0055 0061
сбрасывать	0022 0036
сбрасываться	0037
сбросить	0010 0012
сбываться	0034
сбыться	0005
сваливаться	0005
сванта	0076
сведение	0004 0012 0051 0075
свежесобранный	0045
свежесть	0070
свежий	0003 0005 0012 0023 0030 0046 0051 0059 0067 0070 0071 0076 0087 0090 0097
свекровь	0086
сверка	0062
свернуть	0007
сверточный	0067 0068 0071 0085
сверх	0003 0022 0023
сверхгигант	0022
сверхинтеллектуальный	0090
сверхлёгкий	0087
сверхновый	0022
сверхприбыль	0034
сверхразум	0039 0076 0094
сверхразумный	0076
сверхсекретный	0076
сверху	0003 0044 0067
сверхчеловеческий	0076
свершение	0035
свершиться	0005
сверять	0027 0060
сверяться	0051
свести	0018 0036 0051
свестись	0071
свет	0002 0006 0009 0012 0015 0022 0033 0039 0051 0055 0068 0071 0076
светило	0022
светимость	0022
светить	0022
светлый	0005 0027 0086
световой	0022
светский	0015
свидетельский	0003
свидетельство	0003 0009
свидетельствовать	0015 0018 0059 0083
свитер	0027
свобода	0030 0070 0074
свободно	0008 0061 0067
свободный	0010 0011 0017 0032 0034 0041 0042 0049 0050 0070 0074 0076 0081 0095 0096
свод	0062
сводить	0005 0075
сводиться	0023 0036 0055 0071
сводка	0051
своевременно	0051
своевременный	0038 0050 0051
своеобразный	0021
свой	0001 0002 0003 0004 0005 0006 0008 0010 0012 0013 0015 0016 0017 0018 0019 0020 0021 0022 0023 0025 0026 0027 0030 0033 0034 0035 0036 0037 0038 0039 0040 0041 0042 0043 0044 0045 0046 0047 0049 0050 0051 0053 0054 0055 0056 0057 0059 0061 0062 0063 0064 0065 0066 0067 0068 0069 0070 0071 0074 0075 0076 0078 0079 0080 0082 0083 0084 0086 0087 0088 0089 0090 0091 0092 0093 0094 0095 0096 0097 0098 0099 0100
свойство	0005 0009 0015 0022 0036 0049 0050 0064 0075 0083 0093 0096 0097
своп	0041
свопинг	0018
сворачиваться	0051
свыше	0004 0034
связанный	0003 0010 0012 0014 0016 0017 0035 0037 0039 0042 0043 0045 0049 0050 0051 0054 0062 0067 0068 0069 0072 0092 0094 0099
связать	0015 0022 0034 0035 0036 0037 0038 0039 0040 0042 0043 0050 0051 0055 0059 0061 0063 0065 0067 0068 0074 0075 0076 0082 0083 0084 0086 0088 0089 0092 0093 0094
связаться	0094
связка	0005 0006 0020 0086 0100
связность	0050
связный	0036 0090 0093
связывание	0040 0044 0050
связывать	0013 0023 0036 0050 0064
связываться	0045 0076
связь	0001 0003 0006 0007 0009 0015 0017 0018 0023 0027 0030 0035 0036 0038 0039 0041 0042 0050 0051 0053 0054 0055 0061 0064 0067 0068 0071 0076 0082 0085 0087 0089 0093 0094 0095 0099 0100
святой	0052
священный	0066
свёртка	0008
сгенерировать	0009 0011 0013 0021 0032 0036 0045 0050 0058 0076 0083 0086 0090 0095 0097
сгенерить	0027
сглаживать	0036 0086
сгорать	0022
сгруппировать	0051 0071
сдавать	0053
сдаваться	0052 0071 0076
сдать	0015 0039 0053
сдача	0082
сдвиг	0001 0044 0049 0050 0085 0094
сдвигать	0050 0061
сдвигаться	0050
сдвинуть	0049 0071 0085
сделать	0001 0003 0007 0010 0011 0013 0015 0016 0018 0020 0021 0025 0026 0027 0032 0034 0035 0036 0037 0038 0039 0041 0042 0045 0046 0047 0050 0051 0052 0053 0055 0056 0057 0060 0061 0062 0063 0065 0066 0067 0068 0069 0071 0072 0074 0076 0077 0079 0082 0083 0084 0085 0086 0089 0090 0093 0095 0096 0097 0100
сделка	0034 0050 0076
сдруживать	0042
сдувание	0034
сдувать	0045
сдуваться	0022
сеанс	0016 0036 0051
себастьян	0093
себя	0010 0015 0018 0034 0036 0039 0042 0045 0047 0049 0050 0051 0053 0057 0059 0061 0063 0064 0065 0067 0068 0071 0072 0075 0076 0079 0083 0084 0086 0088 0090 0093 0095 0097 0098
северный	0076 0079
североамериканский	0012
сегмент	0002 0006 0014 0018 0033 0051 0067 0089
сегментация	0089
сегментирование	0051
сегментировать	0091
сегодня	0003 0005 0007 0015 0018 0022 0027 0034 0036 0037 0051 0052 0055 0056 0060 0061 0068 0071 0076 0079 0083 0084 0088 0089 0093 0095 0097
сегодняшний	0051 0055 0060 0061 0095
седой	0091
сей	0001 0027 0037 0055 0061 0067 0076 0091
сейф	0008
сейчас	0039
секлик	0008
секрет	0007 0015 0040 0045 0049 0051 0060 0076 0084 0087 0091
секретный	0076 0084 0087 0091
сектор	0003 0006 0034 0070 0089 0092
секунда	0002 0005 0008 0015 0021 0030 0033 0036 0037 0045 0046 0048 0051 0052 0066 0084 0086 0087 0090
секция	0030 0050 0067 0091 0095
селектор	0030 0045 0059 0064
селф	0005
селфи	0086
сельский	0083
сельскохозяйственный	0076
семантика	0025 0050
семантический	0051 0061 0087
семафор	0050
семейный	0023 0024 0086
семейство	0018 0043 0050 0070 0075 0087 0096
семестр	0010 0053 0067
семь	0001 0015
семья	0003 0015 0039 0053 0075 0076 0086
сен	0026 0095 0096 0097 0100
сенатор	0076
сениор	0089
сенсационный	0009
сенсор	0054
сенсорный	0002 0033
сентябрь	0012 0017 0034 0044 0046 0055 0061 0076
сеньор	0027
сеньорный	0027
сеньёрность	0027
сео	0003
сепарация	0075
сервак	0027
сервер	0001 0008 0010 0012 0013 0016 0027 0035 0038 0039 0041 0042 0045 0046 0047 0048 0050 0051 0052 0056 0059 0061 0064 0065 0069 0070 0071 0073 0074 0076 0079 0084 0087 0088 0095 0096 0099 0100
серверный	0001 0013 0035 0042 0047 0050 0051 0070 0077 0080
сервис	0002 0005 0010 0011 0012 0014 0016 0021 0024 0026 0027 0032 0033 0034 0035 0038 0039 0041 0042 0043 0045 0046 0047 0048 0051 0053 0056 0059 0061 0062 0063 0064 0065 0067 0068 0069 0073 0074 0076 0079 0083 0087 0091 0095
сервисный	0002 0005 0033 0095
сервопривод	0092
сергей	0012 0040 0043 0053 0068
сердечно	0023
сердце	0023 0027 0041 0070 0076
серебристый	0013
середина	0017 0021 0022 0034 0045 0049 0050 0083 0084 0086 0095
серединный	0050
сериал	0030 0082
сериализация	0051 0061
сериализовать	0050 0051 0061
сериализоваться	0016
сериализуемость	0050
серия	0002 0016 0026 0033 0037 0055 0079 0088 0093
серо	0086
серот	0091
сертификат	0002 0008 0012 0033 0051 0053 0056 0063 0067 0087 0088 0091
сертификационный	0053
сертификация	0003 0053 0070
сертифицированный	0053
сертифицировать	0055
серый	0003 0034 0038 0076
серьёзно	0001 0003 0067
серьёзный	0015 0016 0023 0025 0027 0034 0037 0039 0045 0049 0050 0052 0063 0067 0068 0075 0076 0077 0090 0091 0096
сессия	0014 0041 0048 0051 0086 0096
сестра	0027
сесть	0001 0027
сетевой	0012 0014 0016 0041 0045 0046 0050 0051 0056 0059 0061 0063 0064 0065 0087 0088 0095 0096
сетевуха	0066
сеттер	0050
сеть	0002 0008 0012 0014 0017 0018 0021 0033 0034 0036 0038 0039 0041 0050 0051 0052 0054 0056 0059 0067 0068 0069 0070 0071 0072 0073 0074 0075 0076 0082 0083 0084 0085 0086 0087 0088 0092 0093 0094 0095 0096
сечь	0008 0087
сеять	0076
сжатие	0005 0008 0010 0057 0070 0075 0080 0087
сжатый	0057 0061 0066 0070
сжать	0057 0076
сжигание	0006 0022 0076
сжигать	0017 0022
сжимать	0010 0085
сзи	0008
си	0053 0061
сивченко	0022
сигмоид	0071
сигмоида	0071 0085
сигмоидный	0085
сигнал	0018 0039 0042 0051 0052 0075 0076 0084 0088
сигнализация	0008
сигнализировать	0094
сигнатура	0025 0044 0050 0058 0098
сигнатурный	0036
сидеть	0001 0005 0027 0034 0039 0060 0067 0071 0076
сие	0071
сила	0004 0023 0026 0039 0052 0062 0071 0076 0082 0086 0090 0095
силос	0009
сильно	0004 0005 0020 0021 0022 0027 0034 0043 0046 0051 0067 0071 0076 0083 0086 0088 0089 0091 0092 0095
сильный	0004 0005 0006 0009 0011 0013 0020 0021 0022 0027 0032 0036 0042 0070 0071 0072 0075 0076 0085 0089
символ	0011 0016 0017 0032 0036 0050 0052 0057 0084 0085 0098
символический	0034 0095
символичный	0006
символьный	0040 0050
симметричность	0050
симпатичный	0076
симптом	0075 0083 0087
симулировать	0079
симулятор	0076
симуляция	0076
синглтон	0060
сингулярность	0001 0076 0090
сингулярный	0075
синдром	0075
синий	0034 0084
синиор	0001
синоним	0011 0032 0037
синтаксис	0025 0045 0049 0050 0052 0054 0055 0061 0088 0091 0095 0098
синтаксически	0061
синтаксический	0016 0050 0088
синтез	0022
синтетический	0044 0076 0087 0089
синус	0071
синхронизация	0050 0051
синхронизировать	0005 0050 0062
синхронно	0034
сиолошный	0067
сироп	0013
сисадмин	0039 0063
система	0001 0002 0004 0005 0007 0008 0009 0012 0013 0015 0016 0018 0019 0020 0021 0022 0027 0030 0033 0034 0035 0036 0037 0038 0039 0040 0041 0042 0045 0046 0047 0048 0049 0050 0051 0052 0053 0054 0055 0056 0058 0059 0061 0062 0063 0064 0065 0066 0068 0069 0070 0072 0074 0075 0076 0079 0080 0081 0083 0084 0085 0086 0087 0088 0089 0090 0091 0092 0093 0094 0095 0096 0098 0099 0100
систематизация	0088 0092
систематизировать	0018 0019 0075 0088
систематически	0001
систематический	0045 0094
системно	0059
системный	0018 0025 0027 0029 0035 0036 0037 0039 0040 0042 0045 0047 0048 0050 0051 0052 0053 0059 0061 0063 0064 0066 0069 0073 0074 0079 0080 0087 0092 0095 0096 0098
ситуационный	0076
ситуация	0001 0003 0005 0006 0007 0008 0010 0015 0016 0025 0026 0027 0035 0039 0040 0043 0047 0049 0050 0051 0059 0060 0061 0062 0067 0068 0071 0072 0075 0076 0082 0083 0089 0095
сиюминутный	0027
сиять	0022
ск	0026
скажем	0027 0036 0047 0051 0055 0069 0092
сказанно	0056
сказать	0001 0006 0010 0014 0015 0019 0021 0026 0027 0034 0035 0039 0041 0045 0049 0050 0051 0053 0055 0063 0065 0067 0069 0071 0076 0079 0084 0086 0087 0088 0090 0092 0093
сказка	0034 0065 0071 0086
сказоно	0056
сказываться	0040
сказя	0096
скалистый	0022
скаляр	0036
скалярный	0036 0085
скан	0003
сканирование	0005 0035 0086 0099
сканировать	0005 0010 0051
скарлетта	0019
скармливать	0001 0071 0089
скачать	0012 0021 0026 0038 0045 0052 0056 0057 0059 0065 0067 0084 0092 0095 0097 0098
скачивание	0067 0079
скачивать	0021 0038 0079 0095
скачиваться	0065 0069 0077 0079
скачка	0015 0049
скачок	0015 0018 0061
сквозной	0035 0051
сквозь	0093
скейлить	0045
скепсис	0001
скептик	0076
скептицизм	0018 0083
скептически	0006 0076
скептический	0030
скидка	0001 0002 0003 0004 0005 0006 0007 0008 0009 0010 0011 0012 0013 0014 0015 0016 0017 0018 0019 0020 0021 0022 0023 0024 0025 0026 0027 0028 0029 0030 0031 0032 0033 0034 0035 0036 0037 0038 0039 0040 0041 0042 0043 0044 0045 0046 0047 0048 0049 0050 0051 0052 0053 0054 0055 0056 0057 0058 0059 0060 0061 0062 0063 0064 0065 0066 0067 0068 0069 0070 0071 0072 0073 0074 0075 0076 0077 0078 0079 0080 0081 0082 0083 0084 0085 0086 0087 0088 0089 0090 0091 0092 0093 0094 0095 0096 0097 0098 0099 0100
скилла	0001 0082
скиллов	0001 0042
скинуть	0006
склад	0008
складывание	0082
складывать	0013 0060 0082
складываться	0003 0022 0036 0071 0075 0088
склонировать	0095
склонить	0086
склонность	0094
склонный	0003 0009 0018 0076 0082 0083 0089 0094
склонять	0086
склоняться	0051
скобка	0035 0050 0052 0057 0084
сковать	0027 0043
сколь	0034 0065
скользящий	0036
сколько	0003 0008 0009 0013 0015 0023 0027 0037 0039 0045 0051 0052 0059 0060 0065 0066 0071 0077 0086 0089 0090 0092 0093 0094 0095 0096
скомкать	0039
скомпилировать	0017 0035 0040 0050 0055 0058 0066 0069 0093
скомпилироваться	0050
скомпрометировать	0010 0012 0017 0076
сконвертироваться	0089
сконфигурировать	0045 0084
сконцентрировать	0036 0067
сконцентрироваться	0023 0083
скончаться	0005
скопировать	0001 0012 0019 0040 0041 0049 0050 0052 0056 0060 0063 0066 0088 0090 0092 0095
скопление	0022
скорее	0004 0005 0013 0015 0016 0021 0022 0026 0027 0039 0043 0050 0052 0055 0057 0060 0061 0067 0069 0076 0082 0083 0086 0088 0089 0090 0092 0094 0095 0099 0100
скоринг	0018 0068 0075
скормить	0018
скоро	0027 0069 0076 0077 0095
скорость	0002 0005 0008 0009 0011 0012 0018 0026 0027 0032 0033 0034 0035 0036 0046 0047 0049 0050 0051 0052 0061 0070 0076 0085 0087 0088 0089 0091 0092 0093 0095 0099
скорректировать	0001 0036
скорый	0038
скотч	0001 0027
скрам	0035
скрестить	0041
скрижаль	0039
скрин	0077
скриншот	0003 0011 0021 0026 0032 0041 0064 0074 0088
скрипка	0013
скрипт	0012 0013 0029 0035 0036 0038 0039 0042 0045 0047 0052 0056 0060 0065 0069 0070 0071 0079 0080 0081 0084 0087 0088 0091 0092 0095 0099 0100
скриптовый	0061
скролл	0027 0030
скромный	0003 0027 0094
скрывать	0005 0038 0050 0052 0061 0093
скрываться	0049 0072 0076 0094
скрытие	0025 0028 0031 0051
скрытый	0002 0003 0008 0021 0033 0036 0037 0042 0050 0057 0071 0075 0076 0085 0089 0093 0100
скрыть	0050
скудный	0021 0076
скука	0090
скучно	0044
скучный	0009 0044 0086 0095
слабо	0005 0045 0050 0075 0076
слабоватый	0005
слабый	0002 0005 0008 0009 0012 0018 0033 0050 0070 0075 0076 0083 0089 0100
слава	0013
слагать	0022
сладкий	0086
сладкое	0086
слайд	0001 0067
слайс	0057
слать	0073
слева	0042
слегка	0009 0036 0041 0076
след	0053 0070 0086
следить	0001 0005 0015 0035 0039 0040 0042 0045 0049 0050 0056 0059 0061 0062 0067 0069 0076 0079 0083 0085 0095
следование	0087
следовательно	0011 0032 0036 0055 0081
следовать	0012 0015 0018 0022 0025 0035 0041 0043 0044 0050 0051 0059 0065 0067 0068 0072 0076 0079 0081 0083 0084 0086 0089 0090 0093 0095 0096 0097 0098
следом	0021 0060
следственный	0023 0068
следствие	0006 0036 0049 0051 0062 0067
следуемый	0036
следующий	0001 0003 0010 0012 0015 0018 0021 0025 0027 0035 0036 0037 0038 0039 0040 0041 0043 0044 0045 0048 0049 0050 0051 0052 0053 0055 0059 0060 0061 0062 0063 0064 0065 0067 0070 0071 0072 0075 0076 0077 0079 0080 0081 0084 0085 0088 0089 0091 0092 0093 0095 0096 0097 0098 0100
слежка	0015 0076
слепо	0027
слепой	0075
слепок	0008
слесарь	0039
слетать	0077
слива	0086
сливочный	0086
слить	0018
слиться	0026
слишком	0005 0006 0009 0010 0013 0015 0018 0023 0035 0037 0043 0045 0049 0051 0052 0053 0055 0060 0061 0065 0067 0071 0073 0076 0077 0083 0086 0089 0090 0092 0093 0095 0096
слияние	0018 0022 0034 0049 0050
словарный	0011 0032
словарь	0008 0036 0049 0052 0060 0072
словечко	0085
словно	0036 0076
слово	0003 0008 0011 0013 0015 0018 0019 0024 0025 0027 0032 0035 0036 0039 0040 0042 0045 0050 0051 0052 0055 0061 0064 0067 0071 0075 0076 0079 0083 0084 0085 0086 0088 0089 0090 0091 0093 0094 0095 0096 0098
сложение	0008 0036 0052 0060 0071 0093 0098
сложить	0049 0052
сложиться	0092 0096
сложно	0005 0010 0013 0021 0022 0042 0045 0047 0053 0061 0062 0067 0072 0083 0088 0089 0092 0095
сложноватый	0013 0078
сложность	0001 0002 0003 0004 0005 0006 0008 0009 0010 0011 0012 0013 0015 0017 0018 0020 0021 0023 0025 0026 0027 0030 0032 0033 0034 0035 0036 0037 0039 0041 0042 0043 0045 0046 0047 0048 0049 0050 0051 0052 0056 0057 0059 0060 0061 0063 0064 0065 0067 0068 0069 0070 0071 0072 0073 0074 0076 0077 0078 0080 0081 0082 0083 0084 0085 0086 0087 0088 0089 0090 0091 0092 0093 0094 0096 0099
сложный	0001 0003 0004 0005 0007 0009 0010 0011 0013 0015 0017 0018 0019 0021 0022 0027 0032 0037 0039 0040 0041 0042 0043 0045 0046 0047 0050 0051 0052 0053 0054 0057 0060 0061 0067 0068 0069 0071 0072 0075 0076 0078 0083 0084 0085 0086 0087 0088 0089 0091 0092 0093 0094 0095 0096 0098
слоить	0093
слой	0002 0005 0009 0022 0033 0035 0036 0042 0046 0050 0051 0061 0065 0069 0072 0074 0076 0079 0084 0085 0091 0092 0093
сломать	0005 0009 0044 0094
сломаться	0052 0057 0059 0060
сломить	0009
слот	0049
слоёный	0065 0084
слуга	0076 0086
служащий	0076
служба	0002 0012 0013 0014 0016 0019 0024 0028 0029 0031 0033 0041 0051 0053 0064 0070 0074 0076 0079 0092
служебный	0050 0076
служить	0035 0036 0045 0050 0051 0052 0070
слукавить	0092
случаем	0010 0016 0050 0057 0075 0095
случай	0003 0005 0010 0011 0015 0018 0019 0021 0022 0023 0025 0027 0032 0034 0035 0036 0038 0040 0041 0042 0044 0045 0046 0047 0049 0050 0051 0052 0053 0055 0057 0059 0060 0061 0062 0063 0064 0065 0067 0071 0075 0076 0079 0082 0083 0084 0089 0090 0091 0092 0093 0094 0095 0096 0097 0098
случайно	0045 0050 0052 0091 0099
случайность	0018 0036 0052 0075
случайный	0009 0018 0036 0045 0050 0051 0052 0055 0059 0060 0067 0068 0071 0075 0076 0078 0086 0095 0097
случаться	0049 0076
случиться	0001 0005 0006 0015 0027 0045 0051 0077
слушатель	0039
слушать	0001 0013 0020 0038 0045 0059 0076 0084 0086
слышать	0009 0013 0015 0027 0045 0063 0076 0082 0083 0089 0093
смарт	0017
смартфон	0010 0015 0028 0031 0067 0086 0087 0089
смежный	0037 0076
смело	0027 0034 0047 0052 0056 0060
смелый	0076 0094
смена	0005 0006 0007 0013 0027 0047 0061 0067 0088
сменить	0005 0039 0045
смениться	0005 0045 0061
сменный	0039
сменяться	0045
смертельный	0076
смерть	0003 0022 0023
сместить	0022
смесь	0036 0076 0086
смешанный	0002 0033 0036
смешать	0086
смешение	0096
смешивание	0075
смешивать	0076
смешно	0021 0027
смешной	0076
смешок	0076
смещать	0050
смещение	0036 0071 0085 0093
смеяться	0076
сми	0004 0014
смириться	0005
смиряться	0005
смишинга	0012
смоделировать	0071 0083
смонтировать	0069 0080 0081
смотрение	0024
смотреть	0001 0002 0003 0006 0008 0013 0021 0025 0027 0033 0035 0037 0040 0044 0045 0049 0051 0052 0053 0055 0056 0059 0061 0064 0066 0067 0071 0076 0082 0088 0092 0093 0095 0096
смочь	0001 0003 0004 0005 0007 0010 0011 0013 0015 0021 0022 0024 0025 0026 0027 0032 0036 0037 0040 0041 0043 0045 0046 0047 0049 0051 0052 0053 0054 0056 0057 0060 0063 0065 0067 0071 0072 0073 0075 0076 0077 0079 0082 0083 0084 0086 0089 0093 0094 0095 0097 0099 0100
смс	0053
смузи	0027 0086
смутно	0095
смутный	0076
смысл	0011 0015 0018 0020 0025 0027 0032 0035 0045 0047 0050 0051 0052 0057 0067 0071 0074 0075 0076 0079 0082 0083 0087 0090 0093 0095
смысловик	0007
смысловой	0011 0032
смягчать	0076
смягчить	0076
снапшот	0070
снапшота	0070
снаружи	0045 0050 0052 0059 0084 0095 0096
сначала	0003 0010 0012 0013 0019 0020 0034 0035 0036 0041 0044 0047 0049 0050 0051 0053 0061 0062 0064 0065 0067 0076 0079 0081 0084 0085 0086 0092 0095 0096 0098 0100
снежный	0076
снижать	0002 0015 0018 0023 0033 0035 0047 0050 0051 0061 0068 0079 0094
снижаться	0006 0009 0036 0089
снижение	0003 0005 0006 0008 0023 0034 0041 0042 0047 0051 0090 0093 0094
снизить	0004 0037 0047 0051 0068 0071
снизиться	0001 0027 0087
снимать	0013 0035 0044
снимка	0018 0050 0080 0095
снимок	0015 0018 0051 0080
снова	0001 0010 0011 0013 0015 0016 0017 0027 0032 0034 0036 0037 0040 0041 0044 0045 0049 0051 0053 0055 0056 0057 0059 0061 0066 0067 0071 0076 0081 0085 0093 0095 0096 0097 0100
снэпшота	0095
снять	0003 0008 0086
собака	0027 0039 0071 0075 0089
собес	0027
собеседник	0067 0090
собеседование	0010 0027 0050 0053 0060 0067
собеседовать	0067
собирание	0068
собирать	0012 0013 0027 0035 0036 0039 0045 0050 0051 0054 0061 0063 0069 0070 0073 0075 0076 0087 0089 0092
собираться	0010 0023 0027 0035 0036 0045 0051 0062 0076 0083 0084 0092 0097
соблазн	0009
соблюдать	0013 0043 0050
соблюдаться	0005 0021 0050
соблюдение	0003 0004 0013 0025 0050 0051
соблюсти	0004
собрание	0003
собранный	0021 0023 0035 0045 0063 0065 0069 0073 0075 0083 0084 0092
собрать	0001 0002 0003 0004 0005 0006 0007 0008 0009 0010 0011 0012 0013 0014 0015 0016 0017 0018 0019 0020 0021 0022 0023 0024 0025 0026 0027 0028 0029 0030 0031 0032 0033 0034 0035 0036 0037 0038 0039 0040 0041 0042 0043 0044 0045 0046 0047 0048 0049 0050 0051 0052 0053 0054 0055 0056 0057 0058 0059 0060 0061 0062 0063 0064 0065 0066 0067 0068 0069 0070 0071 0072 0073 0074 0075 0076 0077 0078 0079 0080 0081 0082 0083 0084 0085 0086 0087 0088 0089 0090 0091 0092 0093 0094 0095 0096 0097 0098 0099 0100
собраться	0021 0025 0027 0065
собственник	0003
собственно	0021 0027 0035 0045 0057
собственность	0026
собственный	0001 0004 0009 0010 0012 0015 0018 0021 0022 0027 0036 0039 0042 0045 0047 0050 0051 0052 0053 0055 0061 0063 0067 0070 0074 0076 0079 0084 0086 0087 0091 0092 0093 0095 0097
событие	0005 0012 0015 0018 0027 0045 0046 0047 0048 0050 0051 0054 0059 0061 0062 0075 0076 0083
событийный	0038
совершать	0015 0045 0052 0076 0097
совершаться	0045
совершение	0018
совершенно	0009 0015 0021 0027 0037 0045 0051 0053 0067 0071 0076 0082
совершенный	0012 0015 0083
совершенство	0095
совершенствование	0015 0034 0042 0068 0076 0089
совершенствовать	0076 0083
совершенствоваться	0015 0068
совершить	0010 0012 0019 0049 0051 0077 0082 0086 0089
совесть	0061
совет	0001 0002 0003 0005 0008 0012 0015 0033 0042 0043 0048 0052 0054 0057 0067 0069 0076 0086 0091 0093 0098
советник	0015 0086
советовать	0010 0015 0042 0043 0067 0086 0092 0095
совещание	0013 0015
совместимость	0002 0005 0025 0033 0040 0041 0048 0050 0051 0061 0063 0067 0095
совместимый	0002 0008 0033 0037 0048 0050 0051 0055 0063 0070 0074 0087 0092
совместить	0057
совместно	0035 0051 0067 0074
совместный	0004 0038 0042 0051 0079 0083 0086
совмещаться	0095
совмещение	0095
совокупность	0045 0075 0086
совокупный	0034 0051
совпадать	0003 0005 0008 0019 0029 0038 0048 0049 0050 0059 0075 0076 0095
совпадение	0019 0029 0051 0052 0062 0082 0086 0095
совпасть	0060 0062
современность	0070 0089
современный	0002 0005 0008 0015 0018 0022 0030 0033 0034 0035 0036 0037 0041 0044 0045 0046 0047 0051 0052 0054 0055 0061 0062 0063 0067 0068 0069 0070 0071 0072 0074 0075 0076 0083 0088 0089 0090 0092 0094 0095 0096
согласие	0004 0015 0019 0068 0086
согласитель	0034
согласиться	0063 0095
согласно	0022 0034 0035 0040 0042 0050 0051 0076 0083 0089 0092 0093
согласный	0001 0009 0026 0027 0035 0036 0083 0086 0095
согласование	0076
согласованность	0005 0025 0050 0051 0076
согласовать	0042 0050 0051 0076
согласоваться	0023
согласовывать	0051
соглашаться	0076
соглашение	0001 0002 0003 0004 0005 0006 0007 0008 0009 0010 0011 0012 0013 0014 0015 0016 0017 0018 0019 0020 0021 0022 0023 0024 0025 0026 0027 0028 0029 0030 0031 0032 0033 0034 0035 0036 0037 0038 0039 0040 0041 0042 0043 0044 0045 0046 0047 0048 0049 0050 0051 0052 0053 0054 0055 0056 0057 0058 0059 0060 0061 0062 0063 0064 0065 0066 0067 0068 0069 0070 0071 0072 0073 0074 0075 0076 0077 0078 0079 0080 0081 0082 0083 0084 0085 0086 0087 0088 0089 0090 0091 0092 0093 0094 0095 0096 0097 0098 0099 0100
согреть	0076
содействие	0004 0042
содержание	0004 0019 0067 0075 0090 0095
содержательный	0045
содержать	0004 0005 0009 0012 0016 0023 0025 0036 0037 0040 0042 0044 0045 0050 0051 0055 0057 0061 0064 0067 0068 0069 0070 0075 0079 0088 0089 0092 0093 0095 0097 0098
содержаться	0012 0016 0022 0025 0036 0050 0051 0083 0088 0092 0095
содержимое	0012 0035 0038 0044 0045 0050 0051 0052 0056 0059 0060 0063 0074 0077 0084 0097 0098 0100
соевый	0086
соединение	0010 0012 0037 0041 0042 0050 0051 0064 0084 0095 0096 0099
соединимый	0045
соединить	0013 0067 0076 0085 0093
соединять	0036 0051 0064 0075
соединяться	0036 0071
сожаление	0035 0038 0053 0057 0065 0067 0071 0076 0086 0093 0095
сожалеть	0055
сожрать	0045
созваниваться	0013
созвездие	0022
созвон	0018 0090
создавать	0001 0005 0009 0012 0015 0016 0017 0025 0026 0027 0030 0034 0035 0036 0037 0038 0040 0041 0042 0043 0044 0045 0046 0047 0048 0049 0050 0051 0052 0054 0055 0056 0059 0060 0061 0062 0063 0064 0066 0067 0068 0069 0070 0071 0073 0074 0075 0076 0079 0080 0081 0083 0084 0086 0087 0089 0090 0091 0093 0095 0096 0097 0098 0099
создаваться	0010 0037 0039 0040 0044 0045 0046 0049 0050 0051 0056 0060 0062 0065 0069 0077 0084 0090 0092 0095
создание	0001 0004 0005 0008 0010 0012 0015 0016 0018 0019 0021 0025 0026 0027 0030 0034 0035 0037 0038 0040 0041 0042 0043 0044 0045 0046 0047 0049 0050 0051 0052 0054 0055 0059 0060 0061 0062 0063 0065 0067 0068 0069 0071 0072 0075 0076 0079 0080 0083 0084 0087 0088 0089 0090 0092 0093 0094 0095 0097 0098
создатель	0013 0015 0076 0086
создать	0004 0005 0006 0007 0008 0010 0011 0012 0015 0017 0025 0032 0036 0038 0040 0041 0042 0043 0044 0045 0046 0047 0049 0050 0051 0052 0055 0056 0059 0060 0061 0063 0064 0065 0067 0068 0069 0071 0074 0075 0076 0077 0079 0080 0083 0084 0085 0086 0087 0090 0091 0092 0093 0095 0096 0097 0098
создаться	0045 0052 0059 0064 0095
созддим	0059
созидатель	0015
сознание	0083 0090
сознательный	0013 0061
созрелый	0005
соискатель	0053
сойти	0015 0021 0055 0076
сойтись	0013 0086 0093
сок	0052
сокет	0051 0056
сократить	0011 0015 0032 0034 0035 0037 0047 0050 0051 0061 0068 0076 0094
сократиться	0005 0006 0015 0034 0048 0076
сокращать	0011 0032 0037 0045 0047
сокращаться	0005 0050 0051
сокращение	0011 0032 0034 0035 0050 0051 0075
сокращённо	0093
сокрушить	0076
солдат	0076
солидный	0057
солнечный	0002 0022 0033 0034
солнце	0002 0022 0033 0039
соль	0086
сомнение	0021 0027 0039 0050 0076 0082
сомнительно	0045
сомнительный	0027 0077 0086
сон	0002 0023 0033 0076 0077 0086 0091 0099
соображение	0041 0045 0051
сообразить	0060
сообщать	0015 0017 0025 0041 0051 0076 0086 0089 0093 0095 0097
сообщаться	0024 0076 0088
сообщение	0001 0002 0003 0004 0005 0006 0007 0008 0009 0010 0011 0012 0013 0014 0015 0016 0017 0018 0019 0020 0021 0022 0023 0024 0025 0026 0027 0028 0029 0030 0031 0032 0033 0034 0035 0036 0037 0038 0039 0040 0041 0042 0043 0044 0045 0046 0047 0048 0049 0050 0051 0052 0053 0054 0055 0056 0057 0058 0059 0060 0061 0062 0063 0064 0065 0066 0067 0068 0069 0070 0071 0072 0073 0074 0075 0076 0077 0078 0079 0080 0081 0082 0083 0084 0085 0086 0087 0088 0089 0090 0091 0092 0093 0094 0095 0096 0097 0098 0099 0100
сообщество	0005 0007 0021 0023 0042 0049 0051 0052 0055 0060 0061 0067 0070 0074 0076 0079 0090 0095
сообщить	0014 0019 0024 0025 0038 0041 0042 0050 0052 0054 0071 0086 0095
сооружение	0076
сооснователь	0036
соответственно	0006 0015 0023 0034 0035 0036 0045 0050 0057 0063 0064 0084 0097
соответствие	0001 0011 0015 0032 0036 0040 0042 0044 0045 0050 0051 0087 0092 0095
соответствовать	0002 0003 0004 0010 0013 0015 0021 0025 0027 0033 0036 0042 0044 0045 0050 0051 0057 0058 0064 0067 0076 0079 0080 0082 0083 0084 0085 0089 0093 0095 0096 0098
соответствующе	0084
соответствующий	0010 0036 0038 0041 0042 0050 0051 0074 0076 0079 0093
соотечественник	0076
соотноситься	0021
соотношение	0002 0033 0034 0090 0097
сопоставимый	0005 0015 0034 0059 0087
сопоставить	0021 0051 0062 0089 0093
сопоставление	0016 0021 0025 0051 0054 0075 0089 0093
сопоставлять	0051 0054
сопровождаться	0099
сопровождение	0004 0007 0050 0054 0067
сопротивление	0035 0089
сопротивляться	0003 0096
сопроцессор	0092
сопрягать	0023
сопрячь	0011 0018 0032 0042
сопутствовать	0063 0075
соревнование	0018 0067
сориентироваться	0053
сортировать	0036 0050 0052
сортироваться	0099
сортировка	0025 0050 0052 0061
сосед	0010 0027 0078 0079
соседний	0050 0079
сослагательный	0039
сослаться	0023
сосредоточить	0061 0082 0089
сосредоточиться	0015 0023 0051 0052 0067 0086 0097
состав	0022 0035 0036 0050 0089 0092
составить	0004 0010 0011 0015 0032 0034 0063 0067 0086
составление	0015 0050 0051 0067 0074 0086
составлять	0004 0006 0010 0015 0022 0023 0034 0036 0038 0051 0062 0071 0076 0078 0079 0086 0089
составляться	0027 0075
составной	0013 0043 0098 0099
состояние	0005 0008 0015 0016 0018 0022 0023 0027 0036 0038 0039 0041 0042 0043 0044 0045 0047 0048 0050 0051 0054 0055 0056 0059 0061 0064 0067 0068 0071 0075 0076 0079 0083 0084 0095 0096
состоять	0004 0010 0011 0022 0026 0032 0036 0040 0041 0042 0045 0047 0049 0050 0051 0060 0064 0065 0068 0072 0073 0075 0079 0084 0086 0088 0089 0092 0093 0097 0100
состояться	0005 0010 0028 0029 0031 0034 0067
состязательный	0071
сосудистый	0023
соткать	0076
сотня	0006 0011 0015 0017 0018 0022 0032 0035 0036 0071 0075 0076 0079 0083 0090
сотоящий	0053
сотрудник	0002 0003 0004 0012 0013 0015 0027 0033 0039 0042 0050 0062 0072 0076 0083 0086 0089
сотрудничать	0076 0083 0086
сотрудничество	0004 0035 0042 0051 0061
соус	0086
соучастник	0003
соучредитель	0086
софт	0006 0013 0034 0042 0074 0095
софтверный	0006
сохранение	0004 0005 0008 0021 0044 0049 0050 0061 0069 0076 0077 0084 0087 0099
сохранить	0002 0004 0008 0021 0025 0026 0033 0035 0041 0043 0045 0049 0050 0052 0056 0059 0061 0069 0076 0077 0084 0095 0099
сохраниться	0064 0067 0100
сохранный	0079
сохранять	0002 0004 0005 0008 0025 0033 0047 0049 0050 0051 0052 0054 0061 0064 0067 0068 0070 0071 0076 0079 0084 0087 0093 0095 0099
сохраняться	0005 0015 0036 0045 0050 0062 0076 0088
соц	0067
социальный	0003 0005 0012 0017 0018 0021 0034 0054 0068 0086
социологический	0075
социология	0075
соцсеть	0024 0027 0089
сочетание	0016 0028 0031 0035 0036 0055 0067 0074
сочетать	0039 0051
сочетаться	0083 0086
сочинять	0083
сочувствовать	0004
союз	0013
союзник	0035 0076
спагетти	0009
спад	0034
спалить	0027
спам	0071 0075 0089
спарк	0086
спарка	0086
спасать	0005 0018 0034
спасибо	0013 0025 0027 0038 0039 0045 0054 0055 0073 0085 0092 0095
спасти	0027 0039 0046 0076
спать	0015 0037 0039 0053 0076 0081 0086
спб	0088
спектр	0022 0041 0042 0051 0067 0068 0070 0072 0083 0089 0090
спектральный	0022
спекулятивный	0036 0061
сперва	0023 0026 0027 0057 0066
спереди	0097
спец	0027
специализация	0015 0053 0067
специализированный	0005 0036 0051 0068 0076 0092
специализировать	0002 0005 0008 0018 0033 0042 0050 0051 0061 0070 0074 0076 0087
специализироваться	0010 0011 0032 0042 0089
специалист	0001 0004 0005 0013 0015 0035 0039 0042 0047 0062 0063 0067 0068 0071 0072 0076 0078 0086 0088 0089 0095 0097
специально	0026 0067 0076 0082 0083
специальность	0067
специальный	0011 0013 0032 0036 0040 0042 0044 0046 0049 0050 0051 0052 0053 0055 0060 0061 0062 0063 0079 0080 0092
специфика	0005 0011 0018 0032 0039 0075 0089 0098
спецификатор	0025
спецификация	0018 0040 0042 0044 0045 0050 0051 0055 0060 0061
специфический	0005 0042 0047 0050 0069 0071 0092
специфичный	0005 0051 0089 0092 0095
специя	0008 0086
спецклиент	0074
спецсимвол	0016
спешить	0026 0067 0074 0076 0092
спешка	0010 0076
спешно	0005 0076
спикер	0013 0027
спина	0039
спиннер	0095
списать	0001
списковый	0057
список	0002 0005 0011 0012 0013 0015 0026 0027 0030 0032 0033 0035 0036 0038 0041 0045 0047 0049 0050 0051 0052 0053 0055 0057 0059 0060 0061 0063 0067 0069 0073 0080 0083 0084 0086 0087 0088 0089 0093 0095 0096 0097 0098 0099 0100
списывать	0003
сплав	0002 0033
сплайсинг	0075
спланировать	0086
сплетня	0090
сплошной	0049
сподвиг	0027
спойлер	0036 0060
спокойно	0039 0065 0095
спокойный	0091
спонсировать	0070
спонтанно	0057
спор	0003 0070 0076
спорить	0001 0021 0072
спорный	0076
спорт	0027 0075
спортзал	0027
спортивный	0057
способ	0003 0004 0010 0013 0015 0025 0030 0036 0037 0038 0041 0042 0043 0045 0050 0051 0052 0054 0057 0059 0060 0061 0063 0064 0067 0069 0070 0071 0073 0075 0076 0077 0078 0079 0085 0088 0089 0093 0094 0095 0097 0098
способность	0001 0018 0034 0037 0042 0050 0051 0068 0076 0083 0086 0089 0090 0094 0095
способный	0001 0015 0018 0027 0042 0053 0054 0061 0067 0068 0070 0072 0075 0076 0082 0083 0086 0088 0089 0090 0093 0094 0095 0098
способствовать	0023 0051 0068 0070 0083
спот	0008
справа	0042 0071
справедливо	0027 0094
справедливость	0068
справедливый	0068 0083
справиться	0011 0013 0015 0025 0032 0051 0067 0077 0085 0093 0095 0100
справка	0004 0026 0059 0074 0085 0099
справляться	0001 0002 0005 0009 0015 0030 0033 0045 0047 0051 0083
справочник	0044 0088 0096 0097
справочный	0051 0099
спрашивать	0013 0015 0036 0039 0052 0086
спринт	0009 0062
спровоцировать	0034 0076
спрогнозировать	0075 0089
спроектировать	0007 0042 0043 0050 0051 0061
спрос	0013 0027 0042 0047 0051 0068 0089
спросить	0001 0013 0018 0020 0027 0034 0035 0039 0042 0053 0055 0067 0076 0086 0095 0097
спрятать	0060 0076
спулиться	0084
спуск	0036 0071 0076 0085 0093
спустить	0027
спустя	0005 0012 0026 0059 0071 0076
спутник	0022 0076
спутниковый	0018 0076
спылесосить	0027
срабатывание	0051
срабатывать	0034 0040
сработать	0005 0012 0015 0034 0041 0045 0052 0053 0057 0077 0084 0093
сравнение	0002 0005 0006 0009 0011 0013 0018 0019 0022 0023 0024 0029 0030 0032 0033 0034 0037 0044 0046 0047 0050 0051 0052 0060 0061 0070 0075 0076 0086 0087 0089 0092 0093 0097 0098 0099 0100
сравнивать	0001 0044 0049 0050 0051 0060 0089
сравниваться	0022 0030 0050
сравнимый	0022 0046 0092
сравнительно	0022 0047 0061
сравнительный	0002 0033 0087
сравнить	0001 0011 0032 0034 0042 0050 0051 0060 0086 0087
сравнять	0050 0076
сравняться	0005
сражаться	0076
сразить	0053
сразу	0004 0005 0008 0010 0011 0013 0015 0016 0021 0027 0030 0032 0035 0037 0038 0039 0040 0045 0051 0052 0053 0057 0061 0062 0063 0067 0069 0071 0072 0075 0076 0077 0080 0086 0088 0092 0096 0098 0100
среда	0002 0005 0007 0011 0012 0017 0025 0032 0033 0035 0039 0040 0041 0042 0047 0050 0051 0052 0053 0054 0055 0060 0061 0062 0063 0064 0065 0070 0074 0076 0079 0083 0088 0089 0091 0092 0094 0095 0096 0097 0098
среди	0002 0005 0011 0012 0021 0022 0026 0027 0032 0033 0036 0038 0046 0047 0048 0055 0076 0077 0083 0086 0089 0095 0098
среднегодовой	0034
среднее	0002 0006 0010 0021 0022 0027 0033 0034 0049 0050 0067 0086
среднеквадратичный	0036 0085 0093
среднесрочный	0015
среднестатистический	0044 0086
средний	0001 0002 0004 0005 0006 0009 0010 0011 0012 0017 0021 0024 0027 0032 0033 0034 0036 0041 0042 0043 0045 0046 0048 0049 0050 0051 0057 0059 0064 0065 0069 0071 0074 0075 0080 0082 0085 0087 0091
средство	0006 0008 0012 0017 0025 0027 0034 0035 0038 0044 0050 0051 0068 0076 0083 0092
срез	0025 0049 0051 0052
срезать	0013
срок	0002 0003 0005 0010 0016 0022 0026 0027 0033 0035 0039 0051 0053 0061 0067 0072 0075 0089 0094
срочно	0026 0027
ссылаться	0019 0044 0050 0051 0060 0073
ссылка	0011 0016 0020 0021 0024 0025 0030 0032 0037 0040 0041 0044 0048 0049 0050 0051 0054 0055 0060 0061 0063 0065 0067 0070 0073 0078 0079 0080 0087 0088 0093 0095 0097 0099
ссылочный	0040 0050 0051
ст	0003
стабилизация	0025 0034 0036 0061
стабилизировать	0025 0036 0061
стабилизироваться	0061
стабильно	0001 0005 0022 0061 0092
стабильность	0009 0039 0042 0051 0068 0070
стабильный	0005 0008 0013 0015 0022 0025 0039 0045 0047 0050 0051 0059 0061 0064 0070 0087 0089 0093 0095
ставить	0001 0013 0034 0047 0052 0056 0060 0067 0071 0074 0093 0095 0096
ставиться	0052 0091
ставка	0003 0004 0005 0006 0010 0060 0061 0075
стадия	0010 0015 0022 0042 0047 0063 0069 0074 0084 0087
стаж	0003 0026 0075
стажировка	0004 0059 0067
стажёр	0001 0037
стаймаутиться	0045
стакан	0008
сталин	0076
сталкиваться	0001 0012 0015 0016 0045 0059 0063 0068 0075 0076 0077 0087 0089 0093
стандарт	0002 0005 0015 0018 0033 0042 0047 0048 0050 0051 0052 0059 0061 0068 0069 0070 0088 0095
стандартизация	0051 0079
стандартизировать	0050 0051 0062 0074 0095
стандартно	0044
стандартный	0004 0005 0008 0013 0015 0016 0025 0037 0038 0039 0040 0044 0045 0046 0049 0050 0051 0052 0060 0061 0063 0064 0067 0069 0071 0075 0079 0084 0086 0090 0092 0093 0095 0098
становиться	0003 0005 0006 0008 0009 0012 0015 0021 0022 0026 0027 0034 0035 0036 0037 0039 0042 0045 0047 0049 0050 0051 0052 0054 0060 0061 0063 0068 0071 0072 0074 0075 0076 0083 0084 0085 0086 0089 0090 0092 0093 0094 0099
становление	0039 0079
станок	0008 0034
станция	0002 0013 0033 0051 0070
старательно	0090
стараться	0010 0012 0051 0076 0084 0085 0091
старение	0015
старое	0005 0049 0070 0076
старомодно	0013
старомодный	0030
старость	0071
старт	0002 0005 0011 0030 0032 0033 0035 0039 0040 0052 0060 0061 0063 0067 0071 0079 0084 0095
стартап	0001 0002 0003 0004 0005 0006 0007 0008 0009 0010 0011 0012 0013 0014 0015 0016 0017 0018 0019 0020 0021 0022 0023 0024 0025 0026 0027 0028 0029 0030 0031 0032 0033 0034 0035 0036 0037 0038 0039 0040 0041 0042 0043 0044 0045 0046 0047 0048 0049 0050 0051 0052 0053 0054 0055 0056 0057 0058 0059 0060 0061 0062 0063 0064 0065 0066 0067 0068 0069 0070 0071 0072 0073 0074 0075 0076 0077 0078 0079 0080 0081 0082 0083 0084 0085 0086 0087 0088 0089 0090 0091 0092 0093 0094 0095 0096 0097 0098 0099 0100
стартовать	0037 0045 0066 0092
стартовый	0021 0027 0087 0095
старший	0005 0044 0063 0067 0070 0076
старый	0002 0005 0008 0012 0015 0018 0033 0037 0044 0045 0049 0050 0052 0055 0059 0061 0062 0067 0070 0071 0076 0083 0087 0089 0096 0099
статейный	0021
статистика	0001 0005 0018 0021 0034 0039 0062 0067 0075 0083 0089 0093
статистически	0009 0036
статистический	0009 0011 0018 0023 0032 0036 0051 0067 0075 0083 0086 0094
статически	0098
статический	0040 0044 0045 0050 0051 0061 0063 0066 0095
статичный	0083 0095
статус	0003 0004 0005 0016 0023 0042 0044 0045 0051 0056 0059 0061 0062 0064 0069 0074 0081 0084 0087 0095 0099
статуя	0076
стать	0001 0003 0004 0005 0006 0010 0013 0015 0016 0018 0020 0021 0024 0026 0027 0034 0035 0036 0037 0039 0040 0041 0042 0044 0047 0049 0050 0051 0052 0053 0054 0060 0061 0062 0063 0066 0067 0068 0069 0071 0072 0074 0075 0076 0077 0078 0079 0083 0086 0088 0089 0090 0092 0093 0094 0095 0096 0097 0098 0099 0100
статья	0001 0002 0003 0004 0005 0006 0007 0008 0009 0010 0011 0012 0013 0014 0015 0016 0017 0018 0019 0020 0021 0022 0023 0024 0025 0026 0027 0028 0029 0030 0031 0032 0033 0034 0035 0036 0037 0038 0039 0040 0041 0042 0043 0044 0045 0046 0047 0048 0049 0050 0051 0052 0053 0054 0055 0056 0057 0058 0059 0060 0061 0062 0063 0064 0065 0066 0067 0068 0069 0070 0071 0072 0073 0074 0075 0076 0077 0078 0079 0080 0081 0082 0083 0084 0085 0086 0087 0088 0089 0090 0091 0092 0093 0094 0095 0096 0097 0098 0099 0100
стационарный	0018
ство	0039
стейджинг	0005
стейк	0086
стейкхолдер	0089
стейтфулсать	0045
стейтфулсет	0045
стек	0036 0037 0039 0040 0042 0044 0045 0050 0051 0058 0061 0062 0063 0065 0074 0087 0092
стекинг	0078
стеклянный	0076
стековка	0057
стековый	0044 0061
стектрейс	0050
стеллаж	0051
стена	0008 0042 0076 0082 0086
стенд	0030 0069
стенограмма	0018
степень	0015 0019 0022 0036 0042 0051 0052 0055 0057 0067 0071 0076 0079 0083 0094 0096
стереть	0062 0086
стереться	0086
стесняться	0067 0085 0095
стечение	0045
стечь	0005 0040 0050
стивен	0055
стикер	0060
стилизация	0030
стилист	0086
стилус	0002 0033
стиль	0002 0010 0011 0025 0032 0033 0037 0050 0052 0055 0061 0070 0086 0088 0089 0090
стильный	0086
стимул	0068 0076
стимулирование	0089
стимулировать	0074
стиральный	0037
стирать	0052 0086
стирка	0037
стих	0008 0082 0083
стихотворение	0036
сто	0004 0013 0018 0022
стоимость	0001 0002 0003 0005 0006 0008 0009 0010 0011 0032 0033 0034 0035 0039 0049 0053 0071 0072 0075 0076 0087 0088
стоить	0001 0002 0003 0005 0007 0010 0013 0015 0018 0021 0033 0035 0036 0037 0039 0040 0042 0043 0044 0045 0050 0051 0053 0055 0057 0060 0061 0067 0075 0076 0077 0083 0084 0086 0088 0089 0090 0091 0092 0093 0094 0095 0099
стойка	0008 0051
стойкий	0087
стол	0002 0008 0012 0033 0039 0042 0053 0070 0074 0076 0086 0088
столбец	0038 0051 0089 0097
столбик	0001
столбцы	0051 0059 0097
столетие	0015
столик	0008
столкновение	0018 0076
столкнуться	0015 0038 0045 0059 0060 0065 0068 0076 0077 0082 0083 0086 0089 0095 0100
столь	0018 0022 0046 0057 0076
столько	0001 0006 0013 0018 0045 0052 0059 0066 0088 0090 0092 0094
столяр	0039
стоп	0052 0060 0092
стопа	0034
стопка	0093
стопсигнал	0084
стопэ	0071
сторожить	0039
сторона	0002 0005 0006 0009 0010 0011 0013 0015 0017 0018 0020 0021 0027 0032 0033 0034 0035 0036 0038 0039 0042 0045 0046 0047 0050 0051 0057 0059 0067 0070 0071 0076 0082 0083 0086 0088 0089 0090 0092 0093 0095 0096 0097 0099
сторонний	0005 0006 0011 0012 0032 0039 0051 0055 0070 0074 0079 0091 0092
сторонник	0057
стохастический	0085
стоять	0013 0045 0050 0053 0061 0068 0082 0086
стоящий	0045 0075 0077 0079
страдание	0091
страдать	0027 0039 0051 0071
страна	0015 0067 0075 0076
страница	0002 0010 0011 0012 0016 0018 0024 0025 0026 0030 0032 0033 0036 0038 0045 0063 0065 0067 0071 0088 0089 0095 0098 0100
страничный	0036
странно	0057 0067
странность	0030
странный	0015 0035 0053 0057 0060 0076 0093
страсть	0027
стратег	0006
стратегический	0004 0015 0027 0062 0068 0074 0076
стратегия	0001 0005 0006 0012 0015 0018 0042 0050 0051 0064 0075 0076 0087 0089
стратифицировать	0009
страуструп	0067
страх	0001 0009 0015 0039 0076 0083 0089
страхование	0089
страховка	0035
страховой	0003 0004 0027
страшно	0001 0034 0071 0091
страшный	0085
стрелец	0022
стремительно	0010 0022 0027 0063
стремительный	0027 0061
стремиться	0035 0036 0042 0049 0051 0054 0062 0070 0072 0074 0086 0089 0094
стремление	0036 0051 0061
стресс	0057
стриггерить	0045
стрижка	0011 0032 0086
стриминг	0005
стриминговый	0005
стрит	0006
строгий	0011 0012 0026 0032 0050 0051 0052 0067 0070 0075 0098
строго	0003 0010 0027 0045 0055 0061 0082 0087 0092
строгость	0094
строение	0050
строитель	0043 0050 0083
строительный	0036 0050 0076 0079 0085
строительство	0003 0008 0076
строить	0001 0003 0007 0015 0035 0036 0037 0043 0047 0075 0076 0082 0093 0095 0097 0099
строиться	0005 0045 0046 0050 0084 0090
строй	0012 0039 0042 0047 0051
стройно	0027
строка	0005 0009 0015 0016 0018 0025 0029 0030 0036 0038 0039 0040 0041 0044 0045 0046 0048 0049 0050 0051 0052 0054 0055 0056 0057 0058 0059 0060 0061 0063 0064 0066 0067 0069 0071 0076 0079 0080 0084 0088 0091 0095 0097 0098 0099
строковый	0025 0050 0057 0060 0061 0098
строчка	0038 0044 0060 0093 0096
строчный	0036
структура	0005 0012 0016 0018 0021 0022 0036 0037 0040 0042 0043 0044 0047 0048 0049 0050 0051 0052 0054 0055 0058 0059 0061 0062 0063 0064 0065 0067 0068 0070 0071 0076 0080 0081 0082 0087 0088 0089 0092 0098
структуризация	0021
структурирование	0018 0048 0050 0089
структурировать	0007 0018 0037 0048 0050 0051 0052 0057 0061 0070 0072 0075 0088 0094
стс	0003
студент	0002 0004 0009 0010 0018 0027 0033 0039 0049 0053 0083 0093
студенческий	0010
студия	0013 0086
стукач	0076
стукачество	0003
стул	0027 0034
ступор	0088 0092
стучать	0076
стучаться	0013
стыд	0067
стыдно	0067 0071
стык	0062
стэк	0035
стэнфорд	0093
стянуть	0091
суб	0097
субагент	0030
суббота	0026
субд	0005 0010 0063
субсидия	0003
субстанция	0076
субтитр	0067
субъект	0012
субъективно	0020
субъективный	0009 0011 0018 0032
суверенитет	0006 0074
сугробова	0035
суд	0013 0015 0019
сударев	0007
судебный	0015 0019 0026 0054 0086
судимость	0004
судить	0012 0034 0086 0089
судорожно	0003
судьба	0015 0039 0061 0076
судьбоносный	0086
судья	0036
сужать	0076
суждение	0015 0089
сумбурный	0020
суметь	0071 0079 0100
сумма	0003 0004 0010 0036 0049 0050 0051 0057 0075 0076 0085
суммаризация	0018 0074
суммарно	0046 0088
суммарный	0021 0078
суммирование	0018
суммировать	0044 0051 0071
суммироваться	0036 0085
сумрачный	0057
сундук	0026
супер	0013 0040 0044 0067 0071 0095
супервизор	0051
суперинтеллект	0076
суперкласс	0044 0050 0061
супермаркет	0013
супермен	0027
суперпользователь	0041 0063
суперсила	0052
суперскучный	0086
суровый	0045 0094
суррогатный	0099
сустав	0076
сутки	0001 0002 0003 0004 0005 0006 0007 0008 0009 0010 0011 0012 0013 0015 0016 0017 0018 0020 0021 0022 0023 0025 0026 0027 0030 0032 0033 0034 0035 0036 0037 0038 0039 0040 0041 0042 0043 0044 0045 0046 0047 0048 0049 0050 0051 0052 0053 0054 0055 0056 0057 0058 0059 0060 0061 0062 0063 0064 0065 0066 0067 0068 0069 0070 0071 0072 0073 0074 0075 0076 0077 0078 0079 0080 0081 0082 0083 0084 0085 0086 0087 0088 0089 0090 0091 0092 0093 0094 0095 0096 0097 0098 0099 0100
суточный	0003
суть	0008 0009 0023 0026 0035 0036 0039 0043 0046 0051 0055 0063 0065 0066 0067 0071 0082 0084 0085 0088 0089 0093 0094 0096
суффикс	0045
сухой	0045 0076
существенно	0047 0050 0051 0076
существенный	0018 0050 0061 0067 0071 0075
существительное	0011 0032 0050
существо	0057 0076 0090
существование	0022 0023 0026 0059 0088
существовать	0002 0006 0010 0015 0016 0017 0022 0030 0033 0036 0038 0039 0040 0041 0042 0045 0046 0047 0050 0051 0052 0055 0059 0060 0061 0064 0067 0068 0069 0070 0071 0072 0075 0076 0081 0082 0083 0084 0087 0088 0089 0092 0093 0095 0096 0098
существующий	0005 0015 0017 0025 0028 0031 0035 0037 0042 0045 0047 0048 0049 0050 0051 0052 0059 0060 0065 0079 0084 0087 0093 0094 0095
сущность	0035 0037 0038 0045 0050 0051 0055 0060 0086 0095
сфейлиться	0045
сфера	0004 0006 0010 0011 0015 0027 0032 0039 0042 0051 0053 0054 0068 0083 0089
сфокусировать	0061
сфокусироваться	0045
сформировать	0036 0040 0062 0086 0088
сформироваться	0005 0022 0023
сформулировать	0001 0013 0074 0089
сфотографировать	0034
сфр	0003
схд	0070
схема	0002 0003 0005 0011 0012 0013 0016 0017 0032 0033 0035 0036 0038 0039 0040 0045 0050 0051 0055 0061 0065 0067 0071 0076 0086 0089 0091 0095 0099
схематичный	0039
схематозник	0003
схемотехник	0013
схлопывание	0034
сходить	0067 0076 0086
сходиться	0027 0072
сходный	0036 0096
сходство	0011 0019 0032 0071 0092
схождение	0094
схожесть	0009 0089
схожий	0022 0023 0050 0075 0076 0082 0084 0086 0089 0095
сцена	0002 0030 0033 0076
сценарий	0001 0002 0005 0013 0015 0016 0033 0036 0042 0045 0046 0051 0055 0061 0062 0067 0074 0076 0083 0084 0086 0087 0089 0091 0092 0096 0100
счастие	0010 0023 0034 0045 0049 0053 0076 0095
счастливый	0003 0057
счекаутиль	0045
счекаутить	0045
счисление	0050
считать	0001 0009 0011 0013 0015 0022 0026 0027 0032 0034 0036 0050 0055 0061 0063 0072 0076 0082 0083 0084 0086 0087 0089 0090 0093
считаться	0003 0008 0022 0025 0027 0034 0045 0050 0057 0075 0081 0084 0089 0093
считывание	0050 0092
считывать	0050 0097
счёт	0003 0005 0008 0010 0011 0018 0023 0032 0034 0035 0037 0038 0039 0045 0047 0049 0050 0051 0057 0061 0062 0076 0079 0088 0090 0094 0100
счётчик	0044 0049 0050 0051 0052 0060
сша	0006 0034 0075 0076
съедать	0002 0003 0005 0033 0095
съездить	0027
съесть	0005 0027
съём	0062
сыграть	0015 0019 0052 0068 0076
сыпаться	0039
сыпь	0075
сыр	0035 0065 0086
сырой	0005 0035 0036 0039 0065 0089
сырьевой	0034
сэкономить	0005 0045 0047 0057 0060 0083
сэм	0019
сэмплирование	0036
сэмплировать	0036
сэт	0035
сюда	0021 0027 0035 0045 0067 0070 0095
сюжет	0072 0076
сюрприз	0006 0009 0071
сюрреалистический	0076
таблетка	0053
таблица	0002 0003 0005 0010 0011 0015 0021 0022 0025 0032 0033 0036 0042 0044 0046 0049 0050 0051 0052 0058 0060 0061 0063 0064 0072 0081 0082 0087 0099
табличка	0004 0021 0045 0046
табличный	0005
табуляция	0057 0084
тагир	0044
тажа	0059 0080
таинственный	0039 0069
таинство	0096
тайвань	0076
тайловыя	0070
таймаут	0048 0051 0096
таймер	0092
таймлайна	0001
таймстемп	0099
таймшит	0062
тайна	0004 0045 0076
тайно	0076 0086
тайный	0013 0039
тайп	0052
также	0002 0004 0006 0009 0010 0011 0012 0014 0015 0017 0018 0021 0022 0023 0025 0027 0032 0033 0035 0036 0037 0038 0039 0040 0041 0042 0043 0044 0045 0046 0047 0049 0050 0051 0052 0053 0054 0055 0057 0058 0059 0060 0061 0062 0063 0064 0065 0067 0068 0069 0070 0071 0074 0075 0076 0077 0078 0079 0080 0083 0084 0085 0086 0088 0089 0090 0095 0097 0098 0100
таки	0021 0027 0034 0053 0057 0067 0071 0090 0093
таковой	0015 0022 0051 0076 0092 0093
такой	0001 0002 0003 0004 0006 0007 0010 0011 0012 0013 0015 0016 0017 0018 0019 0021 0022 0023 0025 0027 0028 0031 0032 0033 0034 0035 0036 0037 0038 0039 0040 0041 0042 0043 0044 0045 0046 0047 0049 0050 0051 0053 0054 0055 0056 0057 0059 0060 0061 0063 0065 0066 0067 0068 0069 0070 0071 0072 0075 0076 0079 0081 0082 0083 0084 0085 0086 0088 0089 0090 0091 0092 0093 0094 0095 0096 0097 0098 0099 0100
такси	0047
таксист	0027
тактика	0012 0076
тактильный	0002 0033
талант	0027 0067
талантливый	0076
талеб	0082
талия	0086
таненбаум	0088
танец	0020 0086 0092
танцевать	0076
тарантино	0027
тарантул	0022
таргетирование	0089
тариф	0004 0051
тарификация	0005 0047
тарифицировать	0008
таска	0062
татие	0069
татуировка	0027 0076
татьяна	0024
тачка	0077
тащить	0001
тб	0002 0005 0008 0033 0051
тбанк	0057
тварь	0026
твердотельный	0051
твиттер	0076 0095
твой	0003 0013 0015 0027 0039 0053 0076 0086
творить	0021 0049 0066
твориться	0076
творчески	0083
творческий	0001 0002 0024 0027 0033 0051 0083 0086
творчество	0002 0033 0051
твёрдо	0057
твёрдый	0034 0076
тг	0009 0020 0021
тгк	0085
тд	0064
тег	0001 0002 0003 0004 0005 0006 0007 0008 0009 0010 0011 0012 0013 0014 0015 0016 0017 0018 0019 0020 0021 0022 0023 0024 0025 0026 0027 0028 0029 0030 0031 0032 0033 0034 0035 0036 0037 0038 0039 0040 0041 0042 0043 0044 0045 0046 0047 0048 0049 0050 0051 0052 0053 0054 0055 0056 0057 0058 0059 0060 0061 0062 0063 0064 0065 0066 0067 0068 0069 0070 0071 0072 0073 0074 0075 0076 0077 0078 0079 0080 0081 0082 0083 0084 0085 0086 0087 0088 0089 0090 0091 0092 0093 0094 0095 0096 0097 0098 0099 0100
тегирование	0079
тед	0076
тезис	0001 0009 0027 0090
текст	0002 0008 0009 0013 0015 0018 0020 0021 0026 0027 0030 0033 0036 0044 0050 0052 0057 0063 0067 0068 0071 0072 0074 0075 0076 0082 0083 0084 0087 0088 0089 0090 0093 0098 0099
текстовик	0021
текстовый	0008 0021 0036 0044 0051 0052 0057 0060 0070 0074 0075 0079 0084 0087 0088 0090 0095
текстурированный	0086
текущий	0001 0004 0005 0013 0015 0018 0021 0025 0027 0034 0035 0036 0037 0039 0040 0041 0042 0044 0047 0048 0050 0051 0052 0057 0059 0062 0064 0069 0071 0080 0081 0084 0088 0093 0094 0095 0098 0099
телевидение	0076
телеграм	0003 0005 0025 0052 0053 0054 0061 0067 0068 0069 0079
телеграмма	0072
телек	0047
телекоммуникационный	0034 0051
телескоп	0022
телефон	0013 0015 0051 0055 0075 0076
телефонный	0075
тело	0021 0050 0051 0052 0060 0061 0076 0082
телодвижение	0091
тема	0006 0011 0013 0022 0026 0027 0032 0036 0037 0039 0044 0045 0053 0055 0062 0067 0069 0075 0076 0077 0078 0079 0082 0083 0088 0089 0091 0092 0095
тематика	0011 0032
тематический	0026 0070 0075
тембр	0013
темнота	0076
темп	0006 0009 0013 0015 0034 0047 0071 0079 0083
температура	0005 0022 0036 0051 0054 0071 0076 0089 0093
тенант	0099
тенденция	0015 0036 0042 0046 0055 0068 0076 0083 0086 0089
теневой	0003
тензор	0008 0036
тензорный	0008
теннисный	0076
тень	0076
теорема	0051 0071 0075
теоретически	0011 0032 0049 0055 0065 0071
теоретический	0036 0067 0070 0078 0089 0094
теория	0022 0034 0046 0049 0052 0057 0067 0076 0078 0089 0092 0094 0099 0100
тепло	0002 0022 0033 0051
теплоотвод	0002 0033
терабайт	0072
терапевтический	0097
термин	0005 0008 0034 0035 0037 0042 0047 0050 0051 0067 0071 0072 0075 0076 0079 0083 0085 0088 0089 0090 0092 0093 0095 0096
терминал	0016 0041 0042 0045 0051 0052 0059 0060 0063 0064 0065 0066 0069 0076 0079 0095 0098
терминальный	0012 0050
терминатор	0072
терминология	0035 0067 0069 0089 0093 0095 0096
термопаста	0027
термоядерный	0022
тернистый	0092
терпеливо	0086
терпеливый	0015 0076
терпение	0067 0076 0088
терпеть	0097
терпеться	0093
терпимо	0021
терпимый	0076
терра	0089
терракота	0086
территория	0008 0075 0076
терроризм	0076
терять	0001 0004 0006 0015 0022 0048 0065 0067 0076
теряться	0008 0021 0034 0051 0072 0096
тесно	0043 0050
тесный	0042 0050 0074
тест	0001 0002 0005 0009 0012 0013 0017 0025 0030 0033 0034 0035 0037 0042 0043 0046 0047 0051 0052 0053 0061 0062 0065 0076 0081 0082 0083 0087 0089 0098 0100
тестер	0053
тестирование	0001 0005 0009 0011 0013 0015 0017 0029 0032 0035 0039 0042 0046 0047 0048 0050 0051 0059 0061 0063 0070 0075 0079 0087 0089 0098
тестировать	0010 0013 0015 0035 0047 0050 0089 0093 0100
тестироваться	0070
тестировщик	0027 0035 0047 0062
тестовый	0005 0010 0017 0030 0035 0038 0045 0051 0053 0059 0063 0064 0069 0097
техас	0018
техасский	0089
техдолг	0009
техника	0003 0008 0010 0027 0076 0093
технически	0001 0013 0015 0017 0060 0096
технический	0001 0002 0003 0004 0005 0006 0007 0008 0009 0010 0011 0012 0013 0014 0015 0016 0017 0018 0019 0020 0021 0022 0023 0024 0025 0026 0027 0028 0029 0030 0031 0032 0033 0034 0035 0036 0037 0038 0039 0040 0041 0042 0043 0044 0045 0046 0047 0048 0049 0050 0051 0052 0053 0054 0055 0056 0057 0058 0059 0060 0061 0062 0063 0064 0065 0066 0067 0068 0069 0070 0071 0072 0073 0074 0075 0076 0077 0078 0079 0080 0081 0082 0083 0084 0085 0086 0087 0088 0089 0090 0091 0092 0093 0094 0095 0096 0097 0098 0099 0100
техническоий	0053
техногенный	0076
технолог	0076
технологический	0004 0006 0009 0011 0015 0023 0032 0034 0039 0054 0061 0068 0072 0076 0083 0086 0089
технологичный	0013
технология	0002 0003 0005 0010 0011 0014 0015 0018 0025 0026 0030 0032 0033 0034 0035 0038 0039 0041 0042 0045 0046 0047 0051 0053 0054 0061 0062 0063 0064 0065 0068 0070 0071 0072 0074 0075 0076 0079 0083 0086 0087 0088 0089 0090 0093 0095
технотекст	0021 0045
техподдержка	0010 0021 0062 0087
техрука	0035
течение	0005 0010 0012 0015 0022 0038 0041 0051 0053 0061 0076 0083 0084 0086 0095
течь	0013 0036
тз	0035 0052
ти	0084
тигран	0045
тикать	0066
тикетный	0035
тикетовый	0005
тим	0094
тип	0005 0009 0013 0016 0017 0018 0021 0025 0028 0029 0031 0036 0037 0038 0040 0042 0043 0044 0045 0046 0049 0050 0051 0052 0054 0055 0056 0057 0058 0059 0060 0061 0062 0063 0064 0067 0069 0074 0075 0079 0080 0083 0084 0086 0088 0089 0091 0093 0095 0096 0098 0099
типизация	0051 0052 0061 0098
типизировать	0055 0098
типичный	0001 0005 0009 0021 0022 0036 0042 0045 0048 0051 0059 0061 0063 0067 0096 0099 0100
типовой	0062 0086 0096
типографский	0008
тире	0057
тиски	0076
титан	0076
тихий	0002 0013 0033 0076 0086
тихо	0005 0027 0044 0061 0076
тихонечный	0026
тишина	0076
ткань	0013 0086
товар	0024 0037 0051 0075 0076 0086 0089
товарищ	0027 0067
товарный	0003
тогдашний	0027
токен	0008 0017 0025 0036 0041 0051 0056 0064 0087 0091 0100
токенайзер	0030
токенизатор	0036
токенизация	0036
токенизировать	0036
толерантность	0027
толк	0025 0076
толковый	0053
толком	0027
толщина	0002 0033
том	0045 0051 0069 0071
томатный	0086
томик	0045
томпсон	0098
тон	0011 0013 0019 0032 0086
тональность	0018
тонкий	0057 0061 0075 0086 0096
тонкость	0006 0057 0078 0083
тонна	0021 0092
тоннель	0071 0073
тонуть	0006 0039
топ	0002 0003 0020 0027 0033 0034 0035 0086 0087
топливо	0022 0036 0050
топовый	0002 0027 0033 0067 0087
топологический	0036 0051
топология	0051
топтание	0053
топтаться	0053
торговать	0039
торговля	0006 0015 0018 0039 0076 0083
торговый	0010 0018 0034 0055
тормоз	0074 0076
торный	0022
торонто	0034
торопиться	0076
торт	0027
тост	0086
тот	0001 0002 0003 0005 0009 0010 0011 0013 0015 0021 0022 0023 0026 0027 0032 0033 0035 0036 0038 0039 0040 0041 0045 0046 0049 0050 0051 0052 0053 0055 0058 0060 0061 0062 0063 0065 0066 0067 0069 0071 0073 0075 0076 0077 0079 0082 0083 0084 0085 0086 0088 0089 0090 0092 0093 0095 0096 0097 0098 0099
тотальный	0015 0018 0034 0060
точечный	0045 0061
точка	0002 0005 0006 0007 0008 0009 0012 0016 0017 0021 0027 0030 0033 0034 0035 0036 0040 0042 0044 0045 0049 0050 0051 0052 0055 0056 0057 0059 0060 0061 0063 0064 0069 0071 0075 0076 0079 0080 0082 0083 0084 0089 0090 0093 0095 0098 0099
точнее	0001 0008 0021 0026 0038 0051 0057 0070 0088
точно	0001 0002 0003 0013 0015 0019 0022 0025 0033 0036 0045 0047 0050 0054 0056 0067 0071 0075 0082 0083 0087 0088 0090 0091 0092 0093 0100
точность	0002 0008 0013 0018 0021 0033 0036 0050 0068 0082 0087 0089 0093 0094
точный	0001 0002 0018 0021 0033 0034 0036 0050 0052 0059 0067 0068 0077 0082 0083 0093 0094 0099
тп	0030
трава	0071
травить	0013
традиционно	0063 0072 0089
традиционный	0005 0035 0051 0070 0075 0093 0094 0097
традиция	0045 0092
траектория	0015 0076
тракт	0023
трамп	0034
транзакционный	0018
транзакция	0005 0017 0018 0047 0050 0051 0089 0099
транзистор	0013
транзитивность	0050
транскрибация	0013 0087
транскрипта	0013
транслировать	0040 0051
транслироваться	0040 0050
транслитерация	0011 0032
трансляция	0038 0051
транспорт	0068
транспортировать	0051
транспортировка	0079
транспортный	0048 0051 0068
трансформация	0001 0002 0005 0007 0008 0033 0050 0061 0076
трансформер	0036
трансформера	0002 0018 0033 0036
трансформерный	0067
трансформировать	0002 0005 0033 0072
трансформироваться	0001 0076
трасса	0076
трассировка	0046 0051
трата	0002 0010 0013 0033 0051 0099
тратить	0001 0003 0010 0015 0027 0046 0053 0067 0076 0086 0090
тратиться	0046
трафик	0008 0041 0045 0047 0051 0063 0064 0065 0070 0073 0096
требование	0001 0003 0004 0005 0008 0010 0014 0015 0016 0025 0027 0035 0037 0038 0041 0042 0043 0045 0047 0050 0051 0055 0061 0067 0070 0074 0076 0087 0092 0095 0099
требовательный	0027 0055 0071
требовать	0002 0003 0005 0006 0008 0010 0011 0013 0015 0017 0018 0025 0026 0027 0032 0033 0034 0036 0040 0042 0043 0044 0045 0046 0047 0049 0050 0051 0052 0055 0059 0061 0063 0066 0067 0068 0069 0070 0071 0076 0079 0082 0083 0087 0089 0091 0092 0093 0095 0097 0099
требоваться	0002 0005 0008 0010 0015 0033 0034 0039 0041 0042 0043 0044 0045 0046 0047 0050 0051 0052 0053 0055 0062 0067 0070 0071 0074 0076 0087 0089 0090 0094 0095 0100
тревога	0015 0061 0076 0083
тревожный	0039 0076
трезубец	0076
трейдер	0006 0018 0034 0039
трейдинг	0006 0018
трейдинговый	0039
трейл	0099
трейс	0050
трейт	0025
трекер	0062
тренажёр	0013
тренд	0001 0003 0006 0021 0035 0046 0068 0089 0090 0095 0097
трендовый	0034
трение	0005
тренинг	0013 0053
тренировать	0013 0076 0082 0093
тренироваться	0013 0045 0067 0076 0082
тренировка	0020 0021 0036 0067 0076 0086 0093
тренировочный	0061 0067 0068
треснуть	0034
третий	0003 0004 0010 0013 0022 0034 0045 0050 0053 0057 0059 0061 0067 0071 0088 0100
треть	0001 0006 0024 0057
треугольник	0050 0071 0075
трещать	0034
три	0004 0005 0011 0012 0015 0021 0023 0030 0032 0035 0046 0050 0053 0054 0057 0062 0071 0075 0076 0078 0084 0097 0100
трибуна	0001
тривиальный	0071 0091 0093 0096
триггер	0006 0013 0084 0095
триггера	0084 0095
тридцать	0013 0076
трикотажный	0086
триллион	0006 0015 0036 0051 0094
трлн	0006 0034
троечка	0091
троечник	0053
троица	0052
тройка	0027 0049 0052
тропик	0079
тротлинга	0045
тротлиться	0045
троттлинг	0002 0033
труба	0042 0076 0083
трубин	0072
трубка	0013
труд	0003 0005 0015 0027 0035 0042 0053 0054 0067 0076 0083 0088 0089
трудиться	0076
трудно	0039 0067 0076 0079 0099
труднодостижимый	0005
труднопроизносимый	0011 0032
трудность	0012 0015 0067 0068 0075 0094
трудный	0015 0076 0082
трудовой	0003 0010 0026 0045 0063 0075
трудозатрата	0062
трудоустроить	0027 0067
трудоустройство	0067
труно	0093
трушной	0027
трюк	0057 0060 0076 0086 0091
тряска	0006
трёхзначный	0099
трёхсторонний	0051
туалет	0034
туалетный	0015
туда	0004 0007 0021 0027 0035 0039 0049 0051 0066 0067 0091 0095
тук	0054
тула	0013
тулов	0040
тулчейн	0092
туман	0076
туманно	0076
туманность	0022
туманный	0006 0039
тумат	0030
тумблер	0028 0031
туннелирование	0012 0051
туннель	0012 0051 0063 0091
тупик	0060
тупой	0082
тупость	0082
тур	0095
турбулентный	0061
тусклый	0022
туториал	0001 0021 0041 0045 0048 0052 0054 0056 0057 0058 0059 0067 0070 0077 0078 0084 0092 0093 0095
туча	0039
тушить	0009 0039
тщательно	0010 0036 0051 0062 0076 0083 0089
тщательный	0005 0036 0051 0061 0070 0083 0086
ты	0018 0027 0037 0059 0086
тыс	0003 0024 0076
тысяча	0004 0005 0006 0010 0011 0013 0015 0018 0021 0022 0032 0036 0037 0054 0060 0061 0064 0067 0071 0075 0076 0089 0093 0095 0099
тысячная	0045
тьюринг	0034 0083 0089
тюльпан	0006
тюльпановый	0006
тюнинг	0005 0096
тюринг	0034
тяготеть	0022
тяготить	0076
тяжело	0020 0039 0046 0067 0082
тяжеловесный	0046 0061
тяжесть	0075
тяжёлый	0001 0002 0005 0022 0033 0039 0044 0045 0051 0075 0083 0092 0095
тянуть	0027 0034 0045 0053 0057 0076
тянуться	0059
тёмный	0026 0057 0076 0086
тёплый	0005
убедить	0076 0093
убедиться	0002 0011 0015 0032 0033 0035 0038 0041 0042 0050 0051 0055 0058 0060 0063 0064 0070 0077 0086 0095
убеждать	0076
убеждаться	0045
убежище	0076
уберечь	0025
убивать	0053 0071 0076 0090
убирать	0021 0035 0037 0052 0071
убить	0005 0045 0076 0092
ублюдский	0027
уборка	0086
убрать	0013 0034 0043 0052 0092 0095 0100
убыток	0018
уважаемый	0022 0026 0088
уважать	0001 0051
уважение	0027 0088
уведомить	0050 0051
уведомление	0026 0028 0031 0050 0051 0054 0055 0079
уведомлять	0051 0064
увеличение	0021 0024 0030 0036 0037 0040 0042 0047 0050 0051 0079 0081
увеличивать	0006 0018 0034 0037 0044 0046 0050 0051 0052 0057 0076 0095
увеличиваться	0005 0021 0022 0035 0047 0050 0051 0089
увеличить	0021 0036 0044 0045 0047 0050 0059 0060 0061 0085 0087
увеличиться	0024 0036 0085
уверенно	0005 0015 0018 0041 0047 0059 0061 0067 0072 0088
уверенность	0003 0015 0053 0063 0088 0094
уверенный	0001 0015 0027 0036 0047 0049 0053 0060 0063 0071 0076 0079 0084 0090 0091 0095 0097
уверить	0013 0015 0036 0055 0067 0076 0085 0095
увесистый	0088
увидеть	0001 0006 0011 0013 0015 0021 0023 0027 0032 0035 0036 0037 0038 0039 0041 0044 0045 0049 0052 0057 0059 0060 0061 0062 0063 0065 0067 0071 0076 0077 0079 0083 0084 0085 0086 0088 0093 0095 0097 0098
увидеться	0092
увлекательно	0037
увлекательный	0010 0063 0068
увлекать	0015
увлечение	0076
увлечь	0042
уволить	0003 0027
уволиться	0010 0054
увольнение	0003 0010
увольняться	0003
увы	0057
угадать	0004 0034 0052 0085 0093 0099
угадывание	0036
угадывать	0018
угасать	0076
углеволокно	0002 0033
углерод	0022
углубиться	0039 0067 0071
углубляться	0034 0045 0046 0065
угодный	0005 0034 0051 0060 0065 0069 0095 0098
угол	0028 0031 0071 0082 0095
уголовный	0003
уголок	0015
угрожать	0076
угроза	0001 0012 0015 0047 0076 0079
удаваться	0006 0034 0051 0067 0071
удаление	0005 0041 0045 0049 0050 0051 0052 0059 0061 0063 0065 0069 0070 0080 0087 0088 0095 0099
удаленький	0041
удалить	0010 0012 0014 0017 0021 0025 0026 0041 0045 0050 0051 0055 0059 0061 0063 0064 0067 0069 0075 0079 0090 0095 0096 0097 0099
удаль	0056
удалять	0008 0010 0026 0045 0049 0050 0051 0052 0061 0064 0069 0076 0095 0099
удаляться	0040 0050 0084 0095
удалёнка	0027
удалённость	0071
удалённый	0002 0010 0013 0016 0027 0033 0038 0039 0050 0051 0061 0076 0084 0096 0098
удалёнщик	0039
удар	0076 0083
ударить	0096
удаться	0010 0039 0046 0051 0067 0085 0088 0089 0095 0100
удача	0027 0052 0057 0063 0067 0076 0095
удачный	0011 0032 0065 0071
удваиваться	0015
удвоение	0001
удел	0045 0083
уделить	0092
уделять	0015 0067
уделяться	0042 0086
удержание	0003 0076 0089
удержаться	0067
удерживать	0002 0022 0033 0076
удерживаться	0003
удивительно	0015 0082 0085 0095
удивительность	0086
удивительный	0060 0088
удивить	0015 0026 0036 0076 0088
удивление	0086
удивлять	0076
удивляться	0015 0027 0076 0082
удивлённо	0086
удивлённый	0076
удобно	0002 0026 0033 0039 0043 0045 0047 0050 0056 0061 0067 0069 0072 0084 0091
удобный	0002 0011 0015 0021 0025 0030 0032 0033 0037 0045 0046 0047 0050 0051 0052 0057 0061 0062 0063 0064 0067 0069 0070 0073 0085 0089 0095 0100
удобрение	0076
удобство	0020 0030 0037 0043 0045 0046 0047 0050 0061 0069 0070 0075 0095 0097 0099
удовлетворение	0042 0086 0093
удовлетворить	0015 0051 0076
удовлетворять	0010 0044 0047 0080 0098
удовольствие	0005 0027 0097
удостовериться	0095
уединение	0067
уезжать	0027
уехать	0045 0071 0091
ужас	0071 0086
ужасающий	0045
ужасно	0076
ужаснуться	0086
ужасный	0086
ужесточить	0061
ужиматься	0057
ужин	0015 0086
узел	0012 0016 0036 0041 0042 0047 0050 0051 0059 0064 0066 0083 0092 0093 0095 0099
узкий	0005 0008 0013 0018 0072 0076 0083 0095
узкоспециализированный	0092
узнавать	0011 0032 0076 0082 0083 0085
узнать	0004 0009 0010 0016 0023 0025 0030 0035 0037 0041 0043 0045 0050 0054 0055 0060 0067 0076 0079 0081 0083 0085 0086 0088 0092 0093 0095 0096 0097 0098
узы	0027
уйти	0005 0006 0010 0011 0013 0032 0045 0053 0067 0076 0089 0090 0096
ук	0003
указ	0076
указание	0025 0050 0051 0052 0059 0063 0079 0080 0086 0088 0096 0098 0100
указанный	0010 0016 0042 0044 0045 0049 0050 0064 0065 0067 0069 0075 0080 0084 0088 0092 0095
указатель	0040 0049 0050 0051 0061 0098
указать	0003 0011 0015 0016 0032 0038 0040 0041 0042 0044 0045 0050 0051 0052 0055 0059 0063 0064 0065 0067 0069 0078 0079 0080 0084 0088 0095 0097 0098 0100
указывать	0002 0006 0015 0016 0021 0033 0036 0038 0040 0041 0042 0045 0049 0050 0051 0052 0056 0059 0060 0065 0066 0069 0073 0084 0086 0088 0091 0094 0095 0096 0097 0098
указываться	0038 0044 0050 0051 0084 0098
укорениться	0076
украдкой	0076
украсть	0012 0076
укрепить	0076
укреплять	0076
укрыться	0076
уксус	0086
улавливание	0094
улетать	0013
улететь	0027
улетучиваться	0053
улица	0001 0086 0093
уловка	0067
уложить	0086
улучшать	0002 0015 0033 0037 0050 0052 0068 0075 0087
улучшаться	0005 0011 0015 0032 0085 0093
улучшение	0002 0009 0015 0025 0033 0035 0042 0050 0051 0055 0061 0068 0076 0080 0082 0088 0089 0093 0094 0095
улучшить	0002 0023 0029 0030 0033 0034 0036 0042 0047 0050 0051 0055 0061 0068 0070 0076 0087 0088
улучшиться	0005
улыбка	0027
улыбнуться	0039
улыбчивый	0013
ультрабук	0002 0033
ультрабуква	0002 0033
ультраминималистичный	0002 0033
уля	0023
ум	0015 0018 0050 0055 0076 0090
умалчивать	0027
умасливать	0013
умело	0067
умение	0001 0015 0039 0042 0052 0088
уменьшать	0003 0046 0050 0051 0075 0091
уменьшаться	0001 0022 0036 0051 0082 0085
уменьшение	0008 0036 0048 0050 0061 0067 0075 0085 0093
уменьшить	0008 0021 0036 0045 0050 0051 0059 0067 0069 0085 0093
уменьшиться	0017 0036 0085
умеренно	0051
умеренность	0023
умеренный	0009 0023
умереть	0021 0059 0076
уместить	0015 0038
уместно	0067
уместный	0006
уметь	0012 0013 0015 0018 0026 0027 0035 0039 0043 0045 0046 0048 0050 0052 0053 0059 0061 0067 0072 0082 0086 0088 0091 0095 0096 0100
умирать	0045 0052 0082 0094
умирающий	0045
умножать	0036 0044 0071 0093
умножаться	0085
умножение	0008 0036 0052 0093 0098
умножить	0034 0051
умный	0001 0011 0013 0015 0018 0032 0034 0036 0039 0049 0053 0068 0082 0083 0086 0090 0092 0093
умолчание	0005 0008 0011 0012 0015 0025 0030 0032 0038 0041 0045 0046 0050 0051 0052 0055 0058 0059 0060 0061 0063 0065 0069 0070 0073 0074 0080 0084 0086 0087 0088 0092 0093 0095 0097 0098 0099
умственный	0076
умышленный	0003
унаследовать	0025 0050 0055
универсал	0087
универсально	0072
универсальность	0002 0033 0047 0070 0083
универсальный	0005 0013 0015 0018 0050 0051 0062 0067 0070 0072 0087 0092
университет	0010 0015 0023 0034 0053 0082
уникальность	0017 0050
уникальный	0002 0007 0011 0018 0027 0032 0033 0036 0042 0047 0049 0050 0051 0052 0054 0056 0060 0061 0068 0070 0087 0090 0092 0095 0096 0097 0098
унисон	0095
унитаз	0027
унитарный	0075
унификация	0005 0062
унифицировать	0002 0005 0030 0033 0047 0051
уничтожать	0076 0099
уничтожаться	0050 0051 0091
уничтожение	0050 0051 0095
уничтожить	0076 0086
уолл	0006
уорд	0075
упавший	0005 0039 0084 0099
упаковать	0052 0065 0071 0095
упаковка	0065 0086
упаковываться	0050 0065
упасть	0005 0006 0013 0039 0045 0047 0052 0059 0071 0094 0099
упереться	0045
упираться	0005 0076 0099
уплатить	0003
уплачиваться	0003
уплотнение	0005
уплотнять	0057
уплыть	0091
упоенный	0039
уполномоченный	0014
упоминание	0084 0088 0096
упоминать	0045 0071 0088 0093
упоминаться	0016 0040 0045 0050 0055 0088 0089 0100
упомянуть	0010 0015 0040 0054 0055 0064 0065 0067 0069 0079
упор	0035 0089
упорствовать	0097
упорядоченность	0061
упорядочивание	0089
упорядочивать	0047
упорядочить	0045 0049 0050 0051 0075 0086
употребение	0096
употребление	0023
употреблять	0034
управленец	0026
управление	0001 0002 0003 0004 0005 0006 0007 0009 0012 0015 0016 0018 0027 0029 0033 0035 0036 0037 0038 0039 0040 0041 0042 0043 0045 0047 0050 0051 0052 0053 0054 0059 0060 0061 0062 0063 0064 0068 0069 0070 0071 0074 0079 0080 0086 0087 0088 0089 0090 0092 0095 0098
управленческий	0003
управляемость	0061
управляемый	0012 0015 0035 0047 0050 0069 0079
управлять	0004 0006 0010 0015 0025 0035 0037 0038 0039 0041 0042 0045 0047 0050 0051 0052 0056 0059 0060 0061 0063 0064 0065 0074 0076 0079 0083 0084 0088 0091 0092 0095 0096
управляться	0035 0038 0042 0050 0051 0065 0069 0071 0088 0095
упражнение	0067 0088
упражняться	0082
упреждать	0051
упреждающий	0076
упростить	0010 0011 0032 0036 0043 0050 0051 0061 0062 0068 0079 0095
упроститься	0062
упрощать	0002 0011 0016 0030 0032 0033 0037 0047 0050 0051 0054 0061 0069 0070 0071 0079 0095 0098
упрощаться	0090
упрощение	0036 0042 0051 0063 0070 0075 0090 0098
упрощённо	0053 0055 0065
упрощённый	0004 0036 0043 0048 0050 0051 0057 0071 0078 0093
упс	0095
упустить	0001 0010 0057
ура	0034 0095
уравнение	0071 0085 0093
уравнивание	0023
уравнитель	0076
уравнять	0023 0086
урезанный	0063
урезать	0011 0026 0032
уровень	0001 0002 0003 0004 0005 0006 0008 0009 0010 0011 0012 0013 0015 0016 0017 0018 0020 0021 0023 0025 0026 0027 0028 0030 0031 0032 0033 0034 0035 0036 0037 0038 0039 0040 0041 0042 0043 0044 0045 0046 0047 0048 0049 0050 0051 0052 0053 0054 0055 0056 0057 0059 0060 0061 0062 0063 0064 0065 0067 0068 0069 0070 0071 0072 0073 0074 0075 0076 0077 0078 0079 0080 0081 0082 0083 0084 0085 0086 0087 0088 0089 0090 0091 0092 0093 0094 0095 0099 0100
урок	0005 0013 0017 0037 0041 0052 0060 0074 0081 0093 0097
усвоение	0090
усвоить	0079
усердно	0076
усердный	0025
усиление	0018 0061
усиливать	0009
усиливаться	0015
усилие	0005 0050 0062 0067 0076 0086 0088 0089 0095
усилитель	0009
усилить	0076
ускорение	0002 0009 0011 0030 0032 0033 0039 0047 0048 0051 0061 0071 0076 0084 0097
ускорить	0042 0045 0050 0051 0068 0076 0083
ускориться	0009 0015 0061 0087 0099
ускорять	0008 0009 0047 0060 0061
ускоряться	0001
условие	0002 0003 0007 0009 0010 0013 0017 0018 0033 0042 0044 0045 0047 0049 0050 0051 0052 0054 0057 0059 0061 0068 0072 0075 0083 0089 0090 0092 0094 0095 0096 0098
условно	0018 0061 0067
условный	0022 0025 0042 0044 0052 0075 0091
усложнение	0050 0070 0071
усложнить	0050 0075
усложниться	0075
усложнять	0004 0038 0043 0050 0091 0092
усложняться	0045
услуга	0001 0002 0003 0004 0005 0006 0007 0008 0009 0010 0011 0012 0013 0014 0015 0016 0017 0018 0019 0020 0021 0022 0023 0024 0025 0026 0027 0028 0029 0030 0031 0032 0033 0034 0035 0036 0037 0038 0039 0040 0041 0042 0043 0044 0045 0046 0047 0048 0049 0050 0051 0052 0053 0054 0055 0056 0057 0058 0059 0060 0061 0062 0063 0064 0065 0066 0067 0068 0069 0070 0071 0072 0073 0074 0075 0076 0077 0078 0079 0080 0081 0082 0083 0084 0085 0086 0087 0088 0089 0090 0091 0092 0093 0094 0095 0096 0097 0098 0099 0100
услышать	0015 0027 0086 0095
усмотрение	0004
усн	0004
усовершенствование	0036
усовершенствовать	0034 0071 0083
успевать	0016 0034 0061 0076 0088
успеть	0010 0012 0022 0034 0045 0060 0061 0076 0090 0093
успех	0010 0013 0015 0027 0034 0051 0066 0067 0071 0078 0089 0098
успешно	0005 0012 0015 0016 0024 0035 0041 0045 0047 0050 0056 0064 0071 0089 0095
успешность	0075 0089
успешный	0009 0013 0018 0035 0045 0047 0050 0059 0067 0068 0071 0080 0089 0095
успокаивать	0076
усреднение	0075
усреднить	0018 0071 0086 0092
усреднять	0036 0075
уставать	0002 0033
уставный	0010
усталость	0002 0023 0033 0090
устанавливать	0016 0017 0038 0042 0045 0050 0051 0056 0059 0063 0065 0069 0070 0083 0084 0091 0095 0097
устанавливаться	0036 0051 0063 0084 0097
установить	0002 0008 0010 0011 0022 0025 0032 0033 0037 0038 0041 0042 0043 0045 0047 0048 0050 0051 0055 0056 0059 0063 0064 0065 0079 0080 0083 0084 0087 0093 0095 0097 0098
установиться	0065
установка	0035 0036 0038 0041 0042 0045 0050 0051 0056 0059 0063 0066 0067 0069 0070 0079 0080 0084 0087 0088 0092 0095 0098 0100
установление	0051 0080
установленный	0008 0010 0012 0025 0038 0045 0051 0056 0063 0080 0081 0087 0088
установщик	0055 0061 0070 0080 0087 0095 0098
устаревание	0089
устаревать	0083
устаревший	0005 0011 0018 0025 0032 0042 0051 0055 0061 0063 0083
устареть	0015 0045 0061
устать	0086
устинов	0018
устный	0008
устойчивость	0015 0047 0051 0094
устойчивый	0002 0006 0010 0015 0018 0027 0033 0061 0076 0094
устояться	0035 0047
устраивать	0035 0039
устранение	0005 0009 0012 0016 0035 0042 0059 0076 0079
устранить	0016 0050 0082 0083
устранять	0012 0051 0076
устраняться	0047 0048
устрашающий	0088
устроенный	0049 0059 0066 0083 0092
устроить	0013 0018 0022 0039 0045 0061 0067 0072 0086 0088 0092
устроиться	0027
устройство	0001 0002 0003 0004 0005 0006 0007 0008 0009 0010 0011 0012 0013 0014 0015 0016 0017 0018 0019 0020 0021 0022 0023 0024 0025 0026 0027 0028 0029 0030 0031 0032 0033 0034 0035 0036 0037 0038 0039 0040 0041 0042 0043 0044 0045 0046 0047 0048 0049 0050 0051 0052 0053 0054 0055 0056 0057 0058 0059 0060 0061 0062 0063 0064 0065 0066 0067 0068 0069 0070 0071 0072 0073 0074 0075 0076 0077 0078 0079 0080 0081 0082 0083 0084 0085 0086 0087 0088 0089 0090 0091 0092 0093 0094 0095 0096 0097 0098 0099 0100
уступать	0005 0011 0020 0032 0097
усугубляться	0094
утвердить	0004
утверждать	0030 0076 0094
утверждение	0018 0050 0076
утекать	0091
утечка	0008 0016 0050 0051 0064 0089 0091 0099
утешать	0015
утешение	0015
утилизация	0035
утилизировать	0076
утилит	0029 0041 0045 0048 0050 0051 0055 0058 0064 0065 0066 0070 0088 0092 0095
утилита	0044 0051 0058 0063 0079 0091 0095
утомительный	0050
утонуть	0009
утопия	0053
уточнение	0004 0051 0067
уточнить	0002 0033 0092
уточнять	0090
утрата	0004 0006 0076
утратить	0088
утрировать	0039
утро	0010 0023 0076
утром	0001 0026 0053 0076
ухаживать	0071 0076
ухищрение	0036 0052
уход	0003 0054 0062 0068 0086 0089
уходить	0001 0013 0015 0027 0039 0076 0090
ухудшать	0010
ухудшение	0045 0050
ухудшить	0093
участвовать	0001 0004 0008 0009 0022 0026 0035 0036 0042 0050 0051 0061 0076
участие	0001 0004 0009 0015 0042 0047 0061 0067 0075 0076
участник	0006 0009 0010 0012 0014 0023 0027 0034 0035 0054 0055 0057 0090 0093
участок	0040 0052 0060 0061 0086
учебник	0007 0054 0071 0099
учебный	0003 0004 0039 0053 0059 0067 0068 0078 0083 0100
учение	0051
ученик	0007 0086
учесть	0001 0022 0047 0050 0084 0088 0089 0096
учитель	0013 0034 0067 0069 0071 0075 0076 0078 0089 0093
учительница	0013
учитывать	0011 0013 0015 0018 0025 0032 0034 0035 0036 0041 0047 0050 0051 0054 0067 0068 0071 0075 0076 0086 0093 0094
учитываться	0075 0080 0083
учить	0004 0013 0015 0046 0059 0083
учиться	0001 0015 0027 0036 0039 0062 0067 0068 0071 0072 0075 0076 0082 0083 0089 0093 0094
учредительный	0010
учреждение	0004
учёба	0002 0010 0033 0039 0067
учёный	0072 0076 0083
учёт	0003 0009 0015 0017 0025 0035 0047 0050 0051 0062 0068 0070 0080
учётный	0005 0012 0016 0026 0041 0064 0079 0100
ущерб	0091
уэйн	0030
уязвимость	0003 0016 0017 0035 0047 0079 0100
уязвимый	0010 0016 0017 0079 0100
фабрика	0013 0043 0050
фабриковать	0076
фабричный	0050 0061
фаворит	0046
фаза	0009 0045 0048 0051 0054 0061
файл	0002 0005 0008 0012 0016 0021 0025 0026 0029 0033 0035 0036 0038 0040 0041 0042 0044 0045 0047 0050 0051 0052 0055 0056 0058 0059 0060 0061 0063 0064 0065 0066 0069 0070 0073 0074 0076 0077 0079 0080 0081 0084 0087 0088 0091 0092 0095 0096 0097 0098 0100
файловый	0012 0045 0047 0050 0051 0063 0066 0069 0070 0074 0080 0081 0084 0088 0092 0095 0096 0100
файлообменник	0012
файрвол	0010
фак	0027
факап	0027
факт	0001 0005 0006 0017 0021 0023 0026 0034 0036 0039 0057 0061 0062 0065 0076 0083 0086 0088 0092 0093
фактически	0016 0021 0036 0050 0051 0055 0075 0077 0097
фактический	0003 0010 0022 0035 0050 0051 0062 0071 0093 0097 0099
факто	0005 0070
фактологически	0018
фактор	0002 0008 0009 0013 0015 0022 0023 0033 0035 0041 0047 0050 0051 0054 0068 0070 0075 0086 0094
факторный	0018
фальшивый	0076 0086
фамилия	0088
фанат	0026
фантазия	0076 0083
фантастика	0001 0018 0072 0076 0089
фантастический	0036 0039 0055 0072 0076 0083
фантом	0076
фаренгейт	0093
фарли	0009
фарш	0027 0086
фасад	0049 0050
фасоль	0086
фатальный	0034
фауна	0079
фев	0001 0002 0003 0005 0006 0007 0008 0009 0011 0012 0013 0014 0015 0018 0019 0022 0023 0024 0025 0026 0028 0029 0030 0031 0032 0033 0034 0036 0053 0055 0056 0080 0099
февраль	0001 0002 0006 0010 0014 0015 0026 0028 0031 0033 0036 0044 0053 0076
федеральный	0010
фейк	0027
фейковый	0027
фейс	0060
феномен	0063
фермер	0039 0083
фз	0008 0087
фигера	0022
фигня	0001
фигура	0050 0071 0097 0098
фигурант	0003
фигурировать	0003
фигурный	0050 0052 0084
фидбек	0095
физика	0022 0076 0094
физически	0001 0018 0037 0045 0051 0060 0094
физический	0002 0004 0005 0008 0010 0015 0022 0023 0033 0041 0047 0051 0065 0075 0076 0082 0094 0096
физлицо	0004 0010
физтех	0067
фикс	0016
фиксация	0034
фиксировать	0003 0015 0018 0027 0035 0036 0041 0045 0046 0050 0051 0052 0059 0061 0062 0076 0098
фиксить	0035
филе	0086
филипп	0023 0090
философ	0076 0086
философия	0042 0046 0052 0070 0076 0082
философский	0027 0036
фильм	0019 0027 0030 0039 0072 0076 0083 0089
фильтр	0005 0010 0027 0028 0031 0051 0059 0071 0076
фильтрация	0009 0030 0050 0051
фильтровать	0051 0076 0095 0099
фильтроваться	0016 0036
финал	0007 0061
финализация	0061
финализировать	0061
финальный	0001 0005 0013 0036 0052 0061 0062 0063 0069 0072 0087 0095 0100
финансирование	0004 0006 0010 0074
финансироваться	0010 0074
финансовый	0003 0004 0005 0006 0010 0015 0018 0034 0039 0051 0053 0075 0076 0087 0099
финансы	0004 0006 0010 0015 0018 0027 0068
финдира	0003
финтех	0005 0006
фио	0008
фирма	0010 0015 0075
фирменный	0002 0033 0091
фича	0001 0005 0009 0035 0045 0048 0061 0062 0074 0087 0091 0095
фишинга	0017
фишка	0002 0020 0033 0047 0091
флаг	0037 0041 0044 0045 0048 0050 0056 0058 0059 0061 0069 0070 0076 0084 0095
флагман	0087
флагманский	0002 0033
флешка	0002 0033 0070
флоксить	0013
флора	0079
флот	0076
флоу	0039
флуд	0077
флуоресцентный	0086
флёша	0051
фнс	0003 0004
фокус	0035 0045 0067 0070
фокусировать	0035 0061
фокусироваться	0007 0035 0042 0051 0061 0070
фон	0002 0006 0015 0018 0027 0033 0069 0086 0090 0091
фонд	0006 0012 0018 0034
фондовый	0015 0018 0034
фондовыйрынок	0006
фоновый	0069 0088 0092 0095
форбс	0082
форк	0070 0092
форма	0002 0010 0013 0021 0022 0023 0030 0033 0051 0054 0057 0061 0071 0076 0084 0085 0086 0088 0090 0093 0095 0100
формализованный	0075
формально	0004 0006 0061
форманом	0089
формат	0005 0008 0011 0016 0021 0024 0027 0032 0038 0040 0043 0044 0045 0046 0050 0051 0059 0061 0063 0064 0067 0069 0070 0073 0074 0075 0079 0080 0084 0095 0097 0098 0099
форматирование	0011 0025 0032 0051 0052 0057 0061 0098
формирование	0022 0035 0057 0065 0068 0070 0075 0080 0083
формировать	0016 0034 0070 0072 0075 0086
формироваться	0003 0015 0022 0061 0075 0076
формула	0042 0044 0049 0050 0051 0052 0067 0071 0090 0093 0098
формулировать	0089
формулировка	0004 0011 0018 0027 0032 0067
форс	0077
форточка	0027
фортран	0027
форум	0006 0014 0016 0070
фот	0003
фото	0008 0059 0071
фотограф	0002 0033
фотография	0034 0071 0075 0083 0086 0089
фотон	0022
фотосфера	0022
фотохостинг	0047
фрагмент	0005 0025 0050 0051
фрагментация	0005 0022 0051
фрагментировать	0005 0051
фраза	0001 0011 0013 0026 0027 0032 0045 0053 0071 0076 0083 0088 0090 0094 0099
фрайман	0040
фрактальный	0082
франциско	0034 0076 0089
фрейм	0040 0044 0050 0097
фреймворк	0001 0008 0009 0030 0037 0044 0046 0050 0053 0055 0063 0079 0089 0100
фридман	0030
фрилансер	0002 0010 0011 0032 0033
фронт	0039
фронтенд	0010 0013 0030 0042 0045 0051 0063
фронтендер	0030
фрукт	0050 0086
фрэнк	0085
фс	0066
фсс	0003
фстэк	0008
фундамент	0003 0015 0052 0079 0099
фундаментально	0001 0036
фундаментальный	0006 0018 0036 0060 0061 0070 0094
функционал	0005 0035 0037 0047 0050 0051 0059
функциональность	0011 0025 0032 0041 0042 0045 0047 0050 0051 0070 0074 0091 0095
функциональный	0002 0015 0018 0033 0035 0037 0041 0050 0055 0061 0070
функционирование	0042 0050 0051 0053 0054 0068 0079
функционировать	0051 0065 0083
функция	0005 0010 0011 0015 0016 0017 0019 0021 0023 0025 0028 0029 0030 0031 0032 0035 0036 0038 0040 0042 0043 0045 0047 0049 0050 0051 0052 0055 0057 0060 0061 0067 0068 0070 0071 0074 0075 0081 0082 0084 0085 0087 0088 0089 0093 0097 0098
фунт	0085 0086
фурье	0071
футболка	0086
футура	0025
футуристичный	0013
фуф	0020
фух	0085
фёвр	0054
фёдор	0069
хаба	0001 0002 0003 0004 0005 0006 0007 0008 0009 0010 0011 0012 0013 0014 0015 0016 0017 0018 0019 0020 0021 0022 0023 0024 0025 0026 0027 0028 0029 0030 0031 0032 0033 0034 0035 0036 0037 0038 0039 0040 0041 0042 0043 0044 0045 0046 0047 0048 0049 0050 0051 0052 0053 0054 0055 0056 0057 0058 0059 0060 0061 0062 0063 0064 0065 0066 0067 0068 0069 0070 0071 0072 0073 0074 0075 0076 0077 0078 0079 0080 0081 0082 0083 0084 0085 0086 0087 0088 0089 0090 0091 0092 0093 0094 0095 0096 0097 0098 0099 0100
хаббл	0022
хабов	0021
хабра	0001 0002 0003 0004 0005 0006 0007 0008 0009 0010 0011 0012 0013 0014 0015 0016 0017 0018 0019 0020 0021 0022 0023 0024 0025 0026 0027 0028 0029 0030 0031 0032 0033 0034 0035 0036 0037 0038 0039 0040 0041 0042 0043 0044 0045 0046 0047 0048 0049 0050 0051 0052 0053 0054 0055 0056 0057 0058 0059 0060 0061 0062 0063 0064 0065 0066 0067 0068 0069 0070 0071 0072 0073 0074 0075 0076 0077 0078 0079 0080 0081 0082 0083 0084 0085 0086 0087 0088 0089 0090 0091 0092 0093 0094 0095 0096 0097 0098 0099 0100
хабраэффект	0047
хай	0013
хайлоад	0035
хайп	0001 0005 0018 0027 0034 0094
хайя	0034
хак	0017
хакатон	0057 0067
хакер	0012 0016 0049 0052 0060 0076 0079
хакинг	0076 0079
хакнуть	0076
хаос	0036 0037 0060
характер	0001 0003 0023 0067 0075 0083 0086
характеризоваться	0075
характеристика	0002 0012 0033 0045 0050 0051 0070 0075 0083 0087 0089 0098
характерный	0045 0061 0092 0096
хард	0013
хардкорный	0067
харидти	0090
харизма	0007
харпер	0030
хата	0045
хацкер	0057
хватать	0002 0010 0033 0034 0040 0045 0055 0067 0077 0082 0083 0086 0088
хватить	0002 0010 0021 0033 0045 0053
хватка	0076
хедж	0006 0018
хей	0091
хекслёт	0001 0002 0003 0004 0005 0006 0007 0008 0009 0010 0011 0012 0013 0014 0015 0016 0017 0018 0019 0020 0021 0022 0023 0024 0025 0026 0027 0028 0029 0030 0031 0032 0033 0034 0035 0036 0037 0038 0039 0040 0041 0042 0043 0044 0045 0046 0047 0048 0049 0050 0051 0052 0053 0054 0055 0056 0057 0058 0059 0060 0061 0062 0063 0064 0065 0066 0067 0068 0069 0070 0071 0072 0073 0074 0075 0076 0077 0078 0079 0080 0081 0082 0083 0084 0085 0086 0087 0088 0089 0090 0091 0092 0093 0094 0095 0096 0097 0098 0099 0100
хелперы	0092 0095
херня	0027
херок	0095
хеш	0048 0049 0050 0051 0052 0058 0079 0082
хеширование	0049
хешироваться	0051
химзащита	0076
химический	0022 0034 0075 0076
химия	0034
хинтинг	0052
хинтон	0034
хитро	0004
хитрый	0086
хлеб	0039 0052 0076 0086
хлебный	0076
хлипкий	0076
хлопок	0034
хлынуть	0076
хогвартс	0086
ход	0002 0012 0016 0018 0022 0023 0028 0031 0033 0043 0057 0062 0076 0079 0082 0084 0085 0089 0100
ходить	0003 0015 0027 0073
хозяин	0076
хозяйка	0027
хозяйство	0083 0086
хок	0005
холдем	0089
холодильник	0013
холодно	0027
холодное	0005 0008 0027 0076
холодный	0005 0018 0022 0076
холостой	0081
хороший	0001 0002 0003 0004 0005 0006 0007 0008 0009 0010 0011 0012 0013 0015 0016 0017 0018 0020 0021 0022 0023 0025 0026 0027 0029 0030 0032 0033 0034 0035 0036 0037 0038 0039 0040 0041 0042 0043 0044 0045 0046 0047 0048 0049 0050 0051 0052 0053 0054 0055 0056 0057 0058 0059 0060 0061 0062 0063 0064 0065 0066 0067 0068 0069 0070 0071 0072 0073 0074 0075 0076 0077 0078 0079 0080 0081 0082 0083 0084 0085 0086 0087 0088 0089 0090 0091 0092 0093 0094 0095 0096 0097 0098 0099 0100
хорошист	0053
хорспул	0029
хорёк	0076
хосе	0019
хост	0008 0012 0038 0041 0045 0046 0051 0059 0063 0064 0065 0069 0077 0079 0084 0092 0095 0100
хостинг	0010 0011 0012 0032
хостинговый	0051
хостнейм	0045
хостовый	0041 0079
хотеть	0001 0002 0006 0010 0012 0013 0015 0017 0018 0020 0025 0026 0027 0033 0034 0035 0038 0039 0040 0043 0045 0046 0049 0050 0051 0052 0053 0054 0055 0057 0058 0059 0061 0064 0065 0066 0067 0068 0069 0071 0076 0077 0078 0079 0084 0085 0086 0087 0088 0090 0091 0093 0095 0096 0097 0098
хотеться	0001 0010 0021 0026 0027 0034 0038 0039 0044 0045 0046 0061 0063 0067 0071 0076 0082 0088 0091 0095 0096
хотя	0005 0006 0010 0011 0015 0017 0021 0022 0023 0027 0032 0037 0038 0041 0045 0047 0050 0051 0052 0053 0054 0055 0058 0059 0060 0061 0067 0072 0076 0078 0079 0082 0083 0086 0088 0089 0094 0096 0097 0099
хотяб	0034
храм	0086
хранение	0002 0005 0008 0010 0012 0026 0033 0038 0040 0041 0045 0047 0049 0050 0051 0059 0061 0063 0070 0072 0079 0087 0089 0091 0095 0098
хранилище	0005 0008 0012 0038 0041 0042 0045 0047 0050 0051 0063 0064 0065 0091 0092 0095 0096
хранить	0008 0026 0036 0040 0041 0044 0045 0049 0050 0051 0052 0054 0056 0060 0061 0064 0067 0084 0089 0091 0095 0098 0099
храниться	0006 0026 0038 0040 0045 0049 0050 0051 0052 0060 0064 0065 0079 0084 0089 0091 0096 0097
храповик	0076
хрен	0013
хреначить	0027
хромосфера	0022
хронологический	0045
худеть	0027
худить	0039
художественно	0039
художник	0002 0027 0033
хумуса	0086
хэдж	0034
хэджфонд	0034
хэй	0093
хэш	0012 0050 0051 0056 0058
хэширование	0050
хэшсумма	0084
цвет	0002 0013 0023 0029 0033 0042 0050 0071 0086 0097
цветковый	0023
цветовой	0002 0033 0086 0097
цветок	0023
цветокалибровка	0002 0033
цветокоррекция	0002 0033
цветопередача	0002 0033
цветочек	0027
целевой	0011 0012 0016 0032 0051 0063 0065 0069 0070 0092 0093 0095 0097
целенаправленно	0051 0093
целеполагание	0018
целесообразно	0086
целесообразность	0087
целиком	0005 0045 0052 0059 0060
целое	0005 0009 0018 0022 0023 0025 0027 0035 0036 0038 0039 0041 0042 0045 0047 0049 0050 0051 0052 0062 0067 0071 0075 0076 0078 0079 0082 0086 0092 0098 0100
целостность	0050 0051 0099
целостный	0051 0074
целочисленный	0036 0050 0051 0052 0098
целый	0013 0025 0036 0042 0044 0050 0051 0052 0053 0057 0060 0067 0075 0076 0082 0083 0092 0098
цель	0005 0010 0011 0012 0018 0023 0032 0036 0038 0039 0040 0041 0042 0045 0049 0050 0051 0055 0059 0061 0066 0067 0068 0070 0072 0074 0075 0076 0083 0085 0086 0088 0089 0093 0095 0097 0100
цельнозернов	0086
цельнозерновый	0086
цельный	0039 0086
цельсий	0093
цена	0002 0003 0005 0008 0010 0011 0017 0032 0033 0034 0043 0046 0049 0061 0067 0072 0075 0076 0089 0099
ценить	0002 0005 0027 0033 0086
цениться	0039
ценность	0027 0051 0067 0075 0076 0083 0089 0090
ценный	0006 0007 0012 0015 0018 0047 0063 0075 0076 0082 0083 0089 0090
ценовый	0018
центавро	0022
центр	0002 0003 0006 0011 0012 0022 0027 0032 0033 0039 0047 0051 0053 0054 0071 0074 0075 0076 0086 0095
централизация	0051 0070 0091
централизованно	0047 0091
централизовать	0050 0051 0091
центральный	0002 0033 0050 0051 0079
цеплять	0037
цепляться	0015
цепочка	0005 0012 0016 0018 0036 0042 0050 0057 0059 0061 0076 0085
цепь	0036 0068 0076 0094
церазовый	0006
церемония	0061
цех	0013 0076
цикл	0001 0005 0013 0022 0035 0036 0037 0042 0044 0045 0049 0050 0051 0052 0054 0055 0057 0059 0060 0061 0064 0067 0069 0070 0071 0072 0079 0084 0089 0092 0093 0096
циклиться	0082
циклический	0051
цитата	0005 0021 0034 0088
цитировать	0096
циферка	0021
цифра	0001 0002 0003 0005 0006 0011 0013 0017 0021 0032 0033 0034 0050 0052 0057 0060 0071 0075
цифровизация	0026 0089
цифровой	0006 0015 0018 0019 0026 0027 0051 0054 0061 0062 0070 0074 0076 0083 0089 0094
цода	0047
цп	0051
цру	0076
цт	0011 0032
цыганенко	0088
чай	0023 0086
чайник	0071
чалавек	0054
чанк	0087
чарли	0085
час	0001 0002 0008 0009 0012 0013 0015 0021 0026 0027 0033 0039 0041 0046 0047 0048 0051 0053 0067 0078 0086 0090 0091 0099
часами	0001 0076
часовой	0036 0047 0050 0082 0086 0099
частица	0076
частично	0005 0011 0015 0027 0032 0051 0074 0089 0091
частичный	0005 0051 0076
частное	0051 0075 0079
частность	0027 0039 0050 0067 0076 0079 0092 0094 0095 0097
частный	0018 0026 0050 0051 0067 0074 0075 0076 0079 0085 0100
часто	0001 0002 0003 0005 0006 0008 0009 0012 0015 0018 0026 0033 0035 0036 0037 0040 0041 0042 0044 0045 0046 0049 0050 0051 0052 0054 0055 0059 0060 0061 0063 0067 0069 0070 0071 0074 0076 0083 0085 0086 0089 0090 0091 0092 0093 0095 0096 0097 0099 0100
частота	0002 0013 0033 0036 0049 0051
частотный	0009
частый	0002 0004 0005 0008 0015 0018 0020 0021 0027 0033 0035 0040 0042 0045 0046 0047 0048 0049 0051 0052 0059 0060 0061 0063 0067 0070 0071 0075 0076 0086 0092 0096
часть	0001 0003 0004 0005 0006 0008 0010 0013 0015 0016 0017 0020 0021 0022 0023 0025 0026 0027 0028 0031 0035 0036 0037 0038 0039 0040 0041 0042 0043 0044 0045 0046 0047 0049 0050 0051 0052 0053 0055 0059 0061 0065 0066 0067 0068 0070 0071 0074 0075 0076 0077 0078 0079 0080 0085 0086 0087 0088 0089 0092 0093 0094 0095
часы	0002 0015 0033 0034 0051 0076 0099
чат	0001 0010 0011 0013 0014 0015 0018 0019 0025 0032 0035 0036 0039 0051 0067 0070 0074 0076 0083 0086 0087 0089 0090 0099
чатбот	0083 0086
чатовый	0020
чашечка	0023
чашка	0023 0061
чеддер	0086
чей	0001 0050 0075 0086 0090 0092
чек	0002 0003 0006 0007 0013 0033 0062 0076
чеклист	0017
чекпоинт	0008
чекпоинта	0008
человек	0001 0003 0004 0006 0008 0010 0012 0013 0015 0018 0021 0023 0025 0026 0027 0034 0035 0036 0039 0042 0047 0048 0050 0051 0052 0053 0054 0055 0062 0067 0068 0071 0072 0075 0076 0082 0083 0085 0086 0087 0088 0089 0090 0091 0093 0095 0096 0098
человеко	0021
человекоориентировать	0068
человекоподобный	0090
человекочитать	0045 0069
человеческий	0006 0007 0009 0012 0015 0034 0035 0036 0068 0075 0076 0082 0083 0086 0089
человечество	0015 0076 0083 0086
человечный	0076
челюсть	0076
чемодан	0013
чемпион	0002 0033 0076
чепуха	0015
чердак	0076
чередование	0036
чередовать	0036 0082
черника	0086
черновик	0008 0015 0021
черновой	0042
черпать	0076
черри	0086
черта	0009 0045 0067 0076 0086 0095
чертовски	0021
чертёж	0008
чеснок	0086
честно	0013 0015 0053 0060 0067 0093
честной	0015 0048 0053 0067 0076 0086
честность	0015
честный	0001 0005 0015
честь	0022 0076
четверть	0022 0061 0067
четвёртый	0010 0030 0053 0084
четыре	0009 0010 0013 0015 0017 0039 0050 0051 0053 0062 0067 0081 0082 0083 0097
чжуннаньхай	0076
чинить	0027 0052
чиновник	0076
чип	0002 0006 0033 0092
численно	0036
численность	0004
численный	0036 0093 0095
числиться	0004
число	0006 0008 0011 0012 0015 0021 0022 0024 0025 0027 0032 0035 0036 0037 0040 0042 0044 0045 0046 0049 0050 0051 0052 0053 0054 0057 0060 0061 0063 0067 0070 0071 0074 0075 0076 0077 0081 0082 0083 0085 0086 0088 0089 0093 0095 0097 0098 0099
числовой	0013 0018 0021 0040 0050 0051 0052 0089 0097 0098
чистить	0034
чиститься	0086
чистка	0086
чисто	0018 0057 0065
чистота	0002 0005 0033
чистый	0001 0005 0006 0030 0036 0037 0040 0053 0070 0076 0083 0086 0087 0095 0096
читаемость	0029 0037 0052 0061
читаемый	0005 0050 0053 0054 0067 0084
читатель	0001 0002 0003 0004 0005 0006 0007 0008 0009 0010 0011 0012 0013 0014 0015 0016 0017 0018 0019 0020 0021 0022 0023 0024 0025 0026 0027 0028 0029 0030 0031 0032 0033 0034 0035 0036 0037 0038 0039 0040 0041 0042 0043 0044 0045 0046 0047 0048 0049 0050 0051 0052 0053 0054 0055 0056 0057 0058 0059 0060 0061 0062 0063 0064 0065 0066 0067 0068 0069 0070 0071 0072 0073 0074 0075 0076 0077 0078 0079 0080 0081 0082 0083 0084 0085 0086 0087 0088 0089 0090 0091 0092 0093 0094 0095 0096 0097 0098 0099 0100
читать	0001 0005 0006 0010 0015 0021 0026 0028 0031 0042 0044 0045 0050 0051 0052 0053 0055 0057 0064 0067 0071 0076 0083 0084 0088 0089 0090 0091 0095 0096 0099
читаться	0011 0032 0052 0063
член	0003 0010 0042 0050 0051 0054 0062 0075 0076
членство	0048
чпу	0013
чреватый	0050
чрезвычайно	0015 0045 0051 0055 0083 0086
чрезвычайный	0051 0076
чрезмерно	0086 0089
чрезмерный	0023 0094
чтение	0002 0005 0015 0018 0021 0033 0040 0046 0048 0050 0051 0052 0054 0055 0063 0067 0070 0076 0080 0085 0086 0088 0090 0099
что	0006 0009 0015 0017 0027 0035 0037 0039 0045 0047 0050 0062 0067 0083 0086 0092 0095 0096
чтожий	0056
чувак	0013
чувствительность	0013 0023
чувствительный	0005 0016 0048 0050 0068 0084 0089 0091
чувство	0015 0023 0030 0076 0086 0088 0090
чувствовать	0001 0015 0027 0039 0055 0061 0076 0086
чувствоваться	0006
чудесный	0027 0068
чудо	0066 0094
чуждый	0076
чужое	0009 0034 0054 0067
чужой	0010 0035 0039 0054 0059 0067
чума	0076
чёлка	0086
чёрный	0003 0013 0018 0066 0075 0076 0086 0094 0095
чёткий	0005 0027 0042 0047 0051 0066 0075 0083 0085
чётко	0003 0005 0023 0026 0034 0047 0072
шаблон	0007 0008 0013 0016 0025 0029 0030 0037 0042 0043 0045 0048 0050 0051 0056 0057 0061 0062 0067 0069 0074 0076 0079 0082 0086 0088 0090 0095
шаблонификация	0057
шаблонный	0050 0067
шаг	0001 0005 0007 0010 0015 0016 0017 0027 0035 0036 0037 0040 0041 0042 0043 0045 0048 0050 0051 0052 0053 0055 0057 0059 0061 0062 0063 0065 0067 0068 0070 0071 0076 0077 0084 0085 0088 0089 0091 0092 0093 0095 0097 0099 0100
шадаев	0014
шадрина	0003
шалфей	0086
шаман	0039
шанс	0027 0075 0076 0083
шантажировать	0015 0076
шапиро	0089
шапка	0030
шар	0022 0036 0076
шаринг	0061 0091
шарить	0013
шаркать	0076
шаттл	0050
шашка	0075
шведский	0076
швейцарский	0069 0091
шедевр	0021
шелл	0016
шептать	0039 0076
шептаться	0076
шестизначный	0012
шестимесячный	0053 0055 0061
шестнадцатеричный	0050 0051 0097
шесть	0013 0015 0018 0051 0053 0057 0061
шеф	0008
шея	0027 0076
шина	0051 0092 0096
шипеть	0013
шипилевый	0044
ширина	0008
широкий	0005 0015 0036 0041 0042 0044 0047 0050 0051 0059 0067 0068 0070 0072 0075 0076 0083 0088 0089 0090
широко	0006 0034 0035 0050 0051 0068 0070 0076 0086
широковещательный	0051
шифрование	0008 0013 0042 0050 0051 0092
шифровать	0051 0080 0091
шифроваться	0013
шишка	0067
шкала	0003 0009 0061 0076
шкаф	0026 0049
школа	0013 0015 0071 0076 0086
школьник	0011 0032 0036 0039
школьный	0067
шлагбаум	0027
шланг	0076
шлифовка	0061
шлюз	0051
шмиг	0093
шнурок	0096
шок	0071
шокировать	0076 0083
шоколад	0086
шон	0089
шорин	0087
шорты	0027 0086
шоу	0034
шпаклёвка	0042
шпала	0039
шпаргалка	0008 0051 0052 0069 0099
шпинат	0086
шпионский	0076
шрапнель	0076
шрифт	0030
штат	0001 0003 0053 0076
штатный	0039
шторка	0002 0033
штраф	0003 0010 0057
штрафной	0057
штрафовать	0027
штука	0011 0013 0018 0021 0032 0086 0091 0095
штурвал	0035
штурм	0039
шуклин	0096
шум	0013 0015 0020 0076 0082
шумер	0001
шумный	0001 0076
шумоподавление	0002 0033
шутить	0076
шутка	0019 0071 0083
шэньчжэн	0013
шэньчжэнь	0013
шёнбергер	0086
щедрый	0020
щекотливый	0091
щель	0076
щи	0027
щит	0022
що	0054
щёлк	0039
щёлкнуть	0015
ые	0071 0093
ылочный	0044
эвакуация	0059
эволюционировать	0061 0089
эволюционно	0076
эволюция	0005 0013 0022 0034 0043 0061 0072 0082 0089 0094
эврика	0057 0093
эвристика	0005 0021
эвристический	0021
эгида	0061 0074
эдвард	0030
эй	0076
эйджизм	0027
эйнштейн	0082
эйфория	0018
эк	0054
эквивалент	0010 0076 0080
эквивалентный	0076 0082
экзамен	0015 0053 0082 0088
экземпляр	0036 0038 0040 0043 0046 0050 0051 0053 0055 0059 0060 0065 0069 0079 0082 0098
экзистенциальный	0076
экзопланета	0022
экзотический	0022 0045 0062
экипаж	0076
эккаунт	0026
эккерта	0088
экологически	0051
экологичный	0051
экономика	0003 0010 0015 0034 0036 0072 0075 0076 0082
экономить	0003 0008 0010 0048 0050 0060 0079 0086 0087 0099
экономически	0034
экономический	0012 0034 0042 0074 0087
экономичный	0047 0100
экономия	0003 0004 0005 0008 0018 0046 0047 0050 0052 0057 0061 0086 0087
экономный	0051
экосистема	0005 0006 0020 0046 0047 0051 0052 0061 0070 0074 0076 0079 0095
экран	0002 0013 0015 0028 0030 0031 0033 0036 0050 0051 0074 0076 0092 0095
экранироваться	0016 0050
эксель	0027
экселька	0027
эксепт	0052
эксепшный	0045
экскаватор	0076
эксклюзивный	0012 0018 0024
экскремент	0086
эксперимент	0001 0009 0011 0015 0032 0036 0038 0046 0059 0060 0061 0062 0066 0076 0082 0086 0093 0095 0096 0100
экспериментально	0020
экспериментальный	0009 0061 0091 0097
экспериментировать	0015 0041 0045 0059 0069 0070 0086 0097
эксперт	0001 0007 0009 0015 0036 0042 0047 0051 0061 0070 0076 0086 0088 0089 0093
экспертиза	0001 0013 0015 0019 0087
экспертность	0027
экспертный	0088
эксплойт	0016 0017
эксплойтам	0017
эксплойтов	0017
эксплорер	0017
эксплуатация	0016 0017 0034 0035 0039 0041 0042 0045 0047 0062 0089 0100
экспозиция	0026
экспонент	0036 0071
экспоненциально	0015
экспоненциальный	0034 0076 0083
экспорт	0002 0016 0030 0033 0051 0096
экспортировать	0041 0051
экспортный	0076
экспортёр	0006 0051
экспресс	0011 0032 0053 0069
экстраполирование	0089
экстраполировать	0001
экстраполяция	0001
экстремально	0070
экстремальный	0017 0051 0087
экстренный	0005
эластичность	0051
элегантно	0048 0062 0091 0094
элегантность	0070
элегантный	0094
электрический	0051
электричество	0034 0042 0047 0087 0089
электронный	0010 0011 0012 0015 0026 0032 0051 0068 0074 0075 0076 0086 0090
электропитание	0051
электропроводка	0042
электростанция	0006 0076
электроэнергетика	0034
электроэнергетический	0034
электроэнергия	0003 0051
элемент	0003 0022 0025 0030 0035 0038 0044 0049 0050 0051 0052 0057 0058 0060 0062 0063 0064 0067 0074 0075 0085 0089 0098
элементарно	0003
элементарный	0015 0036 0076
эллиот	0034
эмбеддинг	0036 0087
эмиграция	0010 0053
эмиль	0085
эмисия	0034
эмитент	0018 0034
эмодзь	0036
эмоционально	0018 0083
эмоциональный	0006 0013 0015 0075 0083
эмоция	0013 0068 0083
эмпатия	0015 0027
эмпирический	0015
эмулятор	0066 0094
эмуляция	0002 0033 0051 0068
энергетик	0036
энергетический	0006
энергия	0002 0033 0051 0076 0086 0092
энергопотребление	0013 0092
энергосбережение	0002 0033
энергоэффективность	0002 0033 0051
энергоэффективный	0051 0094
энный	0045
энтерпрайза	0045
энтерпрайс	0035
энтропийный	0036
энтропия	0018
энтузиазм	0015 0053
энтузиаст	0061 0070 0076 0086
энумерация	0100
эпизод	0084
эпик	0062
эпичный	0095
эпоха	0006 0008 0015 0034 0051 0054 0061 0082 0085 0089 0093 0094
эппл	0096
эпштейн	0054
эра	0037 0061 0094
эргономика	0025
эротика	0076
эскалация	0100
эскиз	0002 0033
эссе	0015
эстетика	0002 0033
эстетичный	0013
этаж	0013 0075
эталон	0002 0033
эталонный	0057 0061 0076 0093
этап	0005 0010 0011 0012 0013 0015 0016 0017 0018 0022 0027 0032 0034 0035 0036 0040 0042 0043 0050 0056 0059 0062 0063 0067 0069 0072 0073 0075 0076 0079 0089 0091 0092 0093 0099 0100
этический	0068 0076 0083
этично	0076
этичный	0049 0052 0060 0076
это	0001 0002 0003 0004 0005 0006 0007 0009 0010 0011 0012 0013 0015 0016 0017 0018 0019 0020 0021 0022 0023 0025 0026 0027 0028 0030 0031 0032 0033 0034 0035 0036 0037 0038 0039 0040 0041 0042 0043 0044 0045 0046 0047 0048 0049 0050 0051 0052 0053 0054 0055 0056 0057 0058 0059 0060 0061 0062 0063 0064 0065 0066 0067 0068 0069 0070 0071 0072 0073 0074 0075 0076 0077 0078 0079 0081 0082 0083 0084 0085 0086 0088 0089 0090 0091 0092 0093 0094 0095 0096 0097 0098 0099 0100
этот	0001 0003 0005 0006 0010 0011 0012 0013 0015 0016 0017 0021 0022 0023 0025 0027 0032 0035 0036 0037 0038 0039 0040 0041 0042 0043 0044 0045 0047 0049 0050 0051 0052 0053 0054 0055 0059 0060 0061 0063 0065 0067 0068 0069 0071 0072 0074 0075 0076 0077 0079 0081 0082 0083 0084 0085 0086 0088 0089 0090 0091 0093 0094 0095 0096 0097 0098 0099
эттьсяура	0054
эффект	0005 0009 0013 0015 0023 0028 0031 0048 0049 0050 0071 0076 0082 0086 0088
эффективно	0006 0010 0015 0037 0041 0047 0050 0051 0057 0058 0076 0083 0089 0092 0094 0095
эффективность	0018 0036 0037 0042 0046 0047 0050 0051 0061 0068 0075 0076 0086 0090 0094 0095
эффективный	0002 0004 0005 0017 0018 0022 0025 0029 0033 0035 0036 0037 0038 0040 0041 0042 0046 0047 0049 0050 0051 0068 0069 0074 0075 0076 0082 0083 0084 0087 0089 0093 0098
эффектный	0013
эшелонировать	0012
юбилейный	0088
южный	0076
юзаесть	0066
юзер	0084 0095
юла	0004
юмор	0027 0054 0079
юникод	0051
юнит	0003 0009 0035 0047 0051
юный	0095
юпитер	0022
юр	0004
юридически	0026 0076 0089
юридический	0003 0004 0010 0015 0026 0074 0075 0076
юрий	0008
юриспруденция	0015
юрист	0002 0003 0004 0010 0015 0033
я	0010 0015 0053 0071 0080 0086 0090 0093
яблоко	0050 0052 0086
яблочный	0076
ява	0053
яваться	0081
явление	0018 0021 0035 0036 0049 0075 0082 0094
являться	0004 0005 0012 0015 0016 0017 0018 0022 0023 0025 0026 0030 0034 0036 0038 0040 0041 0042 0043 0044 0045 0046 0047 0049 0050 0051 0052 0054 0055 0058 0060 0061 0067 0068 0069 0070 0071 0074 0075 0076 0077 0078 0079 0081 0082 0083 0084 0085 0086 0088 0089 0093 0095 0096 0097 0098
явно	0036 0045 0050 0051 0052 0057 0061 0066 0082 0084 0092 0093 0097
явный	0018 0025 0035 0036 0050 0051 0052 0055 0057 0061 0068 0069 0084 0098 0099
ягода	0082 0086
ядерный	0002 0022 0033 0076
ядро	0002 0007 0008 0016 0022 0029 0033 0035 0036 0037 0041 0045 0047 0051 0056 0059 0063 0065 0066 0070 0074 0076 0079 0080 0081 0087 0088 0092
язык	0001 0002 0003 0004 0005 0006 0007 0008 0009 0010 0011 0012 0013 0014 0015 0016 0017 0018 0019 0020 0021 0022 0023 0024 0025 0026 0027 0028 0029 0030 0031 0032 0033 0034 0035 0036 0037 0038 0039 0040 0041 0042 0043 0044 0045 0046 0047 0048 0049 0050 0051 0052 0053 0054 0055 0056 0057 0058 0059 0060 0061 0062 0063 0064 0065 0066 0067 0068 0069 0070 0071 0072 0073 0074 0075 0076 0077 0078 0079 0080 0081 0082 0083 0084 0085 0086 0087 0088 0089 0090 0091 0092 0093 0094 0095 0096 0097 0098 0099 0100
языковой	0008 0018 0036 0050 0051 0055 0061 0072 0074 0086 0087 0094
яйцо	0086
яким	0046
якобы	0018
якорный	0030
якорь	0030
якушковый	0069
ям	0007
янв	0020 0052 0066 0073 0083 0088 0090 0091 0098
январь	0004 0006 0010 0021 0076
яндекс	0001 0002 0003 0004 0005 0006 0007 0008 0009 0010 0011 0012 0013 0014 0015 0016 0017 0018 0019 0020 0021 0022 0023 0024 0025 0026 0027 0028 0029 0030 0031 0032 0033 0034 0035 0036 0037 0038 0039 0040 0041 0042 0043 0044 0045 0046 0047 0048 0049 0050 0051 0052 0053 0054 0055 0056 0057 0058 0059 0060 0061 0062 0063 0064 0065 0066 0067 0068 0069 0070 0071 0072 0073 0074 0075 0076 0077 0078 0079 0080 0081 0082 0083 0084 0085 0086 0087 0088 0089 0090 0091 0092 0093 0094 0095 0096 0097 0098 0099 0100
яркий	0002 0006 0011 0022 0032 0033 0086
яркость	0002 0033
ярлык	0060
ясно	0010 0095 0100
ясный	0036 0044 0076
ячейка	0044 0049 0050 0060
ященко	0004
ящик	0010 0012 0066 0076 0079 0094
ёмкий	0069
ёмкость	0002 0033 0050 0051
ёпт	0027
